Season,Name,Team,W,L,SV,G,GS,IP,K/9,BB/9,HR/9,BABIP,LOB%,GB%,HR/FB,vFA (pi),ERA,xERA,FIP,xFIP,WAR,Stuff+,Pitching+,botERA,botOvr,botStf,botxRV100,xFIP,SIERA,NameASCII,PlayerId,MLBAMID
2024,"Andrew Saalfrank","ARI",0,0,0,2,0,1,0,36.00003862385125,0,0.5,0.33333333,0.25,0,,36.00003862385125,23.431878850757155,15.166492652906879,16.678502681339516,-0.11240984499454498,75.21692307692307,11.568461538461538,10.37028,20,34.762491538461546,4.195456923076923,16.678502681339516,16.676729084014895,"Andrew Saalfrank",26203,685314
2024,"Mike Yastrzemski","SFG",0,0,0,1,0,1,0,27,0,0.4,0.6,0.6,0,67.29019927978516,18,13.841568761811974,12.166479778289794,13.67848818451166,-0.04535127803683281,59.77448275862069,-3.2813793103448226,14.43323,20,20,6.90409,13.67848818451166,12.375791584014891,"Mike Yastrzemski",14854,573262
2024,"Aaron Hicks","LAA",0,0,0,1,0,1,0,9,9,0.25,0.625,0,0.25,66.51602511935764,18,22.015306879166765,19.166479778289794,12.21451340317726,-0.07404247671365738,49.900000000000006,37.14,11.6538,20,20,5.05114,12.21451340317726,11.391617958142671,"Aaron Hicks",5297,543305
2024,"Josh Rojas","SEA",0,0,0,2,0,2,0,9,4.5,0,0.625,0.166666666,0.25,76.57815372242646,9,10.410843992015591,12.666479778289794,9.190496590733527,-0.08664017170667648,63.24148148148148,71.95925925925927,7.05347037037037,20.0795937037037,20,1.9842522222222225,9.190496590733527,10.903666584014893,"Josh Rojas",19734,668942
2024,"Garrett Hampson","KCR",0,0,0,1,0,1,0,0,0,0,1,0,0,56.04959341195914,0,2.889143637916375,6.166479778289795,10.702504996955394,-0.00025973969604820013,19.990769230769235,63.95384615384615,12.79064,20,20,5.809030000000001,10.702504996955394,10.525729084014893,"Garrett Hampson",19262,641658
2024,"Kody Clemens","PHI",0,0,0,1,0,1,0,9,9,0.25,1,0,0.333333333,54.29054260253906,9,17.068616395304726,19.166479778289794,10.702504996955394,-0.07447239756584167,31.939999999999998,41.7,,,,,10.702504996955394,10.178229074148891,"Kody Clemens",20572,665019
2024,"Tejay Antone","CIN",0,0,0,4,0,2,9,18,0,0.4,0.66666667,0.4,0,94.16669778262867,4.5,6.112906238826664,7.166479778289795,8.67848818451166,-0.05086096376180649,90.58723404255318,34.51872340425532,8.127348260869564,20,45.72515043478261,2.7001721739130433,8.67848818451166,9.735258004078513,"Tejay Antone",16233,622088
2024,"Isiah Kiner-Falefa","TOR",0,0,0,2,0,2,0,9,0,0.14285714285714285,0.66666667,0.285714285,0,67.8612060546875,4.5,6.336640824558334,6.166479778289795,9.190496590733527,-0.022226916626095772,0.42777777777776926,1.4499999999999902,10.984551666666666,20,20,4.604974444444444,9.190496590733527,9.733642659296423,"Isiah Kiner-Falefa",16512,643396
2024,"Jake Bauers","MIL",0,0,0,4,0,4,2.25,9,0,0.3333333333333333,0.77777778,0.133333333,0,65.22767857142857,4.5,8.321317326726373,5.666479778289795,9.824502895399927,-0.00010427524102851748,62.893333333333324,60.89333333333333,11.429200533333333,20,20,4.901405333333334,9.824502895399927,9.487086584014893,"Jake Bauers",15194,641343
2024,"Pablo Reyes","BOS",0,0,0,1,0,1,0,9,0,0.25,1,0.25,0,71.81034851074219,0,7.473784971490801,6.166479778289795,9.190496590733527,-0.011265356093645096,36.09,24.550000000000004,8.1906,20,20,2.74234,9.190496590733527,9.249769084014893,"Pablo Reyes",16357,622569
2024,"Pavin Smith","ARI",0,0,0,1,0,1,0,9,0,0,1,0.333333333,0,73.73787195542279,0,9.141268304402164,9.166479778289794,12.190496590733527,-0.028900522738695145,69.70588235294117,27.952941176470585,10.56156,20,20,4.32298,12.190496590733527,9.249769084014893,"Pavin Smith",19892,656976
2024,"Seth Johnson","PHI",0,1,0,1,1,2.1,0,11.571430147910819,3.8571433826369397,0.5,0.20833333,0.266666666,0.125,95.32708740234375,34.71429044373246,13.558783544915514,12.595052491402313,12.207652688526824,-0.14618271589279175,104.6961403508772,80.9140350877193,4.81299,44.12186,51.98777,0.4906,12.207652688526824,9.093621695071285,"Seth Johnson",26020,686751
2024,"Connor Brogdon","- - -",0,1,0,4,0,3,9.000003218651969,18.000006437303938,12.000004291535959,0.16666666666666666,0.37037037,0.3,0.666666666,93.28406052362351,24.000008583071917,24.867794675657567,24.499820741020386,10.190499102718588,-0.5686419904232025,102.3818556701031,72.91113402061856,5.688945773195876,34.72209164948453,57.52407567010309,1.0745692783505154,10.190499102718588,8.99275400989718,"Connor Brogdon",21205,641401
2024,"Zach McKinstry","DET",0,0,0,3,0,2,0,4.500002413989408,4.500002413989408,0,0,0.285714285,0.2,52.46390279134115,9.000004827978817,5.689590061212652,11.16648406982652,8.446503626269974,-0.07989125698804855,19.08416666666666,9.194166666666673,10.563945000000002,20,20,4.324566666666667,8.446503626269974,8.851135334014891,"Zach McKinstry",19392,656716
2024,"David Bote","CHC",0,0,0,1,0,1,0,9,0,0.25,1,0.5,0,66.9098388671875,0,8.721546762772785,6.166479778289795,9.190496590733527,-0.012053413316607475,42.064,79.03066666666665,10.06911,20,20,3.99468,9.190496590733527,8.775209084014893,"David Bote",14593,623520
2024,"Brandon Crawford","STL",0,0,0,1,0,1.1,0,13.500003218651585,0,0.42857142857142855,0.33333333,0.428571428,0,87.29977416992188,27.00000643730317,9.151604832607724,9.916481387615587,12.18449453768486,-0.031282976269721985,70.66742857142857,14.70742857142857,10.77116,20,25.58483,4.46271,12.18449453768486,8.587129084014892,"Brandon Crawford",5343,543063
2024,"Dominic Smith","BOS",0,0,0,3,0,3,0,3,0,0.2,1,0.2,0,48.58243630149148,0,1.5636578533720584,4.166479778289796,7.190496590733529,-0.00024688459234312177,60.332258064516125,47.032258064516135,12.007471612903226,20,20,5.286920322580645,7.190496590733529,8.365704276613865,"Dominic Smith",15653,642086
2024,"Hurston Waldrep","ATL",0,1,0,2,2,7,3.8571433826369397,10.28571568703184,3.8571433826369397,0.2857142857142857,0.36231884,0.458333333,0.3,95.82122457252359,16.71428799142674,6.042384249608315,11.737909517482995,8.326492490174118,-0.41599172353744507,101.00255639097745,71.1751879699248,5.421707969924812,37.58987308270677,55.37756766917293,0.8964086466165414,8.326492490174118,8.239478363834507,"Hurston Waldrep",33527,694462
2024,"Austin Hedges","CLE",0,0,0,1,0,2,0,4.5,0,0,1,0.4,0,64.86635131835938,0,22.264633405716086,4.666479778289795,6.178488184511662,-0.0077062672935426235,53.327999999999996,76.18199999999999,4.13225,51.42683999999999,20,0.03677,6.178488184511662,8.178062405966893,"Austin Hedges",12976,595978
2024,"Vidal Bruján","MIA",0,0,0,2,0,1.2,5.400002059937309,16.20000617981193,10.800004119874618,0.5555555555555556,0.36585366,0.181818181,0.333333333,74.35539899553571,43.20001647949847,30.332181587140354,24.76648801803903,14.6097144059361,-0.1540079265832901,40.384363636363645,33.28909090909091,9.097190545454545,20,20,3.3467303636363637,14.6097144059361,8.151611896514893,"Vidal Brujan",20536,660644
2024,"Eric Orze","NYM",0,1,0,2,0,1.2,5.400002059937309,10.800004119874618,5.400002059937309,0.3333333333333333,0.43478261,0.142857142,0.2,94.03003607855902,21.600008239749236,5.760874745546759,15.166484355928262,11.90250832948582,-0.13929690420627594,90.69047619047619,89.75857142857143,5.005893809523809,42.05185642857143,58.62407761904762,0.6192011904761905,11.90250832948582,8.055919165769266,"Eric Orze",27626,679358
2024,"Leo Rivas","SEA",0,0,0,2,0,2,0,0,0,0.2222222222222222,0.5,0.222222222,0,46.37631530761719,0,6.485025946668349,3.166479778289795,7.702504996955395,0.02142481878399849,57.33200000000001,63.193999999999996,13.9690875,20,20,6.594665000000001,7.702504996955395,8.02791426623504,"Leo Rivas",21009,660844
2024,"Andrew Knizner","TEX",0,0,0,2,0,3,0,6.000001907349239,0,0.1111111111111111,1,0.444444444,0,48.102559407552086,0,4.621920431885305,5.166480414072875,6.174486338657239,-0.016690529882907867,69.70055555555557,48.70722222222222,13.02341,20,20,5.96421,6.174486338657239,8.012348906122511,"Andrew Knizner",19514,668800
2024,"James Meeker","MIL",0,0,0,1,0,1,0,9,0,0.3333333333333333,1,0.666666666,0,92.19002532958984,0,9.486843833726228,6.166479778289795,6.166479778289795,-0.011361501179635525,87.57499999999999,56.01749999999999,7.21719,20,38.34161,2.0934,6.166479778289795,7.965479084014892,"James Meeker",29891,703231
2024,"Jose Trevino","NYY",0,0,0,2,0,2,0,9,0,0.45454545454545453,0.57142857,0.454545454,0,57.280802408854164,13.5,21.47483263523366,6.166479778289795,9.190496590733527,-0.02241499163210392,60.0293023255814,73.64651162790697,8.26205,20,20,2.78997,9.190496590733527,7.81126161637481,"Jose Trevino",16725,624431
2024,"James McCann","BAL",0,0,0,1,0,1,0,0,9,0.25,0,0.2,0.333333333,45.28511962890625,18,3.7300858405601756,16.166479778289794,7.702504996955395,-0.06273916363716125,38.071999999999996,39.080000000000005,9.17195,20,20,3.3965699999999996,7.702504996955395,7.741129084014893,"James McCann",12859,543510
2024,"Donovan Walton","SFG",0,0,0,1,0,1,0,0,0,0.4,1,0.2,0,,0,1.6143297178990774,3.166479778289795,7.702504996955395,0.01643300987780094,34.3,67.22,7.11873,20,20,2.02776,7.702504996955395,7.741129084014893,"Donovan Walton",19314,622268
2024,"Michael Stefanic","LAA",0,0,0,1,0,1,0,0,0,0.25,1,0,0,64.34112112862724,0,11.64005144336943,6.166479778289795,9.190496590733527,0.00017461889365222305,3.6346666666666665,0.3026666666666718,9.50795,20,20,3.62057,9.190496590733527,7.741129084014893,"Michael Stefanic",25353,683021
2024,"David Hensley","MIA",0,0,0,1,0,2,0,4.5,0,0.25,0.5,0.25,0,75.97857421875,9,5.748476656873399,6.166479778289795,9.190496590733527,-0.02232314459979534,62.46307692307692,45.47153846153846,9.03233,20,20,3.3034899999999996,9.190496590733527,7.717729084014892,"David Hensley",25111,682073
2024,"Zach Plesac","LAA",1,1,0,3,3,12,3.7500002980232474,5.250000417232546,3.000000238418598,0.21052631578947367,0.59701493,0.195121951,0.153846153,90.40425441576087,8.250000655651144,8.084902110397175,8.416480195522341,7.3591649916418564,-0.28325653076171875,81.4861835748792,65.56521739130434,6.297290526315789,28.194056555023923,30.643942679425837,1.4801313875598088,7.3591649916418564,7.497679730101096,"Zach Plesac",19979,668676
2024,"David Buchanan","CIN",0,0,0,1,0,3.1,2.70000025749209,5.40000051498418,0,0.18181818181818182,0.75,0.272727272,0,,2.70000025749209,3.667157368960658,4.366479892730725,7.541697848609026,0.03733590990304947,92.40137931034482,74.33793103448276,5.48448,36.91626000000001,35.20036,0.93826,7.541697848609026,7.450412749289292,"David Buchanan",11176,571527
2024,"Owen Miller","MIL",0,0,0,1,0,2,0,4.5,4.5,0.4,0.43478261,0.272727272,0.2,59.530035895270274,18,6.348791359575705,11.166479778289794,8.44650079384446,-0.07119089365005493,51.68,43.26,9.43797,20,20,3.5739199999999998,8.44650079384446,7.387423522052448,"Owen Miller",24655,680911
2024,"Ryan Loutos","STL",0,0,0,3,0,2.1,0,3.8571433826369397,0,0.2222222222222222,1,0.444444444,0,94.27110531455592,0,1.4107263663456162,4.452194239168775,7.69221269391883,-0.006127265747636557,72.19407407407408,93.40111111111112,4.160057142857143,51.12839714285714,32.96416285714285,0.055309999999999956,7.69221269391883,7.385789084014892,"Ryan Loutos",29521,702795
2024,"Miguel Díaz","HOU",0,0,0,1,0,1,0,0,0,0,1,0.333333333,0,90.99163818359375,0,9.661773303177602,3.166479778289795,6.190496590733528,0.005475732963532209,93.97999999999999,105.58399999999999,2.61218,67.73833,51.49846,-0.97661,6.190496590733528,7.347395748822226,"Miguel Diaz",18815,622766
2024,"Adam Kloffenstein","STL",0,0,0,1,0,1,0,0,0,0,1,0.333333333,0,,0,1.6385417116438048,3.166479778289795,6.190496590733528,0.016197938472032547,116.27333333333334,100.84266666666666,6.28149,28.36365,21.99205,1.4696,6.190496590733528,7.347395748822226,"Adam Kloffenstein",24493,680572
2024,"Grae Kessinger","HOU",0,0,0,1,0,1,0,0,0,0,1,0.333333333,0,74.62267511541194,0,5.667027939518544,3.166479778289795,6.190496590733528,0.00495389336720109,66.18,98.87999999999998,7.47824,20,20,2.26743,6.190496590733528,7.347395748822226,"Grae Kessinger",25813,666197
2024,"Garrett Stubbs","PHI",0,0,0,4,0,4,0,4.5,4.5,0.26666666666666666,0.19230769,0.411764705,0.25,59.33323692908654,15.75,5.601043308145368,11.166479778289794,7.690496590733528,-0.14730145037174225,29.700307692307696,25.98984615384615,13.122212461538462,20,20,6.030079230769231,7.690496590733528,7.334457601372516,"Garrett Stubbs",18067,596117
2024,"Rowdy Tellez","PIT",0,0,0,3,0,2.2,0,3.3750008046628963,0,0.4166666666666667,0.75,0.166666666,0,54.41807972301137,6.750001609325793,10.74738266607677,6.541480582952691,9.376497020539283,-0.03600884974002838,72.6690909090909,54.08272727272728,8.295305,20,20,2.81214,9.376497020539283,7.319369076609292,"Rowdy Tellez",15679,642133
2024,"Cristian Mena","ARI",0,0,0,1,1,3,6,9,6,0.25,0.71428571,0.4,0.4,95.435791015625,12,10.39288538493039,13.49981311162313,7.35316045532624,-0.23767128586769104,101.10914285714287,89.43971428571429,5.20455,39.92007,60.53127,0.75164,7.35316045532624,7.196742421186559,"Cristian Mena",27974,691441
2024,"Nick Nastrini","CHW",0,7,0,9,8,35.2,6.560747955926019,9.084112554359104,1.766355218903159,0.2403846153846154,0.60810811,0.315315315,0.116666666,93.87392042921829,7.065420875612636,6.3211017777696314,7.372087442344936,7.3642511160138096,-0.5261313346563838,90.17719400210034,71.57680953911544,5.953128573369566,31.887260421195652,42.047651548913045,1.2506897282608695,7.3642511160138096,7.182650357570814,"Nick Nastrini",29833,680897
2024,"Jairo Iriarte","CHW",0,1,0,6,0,6,9.000001430511702,12.000001907348937,0,0.1875,0.72727273,0.5,0,94.09365699404762,1.500000238418617,4.338568606470824,5.166480096181284,6.930490183821981,-0.041655197739601135,88.17284671532848,67.9851094890511,6.717267299270073,23.68742394160584,48.355007372262776,1.760115620437956,6.930490183821981,7.177677958717536,"Jairo Iriarte",26907,683568
2024,"Austin Pruitt","TEX",0,0,0,4,0,4.1,2.076923686371931,6.230771059115794,6.230771059115794,0.29411764705882354,0.73529412,0.25,0.375,91.88704612038352,12.461542118231588,26.58597765051832,13.781867508635223,7.573265821357446,-0.35561078786849976,87.80759493670888,106.97822784810127,4.383081538461539,48.735082435897425,34.80573307692308,0.20399358974358978,7.573265821357446,7.125123191840254,"Austin Pruitt",15290,643493
2024,"Luis Guillorme","- - -",0,0,0,3,0,3,0,6,3,0.25,0.43478261,0.538461538,0.25,60.278601358103195,12,5.698469045142939,9.499813111623128,7.182490986585618,-0.08307405840605497,12.70279069767442,27.391162790697685,10.01803069767442,20,20,3.9606251162790693,7.182490986585618,7.101902411916092,"Luis Guillorme",16451,641645
2024,"Tyler Fitzgerald","SFG",0,0,0,3,0,3,0,0,0,0.42857142857142855,0.5,0.214285714,0,59.225490993923614,9,4.2659045307017625,3.1664797782897955,6.694499392807485,0.014177510514855385,52.76222222222222,57.01555555555555,7.064569166666666,20,20,1.9916494444444441,6.694499392807485,7.092933161997954,"Tyler Fitzgerald",26208,666149
2024,"Enrique Hernández","LAD",0,0,0,4,0,4.1,0,0,0,0.2777777777777778,0.6,0.111111111,0,51.883626302083336,4.153846458570514,7.512246952640072,3.166479778289795,5.60895507521173,0.038158778101205826,49.42088888888889,42.87066666666666,12.95304611111111,20,20,5.917301666666666,5.60895507521173,7.052692043064596,"Enrique Hernandez",10472,571771
2024,"Ky Bush","CHW",0,3,0,4,4,17.2,5.6037737865726465,8.150943689560213,1.0188679611950267,0.3157894736842105,0.76023392,0.368421052,0.076923076,91.81214913922156,5.6037737865726465,5.610451153829777,6.279687437496821,7.033209269997471,-0.13402009010314941,87.32801223241592,76.73064220183487,5.727282987804878,34.31076600609756,46.1494030792683,1.1001278048780487,7.033209269997471,6.990353829099568,"Ky Bush",29823,681066
2024,"Mike Burrows","PIT",1,0,0,1,0,3.1,5.40000051498418,8.10000077247627,2.70000025749209,0.125,0.83333333,0.444444444,0.25,94.4285987647804,2.70000025749209,6.491070993141765,8.566480293273976,6.4808901818428435,-0.1380537897348404,97.32029411764707,80.40382352941175,5.49452,36.80849,44.21581,0.9449499999999998,6.4808901818428435,6.894565825110728,"Mike Burrows",24728,681347
2024,"Germán Márquez","COL",0,0,0,1,1,4,6.75,9,2.25,0.3333333333333333,0.78947368,0.461538461,0.2,96.33279854910714,6.75,6.337337537011909,7.916479778289795,6.556490286067128,-0.07464832067489624,89.7462857142857,94.55028571428572,5.09157,41.13249,48.62935,0.67632,6.556490286067128,6.856136584014894,"German Marquez",15038,608566
2024,"Luke Maile","CIN",0,0,0,3,0,3.2,0,0,2.454545880152248,0.29411764705882354,0,0.333333333,0.1,64.4267999057112,14.727275280913489,7.062116575329234,6.7119349385097085,7.290139783009184,-0.03529971092939377,30.102153846153843,17.748923076923074,9.316209692307693,20,20,3.4927438461538465,7.290139783009184,6.78835871264793,"Luke Maile",13355,571912
2024,"Paolo Espino","TOR",0,1,0,3,1,8.2,3.1153848439278855,5.192308073213143,3.1153848439278855,0.34375,0.75949367,0.314285714,0.1875,88.21464186448317,8.307692917141027,9.805493788065188,9.051095594598024,7.342495603819321,-0.2669845372438431,90.6426582278481,89.46860759493671,4.6079405696202524,46.32219481012659,44.49253721518987,0.35389879746835445,7.342495603819321,6.692410708466326,"Paolo Espino",8246,502179
2024,"Emmanuel Rivera","MIA",0,0,0,4,0,4,0,0,2.25,0.3333333333333333,0.60606061,0.263157894,0.111111111,67.24392700195312,9,6.506350302864873,7.166479778289795,7.318498692288995,-0.04564196616411209,49.644642857142856,55.94000000000001,8.014657777777778,20,20,2.6250426666666664,7.318498692288995,6.691129084014892,"Emmanuel Rivera",19890,656896
2024,"Luke Williams","ATL",0,0,0,3,0,4,0,2.25,0,0.29411764705882354,0.71428571,0.294117647,0,59.373046875,4.5,6.8770797058254685,4.666479778289795,6.934492387622595,-0.0029496662318706512,23.662711864406774,33.05423728813559,9.741085925925926,20,20,3.7759959259259257,6.934492387622595,6.681875885491934,"Luke Williams",19931,663897
2024,"Gerardo Reyes","OAK",0,0,0,3,0,4,4.5,6.75,0,0.3076923076923077,0.57142857,0.307692307,0,95.0901590983073,4.5,5.620534833544536,4.416479778289795,6.684492387622595,0.004058259539306164,108.61176470588235,85.66188235294116,6.038066835443038,30.97582810126583,46.72576101265823,1.3073145569620253,6.684492387622595,6.660259938874583,"Gerardo Reyes",16306,622103
2024,"Matt Foster","CHW",0,1,0,6,1,6.2,5.40000051498418,6.750000643730225,1.350000128746045,0.2,0.93023256,0.285714285,0.083333333,91.94379552205403,2.70000025749209,7.449225103205925,6.166480064392118,6.938095269178438,-0.08520839735865593,90.72833333333334,84.2675925925926,5.583250462962964,35.85632,36.37005638888889,1.004105648148148,6.938095269178438,6.659402422359314,"Matt Foster",19647,641582
2024,"Wade Miley","MIL",0,1,0,2,2,7,2.5714285714285716,5.142857142857143,1.2857142857142858,0.22727272727272727,0.625,0.523809523,0.166666666,90.38611328125,6.428571428571429,8.0495611888024,6.595051206861223,6.033915555051395,-0.11162987351417542,96.765641025641,84.02051282051282,4.815197457627119,44.098169661016954,38.2680679661017,0.49206830508474575,6.033915555051395,6.6129490900334265,"Wade Miley",8779,489119
2024,"Zach Penrod","BOS",0,0,0,7,0,4,6.7500036209841126,9.000004827978817,0,0.25,0.75,0.333333333,0,94.70798903245192,2.250001206994704,5.038301976308725,5.416480985284499,7.30649250694302,-0.02896302193403244,104.2468235294118,80.27929411764707,5.995513488372094,31.432361162790695,63.32211755813954,1.278945930232558,7.30649250694302,6.575291584014893,"Zach Penrod",25368,683068
2024,"Matt Wallner","MIN",0,0,0,1,0,1.1,0,0,0,0.3333333333333333,1,0.166666666,0,78.34089660644531,0,9.142090375090367,3.166479778289795,5.4344929283590675,0.00744608836248517,24.49904761904762,48.58285714285715,11.51109,20,20,4.956,5.4344929283590675,6.554395748056225,"Matt Wallner",26466,670242
2024,"Sam Aldegheri","LAA",1,2,0,3,3,13,6.923076923076923,6.923076923076923,1.3846153846153846,0.3023255813953488,0.61983471,0.222222222,0.076923076,92.30882626488095,4.846153846153846,4.528879779433085,6.397249009059026,7.421265821502759,-0.10089471936225891,86.94432432432433,71.58702702702702,6.33374945945946,27.802837612612617,41.53923671171171,1.5044396396396396,7.421265821502759,6.536751583020674,"Sam Aldegheri",26443,691951
2024,"Brandon Eisert","TOR",0,0,0,3,0,6.2,2.70000025749209,5.40000051498418,0,0.25,0.66666667,0.55,0,91.16976318359374,4.050000386238135,4.817098921584316,4.366479892730725,5.9540888706698745,0.005855272524058819,90.09763636363634,88.11927272727272,4.861093363636364,43.60562899999999,59.98193436363636,0.5226689090909091,5.9540888706698745,6.47462257607748,"Brandon Eisert",27668,685126
2024,"John Curtiss","COL",0,0,0,3,0,2.1,3.8571433826369397,0,7.714286765273879,0.4444444444444444,0.625,0.09090909,0.333333333,94.03091251148896,15.428573530547759,7.508855767206976,13.452195465321633,6.197358950070541,-0.17581450939178467,93.31947368421054,106.32631578947367,2.8507723684210524,65.17805078947369,38.98126657894736,-0.8175471052631579,6.197358950070541,6.437749918749811,"John Curtiss",16128,595928
2024,"Victor Mederos","LAA",0,1,0,4,0,5.1,8.43750050291422,10.125000603497064,1.687500100582844,0.4,0.51724138,0.4375,0.2,97.27209123883928,11.812500704079909,11.22722997596571,7.103980012983098,6.083987833019826,-0.13841868937015533,101.61925233644864,93.44317757009348,5.4547757407407405,37.23496537037037,53.013559444444454,0.9184564814814815,6.083987833019826,6.4266879298454525,"Victor Mederos",31533,682989
2024,"Joey Lucchesi","NYM",0,2,0,2,2,10.1,6.096774381107649,6.9677421498373135,0.8709677687296642,0.23333333333333334,0.68493151,0.448275862,0.083333333,90.03147919323979,5.225806612377985,6.258971392235521,5.392286298376715,5.890102527368384,-0.03954099863767624,95.66719101123596,86.14483146067415,2.9779189999999995,63.813649,20,-0.7327806666666666,5.890102527368384,6.387316768422538,"Joey Lucchesi",19320,664192
2024,"Caleb Boushley","MIN",0,0,0,2,0,4,2.25,4.5,0,0.35294117647058826,0.75,0.411764705,0,92.54239654541016,4.5,6.979161813847859,4.166479778289795,6.812494489178062,0.02480240911245346,82.75079365079365,82.48222222222222,6.014494761904762,31.228710793650798,36.698888571428576,1.2916031746031744,6.812494489178062,6.379034084014893,"Caleb Boushley",19736,676961
2024,"Diego Castillo","MIN",0,0,0,7,0,10,5.40000051498418,7.2000006866455735,0,0.27586206896551724,0.8125,0.517241379,0,96.71319986979167,2.70000025749209,3.9216670946429746,4.366479892730724,6.18089015323261,0.026058074086904526,109.10350282485875,92.47265536723162,4.66043,45.75892632768362,43.80288920903954,0.3888920903954802,6.18089015323261,6.351319673193259,"Diego Castillo",17496,650895
2024,"Jose E. Hernandez","PIT",1,1,1,7,0,5.1,6.750002816320641,6.750002816320641,1.6875007040801602,0.25,0.92105263,0.176470588,0.1,93.44358723958334,3.3750014081603203,9.783421111636681,6.353981108218987,6.751497035741556,-0.18391165137290955,98.6240449438202,100.54988764044944,4.351374494382022,49.07536426966292,41.19662719101124,0.18285528089887645,6.751497035741556,6.307871484014893,"Jose E. Hernandez",22318,669796
2024,"Matt Sauer","KCR",0,0,0,14,0,16.1,4.959184059546651,6.061224961668128,1.653061353182217,0.3333333333333333,0.68181818,0.317460317,0.09090909,95.3331074617347,7.714286314850345,5.743278082434471,6.656275968341141,7.323395045092614,-0.1838213950395584,104.6318316831683,88.47999999999998,4.975519266055046,42.37779262996942,39.382256574923545,0.5989514373088685,7.323395045092614,6.282178191961712,"Matt Sauer",22284,669422
2024,"Jacob Lopez","TBR",0,0,0,4,1,10.1,6.9677421498373135,6.096774381107649,1.7419355374593284,0.1111111111111111,0.625,0.206896551,0.1,90.58964192708333,5.225806612377985,3.741765713290862,6.74712504973397,7.157463913109507,-0.14230243861675262,88.28067415730338,78.92752808988763,5.722498932584269,34.36204235955056,42.54927988764045,1.0969380337078651,7.157463913109507,6.256285165972448,"Jacob Lopez",25098,682052
2024,"Antonio Senzatela","COL",0,1,0,3,3,12.1,5.1081082397695035,5.837837988308004,2.1891892456155015,0.3333333333333333,0.69148936,0.435897435,0.2,94.76309967041016,6.567567736846505,8.976677917437943,7.139452853666076,5.816219800099876,-0.12164342403411865,85.94073394495413,92.09715596330275,4.791654311926606,44.35073165137615,31.342804633027516,0.4763750917431192,5.816219800099876,6.253057472586525,"Antonio Senzatela",15488,622608
2024,"Dylan Coleman","HOU",0,0,0,1,0,1,9,9,0,0,1,0.5,0,94.79739379882812,0,2.174668190992331,4.166479778289795,5.678488184511662,0.0002125312457792461,98.97375,32.415,7.76969,20,53.12082,2.46173,5.678488184511662,6.2161040840148925,"Dylan Coleman",22276,669395
2024,"Parker Mushinski","HOU",0,0,0,10,0,11,2.454545880152248,4.090909800253747,0.8181819600507494,0.25,0.44871795,0.375,0.071428571,92.38291488155242,6.545455680405995,6.086035229299426,5.439207445097432,6.1817637272265085,-0.10396810621023178,102.94247422680412,102.32092783505153,4.058219226804124,52.221203092783504,54.543017422680414,-0.012582525773195814,6.1817637272265085,6.197228684014892,"Parker Mushinski",21324,656786
2024,"Lucas Gilbreath","COL",0,0,0,3,0,1,0,9.000009655962813,9.000009655962813,0.6666666666666666,0.39473684,0.5,0.5,92.143798828125,54.00005793577688,7.797097994961205,22.166500163100178,12.190506272463615,-0.13837309181690216,89.69361702127658,76.59489361702127,5.026802340425531,41.82748234042553,42.23305617021276,0.6331391489361702,12.190506272463615,6.143604079349392,"Lucas Gilbreath",21290,656458
2024,"Cole Tucker","LAA",0,0,0,1,0,1,0,9,0,0.3333333333333333,1,1,0,52.33751220703125,0,4.88498324168857,6.166479778289795,6.166479778289795,-0.010912766680121422,23.477999999999994,-21.401999999999997,13.05951,20,25.66583,5.98828,6.166479778289795,6.137604084014892,"Cole Tucker",17326,657061
2024,"Jonathan Bowlan","KCR",0,1,0,1,1,2.2,10.125002413988689,10.125002413988689,10.125002413988689,0.375,1,0.363636363,0.6,95.559033203125,13.500003218651585,6.697594601376706,18.91648353338331,7.126496484097351,-0.2951819598674774,105.83500000000001,88.38058823529411,4.05996,52.20244,58.35369,-0.01142,7.126496484097351,6.12280173936725,"Jonathan Bowlan",24607,680742
2024,"Ian Gibaut","CIN",0,0,0,2,0,2,4.5,4.5,0,0.375,0.75,0.125,0,93.68226533777573,4.5,17.33715703679825,3.666479778289795,5.934492387622595,0.016853881999850273,87.40299999999999,99.381,3.3225764999999994,60.11522275,43.73102175,-0.5030107500000001,5.934492387622595,6.1139290840148925,"Ian Gibaut",17871,664139
2024,"Michael Mercado","PHI",1,2,0,5,2,13,6.9230774309508565,6.230769687855771,6.230769687855771,0.2,0.74626866,0.295454545,0.321428571,95.60191470286885,11.076923889521371,10.382127266475962,12.935711264187116,7.192344333180248,-0.7472432553768158,98.1976923076923,89.0896923076923,4.838012576923076,43.85332303846154,48.17073492307693,0.5072805384615385,7.192344333180248,6.10581454820125,"Michael Mercado",23223,675650
2024,"Bradley Blalock","- - -",1,3,0,7,6,30.2,5.869565704143831,5.869565704143831,1.1739131408287662,0.30392156862745096,0.67460317,0.367924528,0.09090909,93.40664859218452,5.869565704143831,6.055562167748143,5.612132155016392,6.08588338583945,-0.01887043984606862,90.2808742058103,87.33087202200188,5.398641281588447,37.837358628158846,38.73235575812274,0.8810325812274368,6.08588338583945,6.050840374086097,"Bradley Blalock",26419,687134
2024,"Adam Mazur","SDP",1,3,0,8,8,33.2,5.881188563068394,5.61386181020165,1.6039605172004712,0.31775700934579443,0.64102564,0.336283185,0.117647058,94.57932044719827,7.485149080268866,5.70307929829709,6.22588594998699,6.199522444549446,-0.28989285230636597,92.10899145299146,88.57176068376069,5.115421743589744,40.87652502564102,43.84070011965812,0.6922199658119658,6.199522444549446,6.048006514590544,"Adam Mazur",31900,800049
2024,"Ildemaro Vargas","WSN",0,0,0,2,0,2,0,0,4.5,0.2857142857142857,1,0.375,0.333333333,70.26983642578125,4.5,8.325825127590857,11.166479778289794,6.934492387622595,-0.07489965111017227,37.80347826086957,49.18000000000001,11.44049347826087,20,20,4.908935652173913,6.934492387622595,6.034729084014892,"Ildemaro Vargas",13324,545121
2024,"Tyler Heineman","TOR",0,0,0,1,0,1,0,0,0,0.25,1,0.25,0,59.11330032348633,0,2.285432720368834,3.166479778289795,4.678488184511662,0.017542365938425064,-22.939999999999998,64.07,7.03559,20.27157,24.0525,1.97233,4.678488184511662,6.034729084014892,"Tyler Heineman",13897,623168
2024,"Willi Castro","MIN",0,0,0,2,0,1.1,0,0,0,0,1,0.5,0,75.14234924316406,0,9.187274538758597,3.166479778289795,5.4344929283590675,0.007424966897815466,42.808,42.53466666666666,1.7069359999999998,77.4524,34.205198,-1.5801039999999997,5.4344929283590675,6.034729084014892,"Willi Castro",17338,650489
2024,"Weston Wilson","PHI",0,0,0,1,0,1,0,0,0,0.25,1,0.5,0,44.405113220214844,0,2.779179991631882,3.166479778289795,6.190496590733528,0.005947982892394066,55.377500000000005,27.0825,12.2327,20,20,5.43707,6.190496590733528,6.034729084014892,"Weston Wilson",19358,642215
2024,"Ernie Clement","TOR",0,0,0,1,0,1,0,0,0,0.4,0.5,0.4,0,74.18569946289062,9,9.747228639117742,3.166479778289795,6.190496590733528,0.006411723792552948,45.595,17.669999999999998,10.50332,20,20,4.28415,6.190496590733528,6.034729084014892,"Ernie Clement",20352,676391
2024,"Ben Rortvedt","TBR",0,0,0,1,0,2,4.5,9,4.5,0.2857142857142857,1,0.625,1,77.8719012920673,4.5,9.418359047957523,11.666479778289794,5.922483981400728,-0.0785273015499115,50.69888888888889,40.919999999999995,8.16179,20,27.53552,2.72313,5.922483981400728,6.025439826643331,"Ben Rortvedt",20287,666163
2024,"Josh Rogers","COL",2,0,0,6,0,11,2.4545460929557,2.4545460929557,0.8181820309852333,0.34146341463414637,0.64516129,0.309523809,0.052631578,89.71836103019068,6.545456247881867,7.34340015330012,5.166480298475921,6.59631337202144,-0.04643426090478897,84.97141176470589,88.35364705882353,3.2698160588235297,60.681406352941174,30.796747352941175,-0.5381851176470589,6.59631337202144,6.008665084014892,"Josh Rogers",18510,642028
2024,"Elieser Hernández","- - -",0,1,0,9,1,15.2,4.595745147111075,2.8723407169444224,2.8723407169444224,0.1956521739130435,0.66666667,0.215686274,0.166666666,91.94078935895648,6.319149577277729,6.446452131414028,7.251586575721863,5.997985524282125,-0.18598922714591026,95.84178527821386,91.0860605267748,4.59561119047619,46.454499365079364,42.223692103174606,0.3456788888888888,5.997985524282125,5.988003481170289,"Elieser Hernandez",16933,622694
2024,"Bryan Shaw","CHW",0,1,0,5,0,4,9.00000429153647,9.00000429153647,2.2500010728841175,0.4666666666666667,0.66037736,0.25,0.125,,9.00000429153647,7.530122717163636,7.416481804848684,7.1904985095351845,-0.14737173914909363,92.32186915887854,78.33420560747663,6.164256,29.62164989473684,41.812580315789475,1.391442210526316,7.1904985095351845,5.98386797026267,"Bryan Shaw",8110,543766
2024,"Anthony Misiewicz","NYY",0,0,0,1,0,1,9,9,0,0.5,1,0.25,0,93.57049560546875,0,8.397371704766153,4.166479778289795,7.190496590733528,-0.001115870545618236,109.768,103.58133333333333,6.42654,26.807039999999997,42.50079,1.5663000000000002,7.190496590733528,5.98386797026267,"Anthony Misiewicz",18152,664948
2024,"Sean Newcomb","OAK",1,0,0,7,0,10,6.300000600814877,7.2000006866455735,1.8000001716613934,0.25925925925925924,0.72368421,0.5,0.2,93.87452294360632,6.300000600814877,5.703165928397615,7.066480150222814,5.978488452685706,-0.22588562965393066,96.23234972677596,84.39224043715846,5.625371459459458,35.40431454054054,52.73127108108108,1.0321863243243243,5.978488452685706,5.966634264232418,"Sean Newcomb",16943,656794
2024,"Owen White","TEX",0,0,0,3,0,3,0,3,3,0.5,0.23255814,0.411764705,0.333333333,94.45245720358456,24,10.597271168995247,8.499813111623128,5.678488184511663,-0.07706084847450256,94.79391304347827,85.90521739130433,4.115385166666666,51.60776633333333,44.69467683333333,0.025528833333333327,5.678488184511663,5.895667349634621,"Owen White",22273,669391
2024,"Kai-Wei Teng","SFG",0,0,0,4,0,11,5.727273223813944,6.545455112930221,1.6363637782325553,0.35135135135135137,0.56603774,0.435897435,0.133333333,94.26187838040866,9.818182669395332,6.884254418190949,6.711934631126998,6.4101278861726945,-0.1705530732870102,95.12549019607843,89.53382352941178,4.59448450980392,46.46660705882352,53.06038666666666,0.34492808823529414,6.4101278861726945,5.883549576961307,"Kai-Wei Teng",24282,678906
2024,"Tucker Davidson","BAL",1,0,0,1,0,4.2,1.9285716913184698,3.8571433826369397,0,0.25,1,0.5625,0,90.93521118164062,0,2.656094302372549,4.023622752209115,5.643631979584143,0.003195652039721608,102.30388059701492,103.56776119402987,3.90783,53.83501,35.76818,-0.11284,5.643631979584143,5.867316344489532,"Tucker Davidson",19871,656353
2024,"Drew Thorpe","CHW",3,3,0,9,9,44.1,5.0751881154910246,4.2631580170124606,1.6240601969571278,0.2,0.61135371,0.361702127,0.119402985,91.06859509698276,5.4812031647303066,4.693308365485678,5.873246773218341,5.812447445539124,-0.09152846038341522,82.57680111265645,84.28739916550762,5.357742538141469,38.27621171983357,42.8568175589459,0.8537670596393898,5.812447445539124,5.851135613274337,"Drew Thorpe",31967,689672
2024,"Andrew Walters","CLE",1,0,0,9,1,8.2,6.230770373485707,5.192308644571423,0,0.047619047619047616,0.83333333,0.238095238,0,95.94437711784639,0,2.70335973850453,3.51263368792789,5.7806467132118,0.10578643530607224,110.10514366272827,89.24482679914071,4.913595413533835,43.042247443609014,60.71388744360902,0.5576696240601504,5.7806467132118,5.8102397924689875,"Andrew Walters",33834,689958
2024,"Richard Fitts","BOS",0,1,0,4,4,20.2,3.919354959283489,3.0483871905538247,0,0.2753623188405797,0.76923077,0.373134328,0,94.4650390625,1.7419355374593284,4.079123469438508,3.3116410730780723,5.506492052857331,0.46043309569358826,98.21006451612901,106.11645161290322,3.5464145859872613,57.71323165605096,53.18069668789809,-0.35378445859872615,5.506492052857331,5.799357731603716,"Richard Fitts",30160,690916
2024,"Grant Hartwig","NYM",0,0,0,4,0,6.2,5.40000051498418,5.40000051498418,1.350000128746045,0.25,0.56603774,0.38095238,0.1,,6.750000643730225,5.832663405850678,6.616480107307466,6.934492746968315,-0.09520873427391052,94.82661016949153,83.09813559322035,5.904869491525424,32.40508338983051,51.15818491525424,1.2185181355932204,6.934492746968315,5.742096409640822,"Grant Hartwig",29946,701643
2024,"Victor González","NYY",2,1,2,27,0,23.1,4.242858414553031,5.014287217199036,1.1571432039690084,0.14925373134328357,0.68548387,0.550724637,0.115384615,,3.857144013230028,5.305465448299643,5.952194898955927,5.965575698470868,-0.43822619318962097,95.59272727272726,81.08763636363636,5.671035311653118,34.91435520325203,47.99278845528455,1.062627723577236,5.965575698470868,5.732273140836066,"Victor Gonzalez",16408,624647
2024,"Dakota Hudson","COL",2,12,0,18,18,89,4.955056604540244,5.056180208714535,1.1123596459171978,0.3044982698961938,0.63492063,0.523489932,0.125,90.18636976522842,6.168539854631733,5.9981236690490185,5.526030542356578,5.414308507470654,0.02921944484114647,87.09409574468081,80.39186170212766,5.390543026038002,37.92422859957776,37.720438332160455,0.875634630541872,5.414308507470654,5.724704456277394,"Dakota Hudson",19206,641712
2024,"Nick Ramirez","LAD",0,0,0,8,0,13.1,3.3750000804662723,4.725000112652781,0,0.35294117647058826,0.56,0.509803921,0,90.38600158691406,6.07500014483929,7.8491087531174095,3.9914797979593284,5.579088662343834,0.05347235128283501,97.81388601036268,80.89274611398965,5.279931082474227,39.11119144329897,42.9042993298969,0.8018917525773195,5.579088662343834,5.655971719246866,"Nick Ramirez",12575,598286
2024,"Allan Winans","ATL",0,2,0,2,2,7.2,4.695652563315065,4.695652563315065,3.521739422486299,0.36666666666666664,0.28985507,0.515151515,0.3,90.34786854619566,15.260870830773962,6.831675154216338,8.77517589558279,5.660403993221923,-0.28530269861221313,82.93823129251699,78.27183673469388,4.761765714285715,44.67146482993197,37.92845598639455,0.4564504761904762,5.660403993221923,5.624157373914331,"Allan Winans",21238,642216
2024,"Jacob Waguespack","TBR",0,0,0,4,1,10,9.9,9,0.9,0.41379310344827586,0.74074074,0.5,0.125,94.10535803506541,5.4,6.672603128570946,5.266479778289796,5.176086503267289,-0.0036788806319236755,81.55402714932126,87.20886877828055,5.403247782805431,37.787885248868776,47.66713484162896,0.8841041628959275,5.176086503267289,5.623465647576553,"Jacob Waguespack",18318,621097
2024,"Cristian Javier","HOU",3,1,0,7,7,34.2,7.009615898837742,4.932692669552486,1.0384616146426284,0.26,0.76036866,0.252427184,0.075471698,91.98366873604911,3.8942310549098567,4.458174344149296,4.7530183562160335,5.564646652192083,0.2689599096775055,99.19198594024601,97.50217926186292,4.736888283712784,44.93853628721541,50.01409350262697,0.4398632574430823,5.564646652192083,5.611124058366613,"Cristian Javier",17606,664299
2024,"Mitch White","- - -",1,1,0,13,0,23.2,4.943662503058474,4.943662503058474,1.521126924017992,0.27848101265822783,0.55232558,0.407407407,0.137931034,94.34982584635416,7.225352889085462,6.408906915058172,6.039719523657114,5.6952790830012034,-0.35733918845653534,95.37424133461417,111.01812634882619,4.052201065375303,52.28575191283293,45.6521982566586,-0.016593777239709364,5.6952790830012034,5.598784456343849,"Mitch White",19225,669952
2024,"Brandon Bielak","- - -",1,0,0,16,0,29.2,4.247191511851821,3.943820689576691,1.5168541113756504,0.32075471698113206,0.78723404,0.387387387,0.113636363,92.15540930706521,5.157303978677211,6.664735407257842,5.930525047907647,5.982043139612509,-0.3286946713924408,86.98882363665969,87.87738708988641,5.433228490196079,37.46616011764706,35.764914823529416,0.9040912156862744,5.982043139612509,5.567814991116174,"Brandon Bielak",19866,656232
2024,"Caden Dana","LAA",1,2,0,3,3,10.1,6.9677421498373135,6.096774381107649,4.354838843648321,0.2903225806451613,0.66666667,0.555555555,0.384615384,93.85837131076389,9.580645456026307,6.905113482566991,10.230996124652627,5.842877532969299,-0.46309521794319153,88.4495145631068,63.52611650485437,6.78021567961165,23.0119245631068,38.29698737864078,1.802081990291262,5.842877532969299,5.551697191822355,"Caden Dana",31508,702674
2024,"Ty Adcock","NYM",0,0,0,3,0,4.1,6.230771059115794,4.153847372743862,8.307694745487725,0.25,0.58823529,0.25,0.444444444,96.52435487689394,14.538465804603518,12.370019066964202,15.166483299549842,6.306805851165462,-0.4219827651977539,100.54279069767442,88.95302325581396,5.319663333333333,38.68479448275862,44.38912333333333,0.8283806896551724,6.306805851165462,5.550087369960901,"Ty Adcock",25651,686654
2024,"Caleb Kilian","CHC",0,1,0,2,1,10.2,5.9062503520399545,5.062500301748532,1.687500100582844,0.2727272727272727,0.77464789,0.424242424,0.153846153,94.03938802083333,4.21875025145711,6.482012419262586,5.978979945927868,5.384240155561514,-0.06395837664604187,84.77360279441118,85.05932420872541,5.604877964071856,35.62425005988025,41.08532730538922,1.018521976047904,5.384240155561514,5.518022067828921,"Caleb Kilian",26213,668873
2024,"Jackson Stephens","ATL",0,0,0,3,0,3.1,5.40000051498418,2.70000025749209,2.70000025749209,0.3333333333333333,1,0.23076923,0.142857142,92.48709542410714,2.70000025749209,5.338463579889897,7.6664802074432785,6.941697791388561,-0.04743880778551102,86.73450980392158,81.03176470588235,4.466875686274509,47.83595058823529,32.945868627450984,0.2598549019607843,6.941697791388561,5.511365767848436,"Jackson Stephens",14420,623451
2024,"Zach Brzykcy","WSN",0,0,0,6,0,5.2,6.352941889251472,4.764706416938604,3.176470944625736,0.3684210526315789,0.32608696,0.285714285,0.181818181,93.98627761314656,14.294119250815813,8.049426246675361,7.931186195228399,6.278025857120664,-0.12090031057596207,90.08134615384614,86.35942307692306,5.4623605714285715,37.15358895238095,42.44338990476191,0.9235116190476192,6.278025857120664,5.508195929541771,"Zach Brzykcy",27783,694350
2024,"Easton Lucas","- - -",1,0,0,8,0,11.2,7.714286765273879,6.942858088746491,0.771428676527388,0.4,0.46875,0.390243902,0.055555555,94.2914569561298,10.800001471383432,5.065965661092926,5.137908618304231,6.356436039629155,-0.0952868489548564,105.85352138931918,94.84509432739824,4.622167764227642,46.169540731707315,54.3059255691057,0.3633837804878049,6.356436039629155,5.49596852927517,"Easton Lucas",26058,687922
2024,"Michael Petersen","- - -",3,1,0,16,0,19.2,6.406780489489085,5.033898956027138,1.3728815334619469,0.29508196721311475,0.65972222,0.265625,0.09375,97.1337640224359,5.949153311668436,5.104637585882095,5.556310595797628,6.033476877794053,-0.18207381665706635,109.00573002754821,105.06980716253443,3.3082261707988985,60.269207713498616,57.92636520661157,-0.5125767768595042,6.033476877794053,5.493307358704498,"Michael Petersen",20827,656848
2024,"Brady Feigl","PIT",0,0,0,1,0,1.2,0,0,5.400002059937309,0.6,0.17857143,0.454545454,0.333333333,92.71183558872768,32.40001235962386,13.295029945599179,10.966482753754796,5.888095947703331,-0.061342816799879074,87.06772727272727,87.4040909090909,5.32403,38.63794,38.12481,0.83129,5.888095947703331,5.45426627744152,"Brady Feigl",15968,621399
2024,"Julian Aguiar","CIN",2,1,0,7,7,31.2,5.400000433670882,3.4105265896868726,2.273684393124582,0.22916666666666666,0.69832402,0.372549019,0.166666666,94.37644675925925,6.2526320810926,4.8049030307994425,6.861216917117241,5.868892737381621,-0.31838637590408325,89.24680529300566,90.71897920604914,4.765354237288134,44.63301512241055,38.965516214689266,0.4588415065913371,5.868892737381621,5.450180701196989,"Julian Aguiar",30031,687924
2024,"Kirby Snead","SEA",0,0,0,11,0,10.1,6.096775506463468,6.096775506463468,0,0.35294117647058826,0.73684211,0.515151515,0,92.67459810697116,4.354839647473906,4.696253958955816,3.843899279007958,5.307133535614362,-0.0036014674697071314,99.38851282051283,84.95989743589742,4.541924923857867,47.03060218274112,49.380427258883245,0.30988796954314723,5.307133535614362,5.445553302402266,"Kirby Snead",19179,669912
2024,"Sixto Sánchez","MIA",0,3,0,14,7,35.2,4.289719817336244,3.532710437806318,0.7570093795299253,0.32,0.55555556,0.484126984,0.076923076,94.08609454180743,6.0560750362394025,5.082954886956,4.736573306203715,5.296432990293223,0.11573955416679382,91.33325742074352,94.23572373840716,4.339612604501608,49.20158326366559,48.33416852090032,0.17501414790996783,5.296432990293223,5.419656542621696,"Sixto Sanchez",19680,664350
2024,"Kyle Farmer","MIN",0,0,0,3,0,4,0,2.25,0,0.3888888888888889,0.625,0.611111111,0,41.35568907202744,6.75,5.849859119321473,3.916479778289795,5.806490286067128,0.016527002677321434,37.97414634146342,54.57853658536586,9.58923,20,20,3.6747600000000005,5.806490286067128,5.419127967443291,"Kyle Farmer",14813,571657
2024,"Isaac Mattson","PIT",0,0,0,3,0,5.1,10.125000603497064,8.43750050291422,0,0.09090909090909091,0.57142857,0.545454545,0,93.98570033482143,5.062500301748532,5.489907545621065,4.291479845345025,5.14198462453886,0.013106042519211769,100.4042,83.0924,4.9646816000000005,42.49409210000001,50.4227496,0.5917244,5.14198462453886,5.375277284644407,"Isaac Mattson",20385,676755
2024,"Steven Wilson","CHW",1,6,0,40,0,34.2,8.826925667080708,6.7500019807087765,2.076923686371931,0.22826086956521738,0.61965812,0.237113402,0.145454545,93.63738816784274,5.711540137522811,5.266935585411076,6.714557742508511,6.113417056751301,-0.753273069858551,105.66751612903226,90.65306451612904,4.5621527287319426,46.813556372391645,59.584431669341896,0.3233732584269663,6.113417056751301,5.371242607776497,"Steven Wilson",20353,621051
2024,"Will Klein","- - -",1,0,0,8,0,7.1,8.590910580532869,7.363637640456744,0,0.48,0.5,0.375,0,97.0912203501506,11.045456460685116,7.68470394718383,3.7119344183236276,5.567581420447352,0.03206360340118408,97.81417123287673,97.07675890410958,4.5373621232876715,47.0795245890411,50.92687801369864,0.3068473287671232,5.567581420447352,5.364639046974672,"Will Klein",27787,694361
2024,"Scott McGough","ARI",1,3,0,26,2,32.2,6.887756241505059,5.78571524286425,1.6530614979612144,0.28865979381443296,0.54621849,0.40776699,0.142857142,93.23187859961604,7.438776740825464,5.4546488828418545,6.044031274740798,5.600286907289429,-0.6602873727679253,86.51584352316779,84.49344440252877,5.165810588235294,40.335792439446365,36.54927700692042,0.7258122837370242,5.600286907289429,5.348033268801796,"Scott McGough",12056,543518
2024,"James Paxton","- - -",9,3,0,21,21,100.1,6.548173151666666,4.485050103881278,1.0764120249315068,0.2757475083056478,0.71981424,0.374592833,0.091603053,93.38611942498008,4.395349101803653,4.766265401062441,4.791064593695681,5.210397853640641,0.7889227569103241,88.16468402335529,85.77067094725278,5.015678307962529,41.946835696721315,32.525742781030445,0.6257241042154568,5.210397853640641,5.347175858235163,"James Paxton",11828,572020
2024,"Bryce Jarvis","ARI",1,2,0,44,0,59.1,5.76404543793457,5.00561840662739,0.9101124375686164,0.26136363636363635,0.79656863,0.434065934,0.089552238,95.7727435530086,3.185393531490157,5.368241411255191,5.121536125659415,5.514309696692248,-0.5941861867904663,94.78424302788841,84.73386454183273,5.256902718253968,39.3582844345238,46.42787761904763,0.7865407738095239,5.514309696692248,5.335932376649035,"Bryce Jarvis",27477,686826
2024,"Valente Bellozo","MIA",3,4,0,13,13,68.2,5.766990504847795,2.7524272864046297,1.9660194902890211,0.2535211267605634,0.85915493,0.299559471,0.128205128,89.25913038531553,3.669903048539506,4.990669501154229,5.72958666933326,5.466067002213744,-0.08926184475421906,86.1041758241758,86.45278388278389,5.128211808219179,40.7392586849315,32.54127077625571,0.7007466940639269,5.466067002213744,5.324963830129462,"Valente Bellozo",23899,678368
2024,"Tyler Duffey","KCR",1,0,0,9,0,9,10.0000031789154,8.000002543132318,0,0.30434782608695654,0.6875,0.304347826,0,91.09365787146227,5.0000015894577,5.405100895231046,3.9442578033165483,5.79226866505455,0.03647882863879204,91.18624338624339,95.07650793650794,4.372064656084656,48.85339809523809,42.99879455026455,0.19664719576719575,5.79226866505455,5.303667852397498,"Tyler Duffey",13758,608648
2024,"Aaron Brooks","OAK",0,2,0,5,4,26.2,4.050000096559526,2.7000000643730178,1.3500000321865089,0.30851063829787234,0.63186813,0.474226804,0.121212121,92.40851100145188,5.062500120699409,6.694176728899932,5.228979827463628,5.1500902282823136,-0.11129261739552021,87.5678287841191,89.4725002954035,4.868066327543425,43.530838560794045,36.17921121588089,0.5273154094292803,5.1500902282823136,5.3033068910188845,"Aaron Brooks",12272,605156
2024,"Zac Kristofak","LAA",0,0,0,1,0,2,9,9,0,0.42857142857142855,0.6,0.571428571,0,93.24364516314338,0,6.558158189782693,4.166479778289795,4.922483981400728,0.00042178184958174825,89.98051282051281,76.76564102564102,6.26393,28.552159999999997,42.71504,1.45789,4.922483981400728,5.278365444408439,"Zac Kristofak",27585,670219
2024,"Johnny Cueto","LAA",0,2,0,2,2,11.1,4.764706015999345,2.3823530079996726,3.176470677332897,0.2702702702702703,0.70175439,0.414634146,0.222222222,91.26222330729166,7.147059023999018,10.843929929809402,7.490009311326238,5.303199071634356,-0.2237800657749176,82.04958083832337,83.78982035928145,5.556053076923076,36.14814562130177,29.016178875739644,0.9859753846153846,5.303199071634356,5.274616424096974,"Johnny Cueto",6893,456501
2024,"Rafael Montero","HOU",1,2,0,41,0,38.1,5.400000716499755,4.460870157108493,1.8782611187825236,0.24324324324324326,0.7860262,0.420168067,0.186046511,95.61858350409837,4.695652796956309,5.792325784632806,6.4012628161930305,5.384298197801484,-0.8999406099319458,101.55635862068964,97.63677241379311,4.36547877013177,48.92402269399708,48.431858638360175,0.19225739385065896,5.384298197801484,5.26012895703206,"Rafael Montero",12760,606160
2024,"Tyler Jay","- - -",0,0,0,5,0,7.2,7.043478844972598,7.043478844972598,0,0.375,0.66666667,0.652173913,0,92.10421316964286,4.695652563315065,3.6316706058405654,3.949088538842306,5.132399563580578,0.005182667286135256,108.33660130718954,82.12901960784315,4.389292418300654,48.66843594771242,42.084274444444446,0.20813437908496732,5.132399563580578,5.2558818580042805,"Tyler Jay",17952,664079
2024,"Dany Jiménez","OAK",1,3,1,25,0,25.2,8.766235286258029,6.662338817556102,2.103896468701927,0.22727272727272727,0.70552147,0.323943661,0.146341463,92.76541697485207,4.909091760304496,5.059974579595988,6.5950518013596025,5.971376809649604,-0.6867781281471252,94.51482142857144,86.80263392857144,5.244460044444445,39.49182046666667,42.69277302222221,0.7782448444444444,5.971376809649604,5.254239787173497,"Dany Jimenez",21170,666204
2024,"Taijuan Walker","PHI",3,7,0,19,15,83.2,6.23904387211168,3.98007971151952,2.5816733263910403,0.3204633204633205,0.69664903,0.378091872,0.208695652,91.74001750540226,7.09960164757536,6.973518412669927,6.94337223726928,5.292547125706909,-1.1590610146522522,85.69126315586193,87.43254565066856,5.216965989758209,39.78683172201105,30.888421910973857,0.7599165939710695,5.292547125706909,5.252135332812257,"Taijuan Walker",11836,592836
2024,"Domingo Germán","PIT",0,1,0,7,2,20.2,7.838709918566978,5.661290496742818,1.7419355374593284,0.3333333333333333,0.61046512,0.333333333,0.133333333,90.841494140625,7.838709918566978,5.543474945420382,6.118092772318102,5.796814642433885,-0.20277759432792664,85.53928108888432,78.60356061387228,5.355996595174264,38.294959785522785,43.103303109919565,0.8526033512064343,5.796814642433885,5.248354069576786,"Domingo German",17149,593334
2024,"Bryan Sammons","DET",1,1,0,6,0,27.1,5.926829544012932,2.963414772006466,1.9756098480043107,0.14285714285714285,0.85227273,0.2,0.130434782,91.51428305697279,3.6219513880079033,4.439670340130718,5.800626242295543,5.491567204242505,-0.36795666813850403,99.31465240641714,84.01288770053476,4.970550427807486,42.43107374331551,43.26931860962567,0.5956396256684493,5.491567204242505,5.238999049314758,"Bryan Sammons",20462,676614
2024,"Yerry Rodríguez","- - -",1,0,0,16,0,21.2,7.061539290388757,5.400000633826697,2.907692648983606,0.2878787878787879,0.60897436,0.347222222,0.212121212,96.52833203125,8.723077946950818,8.819149581662934,7.874172638548966,5.9770775268917005,-0.7119100242853165,99.7914756916465,92.63885173247381,4.4331761872146105,48.19757289954338,51.20070865296803,0.2373892465753425,5.9770775268917005,5.236400921346047,"Yerry Rodriguez",21955,666720
2024,"Joe Boyle","OAK",3,6,0,13,10,47.2,10.57342734908858,7.552448106491844,0.7552448106491844,0.3114754098360656,0.63432836,0.368,0.083333333,98.03563082510965,6.419580890518067,4.292267541987405,4.676969399588164,5.108642231926464,0.3061699829995632,104.78951654970288,89.59340810704448,4.991960507246376,42.20132175983437,64.14356709109731,0.609912225672878,5.108642231926464,5.223604361427103,"Joe Boyle",29608,671212
2024,"Alex Lange","DET",0,3,2,21,0,18.2,10.125002413988689,8.196430525609891,0,0.32,0.54285714,0.458333333,0,96.6325046705163,4.339286748852295,4.971713590395861,3.9700513984476276,5.185058443127595,0.08033253997564316,100.63551999999996,96.27333333333333,5.454322546419099,37.23983244031831,60.11694209549071,0.918153925729443,5.185058443127595,5.220963764371824,"Alex Lange",19883,656638
2024,"Justin Wrobleski","LAD",1,2,1,8,6,36.1,6.440367197872029,3.963302890998172,2.2293578761864716,0.24509803921568626,0.703125,0.309090909,0.183673469,95.08825055803571,5.6972479058098715,6.2900072250580354,6.359140440482767,5.178087515797033,-0.32438995875418186,100.3270888074073,97.65557583601179,4.320729291736931,49.404186897133215,49.84722563237774,0.16242426644182123,5.178087515797033,5.219768651685024,"Justin Wrobleski",31204,680736
2024,"Triston McKenzie","CLE",3,5,0,16,16,75.2,8.801762410361754,5.828194028482782,2.2599119702280177,0.25380710659898476,0.79004329,0.350467289,0.171171171,91.18369126284875,5.1145376168318295,5.455943022451157,6.457228787569189,5.410967956245599,-0.9754260182380676,88.66722521137585,74.80974634896235,6.387881032110091,27.221969892966364,36.619239931192666,1.5405259327217127,5.410967956245599,5.210206207083115,"Triston McKenzie",18000,663474
2024,"Julio Teheran","NYM",0,0,0,1,1,2.2,10.125002413988689,6.750001609325793,3.3750008046628963,0.5,0.60606061,0.363636363,0.2,91.24310302734375,13.500003218651585,7.6799126644908515,8.041480940580644,6.001496215876386,-0.08724536001682281,87.99764705882353,81.9135294117647,6.30824,28.07654,40.49111,1.48743,6.001496215876386,5.197617444014568,"Julio Teheran",6797,527054
2024,"Austin Davis","SDP",0,0,0,7,0,7,7.714286765273879,6.4285723043948995,0,0.3,0.38461538,0.47368421,0,,9.00000122615286,3.824017592830903,4.452194239168776,5.748201621068798,0.02888784185051918,103.26283687943263,75.33985815602836,5.465971690140845,37.11485084507042,50.824978028169014,0.9259195774647887,5.748201621068798,5.1931588393623835,"Austin Davis",17117,656354
2024,"Dinelson Lamet","LAD",0,0,1,3,0,4.1,6.230769687855771,4.153846458570514,2.076923229285257,0.08333333333333333,0.76923077,0.384615384,0.125,93.83154296875,2.076923229285257,4.585075661342539,6.1664799983685,5.95788011762915,-0.0929020419716835,85.17753424657533,67.95917808219178,6.018526756756757,31.185484594594595,42.95627202702702,1.2942878378378377,5.95788011762915,5.192886497465151,"Dinelson Lamet",17186,659275
2024,"Eli Villalobos","MIA",0,0,0,3,0,4.1,6.230769687855771,4.153846458570514,2.076923229285257,0.16666666666666666,1,0.23076923,0.166666666,93.48526161595395,2.076923229285257,6.953208430204439,6.1664799983685,5.260030032794311,-0.04243834689259529,91.24901408450705,80.90901408450704,6.057122816901409,30.771287464788735,39.848094084507046,1.320019577464789,5.260030032794311,5.192886497465151,"Eli Villalobos",20408,681871
2024,"Yoendrys Gómez","NYY",0,0,0,5,0,11.1,7.94117736156434,5.558824153095038,1.588235472312868,0.2647058823529412,0.86419753,0.333333333,0.095238095,92.22159830729167,3.97058868078217,4.735488126520085,5.813538898811242,6.321083943755603,-0.10535475611686707,91.13355140186913,97.08037383177572,4.253541074766355,50.12518448598131,53.27301696261682,0.11763289719626172,6.321083943755603,5.1858374439253945,"Yoendrys Gomez",22872,672782
2024,"Ty Blach","COL",3,8,0,20,12,71.1,4.542056216455591,2.2710281082277954,2.144859879992918,0.33992094861660077,0.69767442,0.409090909,0.184782608,,6.939252552918264,7.180910485659016,6.264610716057343,5.1165467555577235,-0.6153393164277077,78.51781283192959,79.12233329766113,4.302968049426302,49.5948138305384,28.943693715798773,0.1505835039717564,5.1165467555577235,5.178515165796265,"Ty Blach",14361,621389
2024,"J.P. France","HOU",0,3,0,5,5,25.1,7.815789865985161,4.263158108719178,1.7763158786329911,0.32098765432098764,0.62162162,0.290697674,0.113636363,92.62080862226277,7.460526690258563,5.605778968666346,5.53490094980045,5.595231342582405,-0.05704303830862045,90.3661373390558,85.25021459227467,5.696308497854076,34.643164978540774,47.86881991416309,1.0794776824034336,5.595231342582405,5.176864794229149,"J.P. France",21212,641585
2024,"Jack O'Loughlin","OAK",0,0,0,4,0,9.2,5.5862078150729175,4.655173179227431,0.9310346358454862,0.34285714285714286,0.78313253,0.444444444,0.09090909,92.23408840013587,4.655173179227431,6.679037240906909,4.821652464237326,5.197386229649734,-0.04983670264482498,85.85944134078213,72.748156424581,6.272239090909091,28.46287875,34.782324318181814,1.4634319318181819,5.197386229649734,5.175267786897231,"Jack O'Loughlin",22690,672552
2024,"Nick Burdi","NYY",1,0,0,12,0,9.2,11.172418936823652,8.379314202617739,0.9310349114019709,0.19047619047619047,0.95890411,0.272727272,0.083333333,97.6647265625,1.8620698228039418,3.6549941143930544,5.442342895050169,5.974491506392847,-0.11589179188013077,110.47260663507109,82.51279620853082,5.422291285714285,37.58357219047619,63.869576809523814,0.8967978571428572,5.974491506392847,5.1615557583292935,"Nick Burdi",16074,595897
2024,"Rhett Lowder","CIN",2,2,0,6,6,30.2,6.456521872987372,4.1086957373556,0,0.2717391304347826,0.8974359,0.384615384,0,93.80345243566177,1.1739130678158858,4.378030800909426,3.101262385633357,4.728314943452066,0.859745442867279,89.5144064386318,94.41472837022135,4.623106867469879,46.159472168674704,43.764885883534134,0.3640090361445783,4.728314943452066,5.156004913732597,"Rhett Lowder",33876,695076
2024,"Tyler Gilbert","PHI",0,0,0,6,0,8.1,4.320000164794928,2.160000082397464,1.080000041198732,0.3,0.86206897,0.322580645,0.076923076,92.04275512695312,3.240000123596196,5.745534340882813,4.846479842376712,5.645212986552075,-0.029360461980104446,91.9328275862069,75.42248275862067,5.6408126896551725,35.23864827586206,37.67423096551724,1.042478896551724,5.645212986552075,5.15575678662584,"Tyler Gilbert",17964,656457
2024,"Miguel Rojas","LAD",0,0,0,1,0,1,0,0,0,0.25,1,0.5,0,63.243751525878906,0,8.038950704794642,3.166479778289795,4.678488184511662,0.00618012435734272,38.5,60.15428571428571,8.00612,20,20,2.61935,4.678488184511662,5.152729084014893,"Miguel Rojas",7802,500743
2024,"Anthony Maldonado","MIA",1,1,1,16,1,19,5.21052657732344,3.3157896401149167,0.47368423430213097,0.31746031746031744,0.60150376,0.333333333,0.04,93.371220703125,5.684210811625571,3.6145941896035882,3.798058757359303,5.10333304158842,0.21169063448905945,91.61084995373946,83.68598391850516,5.076132996632997,41.29808393939394,44.12620114478115,0.6660276767676767,5.10333304158842,5.144354471368037,"Anthony Maldonado",26034,687424
2024,"Luis Medina","OAK",2,4,0,8,8,40,7.2,4.5,0.9,0.3170731707317073,0.68493151,0.385826771,0.076923076,96.08647135416666,5.175,4.661553500979614,4.441479778289795,5.107090706378221,0.4058942198753357,100.64400556328233,88.57296244784423,5.332924194444445,38.54252559722222,46.22013180555555,0.8372210694444444,5.107090706378221,5.141171807829805,"Luis Medina",21649,665622
2024,"Jake Bird","COL",2,2,1,35,0,40,6.9750013303759255,5.62500107288381,1.1250002145767621,0.31666666666666665,0.78461538,0.467213114,0.116279069,94.70468139648438,4.5000008583070485,5.633284574717496,5.416480207443319,5.416889244209843,-0.3447888195514679,106.78108504398824,87.49310850439882,4.590816125730994,46.505954532163734,42.41246840643274,0.3424826608187134,5.416889244209843,5.13976651896135,"Jake Bird",21267,656234
2024,"Darren McCaughan","- - -",0,0,2,12,5,42,6.000000272478388,3.2142858602562794,1.9285715161537678,0.32116788321167883,0.68403909,0.342657342,0.128571428,89.50085580949303,6.214285996495474,5.539843721937339,6.118860864747415,5.853160577336643,-0.4379660189151764,87.64803921568628,82.95221288515405,4.353263767507003,49.05506654061624,45.7665093557423,0.18411410364145656,5.853160577336643,5.136803466620789,"Darren McCaughan",20038,670766
2024,"Dallas Keuchel","MIL",0,0,0,4,4,16.2,5.9400002265930265,4.320000164794928,1.620000061798098,0.3508771929824561,0.78358209,0.525423728,0.176470588,,5.40000020599366,5.167680825651304,5.626479872131352,4.828728416045852,-0.0721978172659874,86.50577922077923,96.55662337662338,5.865928181818182,32.822892402597404,37.67104535714286,1.1925572402597404,4.828728416045852,5.133067274428245,"Dallas Keuchel",9434,572971
2024,"Yilber Díaz","ARI",1,1,0,7,4,28.1,6.035294388503776,3.8117648769497534,0.9529412192374384,0.2823529411764706,0.74712644,0.356321839,0.096774193,95.93330293543198,3.8117648769497534,5.072101290206594,4.472362189837396,4.750206693820058,0.11516968533396721,89.13947797956033,84.02917352333719,5.422215117270788,37.584390170575695,40.196950618336885,0.896747867803838,4.750206693820058,5.113349537392845,"Yilber Diaz",29271,700270
2024,"Roddery Muñoz","MIA",2,7,0,18,17,82.2,7.620967976384562,4.572580785830738,2.830645248371409,0.2669491525423729,0.70281124,0.339694656,0.218487394,95.52745907270729,6.532258265472482,6.794024551323689,7.267286356058631,5.35513710780325,-1.6370356584666297,96.21045442502728,87.40938444330335,5.51457004037685,36.59333237550471,44.40505747644683,0.9583181897711978,5.35513710780325,5.111360132634378,"Roddery Munoz",25311,682610
2024,"Mike Clevinger","CHW",0,3,0,4,4,16,8.437501005828501,5.0625006034971,2.2500002682209335,0.36,0.70866142,0.339622641,0.16,93.55582819065125,6.7500008046628,6.873605099360984,6.228980143368288,5.341493172293263,-0.12141888588666916,94.99767313019387,95.21307479224379,4.158141551155115,51.14893930693069,51.66547016501651,0.05403270627062705,5.341493172293263,5.110304569177712,"Mike Clevinger",12808,605182
2024,"Emerson Hancock","SEA",4,4,0,12,12,60.2,5.7857145282499935,2.81868143683974,1.7802198548461519,0.2631578947368421,0.71225071,0.346534653,0.14117647,93.72014111467236,4.747252946256404,5.935570287675971,5.6884579059885105,5.235502631981925,-0.3897972106933594,90.86609779482265,90.6531735378715,4.4867696256157625,47.62249230541871,39.21346258128079,0.2731172610837438,5.235502631981925,5.109002371224007,"Emerson Hancock",27470,676106
2024,"Kyle Tyler","MIA",0,2,0,8,7,31.2,7.105263728514318,5.115789884530309,1.136842196562291,0.35106382978723405,0.73412698,0.5,0.142857142,,5.400000433670882,6.20793830561143,5.029637822655772,4.724466283649064,0.039998505264520645,73.35365688452707,91.67067471733559,5.4259743373493965,37.54403366609295,42.424039277108434,0.8992547676419966,4.724466283649064,5.108807935648359,"Kyle Tyler",22092,667725
2024,"Abner Uribe","MIL",2,2,3,14,0,14.1,8.790699039168542,7.534884890715893,0.6279070742263244,0.358974358974359,0.625,0.575,0.111111111,100.27649688720703,6.906977816489568,5.045648580182674,4.631596284817885,4.6740201743806855,-0.03999057784676552,113.75232558139535,116.78682170542639,3.817897751937984,54.800054689922476,71.41156860465117,-0.17279705426356587,4.6740201743806855,5.105150558600981,"Abner Uribe",25327,682842
2024,"Tanner Rainey","WSN",0,0,0,50,0,51,7.764706463137343,5.117647441613249,1.411764811479517,0.2671232876712329,0.75581395,0.281045751,0.094117647,94.21664437875376,4.764706238743369,5.497908990480458,5.4213819077362455,5.902180267794263,-0.19863010942935944,102.7365069222577,87.76027689030886,4.769811267305646,44.58520650692226,49.777362140575065,0.46181263045793414,5.902180267794263,5.09638609653244,"Tanner Rainey",17610,663432
2024,"Jordan Lyles","KCR",0,0,0,5,0,5,5.4,3.6,0,0.14285714285714285,1,0.428571428,0,90.81219803659539,0,4.293668968815943,3.166479778289795,5.585693228244782,0.04110986739397049,82.41722222222221,80.73583333333335,5.249121944444444,39.44181958333333,41.22344111111111,0.7813534722222221,5.585693228244782,5.096152904853738,"Jordan Lyles",7593,543475
2024,"Jonathan Bermúdez","MIA",0,1,0,3,1,6.2,5.40000051498418,2.70000025749209,2.70000025749209,0.391304347826087,0.73770492,0.4,0.166666666,88.96922200520834,8.10000077247627,5.571236406560231,7.6664802074432785,6.4880952262630895,-0.18034093640744686,79.1573948681397,69.80667498218104,6.941763934426229,21.278298114754097,34.49132262295082,1.9097826229508197,6.4880952262630895,5.088311183275543,"Jonathan Bermudez",21241,642834
2024,"Adrian Houser","NYM",1,5,1,23,7,69.1,5.841346582364785,4.153846458570514,1.0384616146426284,0.3,0.62753036,0.484581497,0.103896103,93.81407020970394,5.841346582364785,5.220287983421042,4.926095291989805,5.105296948584282,-0.14314868673682213,90.40656020000611,92.13046227019117,4.5228414576957086,47.23539545585934,39.82297849452493,0.2971656473168741,5.105296948584282,5.079205362976713,"Adrian Houser",12718,605288
2024,"Adam Oller","MIA",2,4,0,8,8,42.1,7.653543536975997,4.677165494818665,1.4881890210786661,0.29508196721311475,0.73426573,0.390625,0.120689655,93.97574646832192,5.314960789566665,4.574995599578604,5.316086142070091,5.238050412817509,0.012635530903935432,92.4917231638418,90.7892372881356,4.741752573839663,44.88630700421941,47.389375203938116,0.4431058509142054,5.238050412817509,5.077430387171862,"Adam Oller",20132,670124
2024,"Dominic Leone","CHW",0,2,0,23,0,19,8.052634004081124,6.631580944537397,1.8947374127249705,0.2962962962962963,0.59859155,0.49122807,0.266666666,95.06306966145833,6.631580944537397,5.950147196096693,6.324375466164746,4.7812237431827995,-0.43142569065093994,98.64520775623268,89.78842105263159,5.168052160664819,40.31175376731302,51.95536074792242,0.7273059279778393,4.7812237431827995,5.076387081628794,"Dominic Leone",13763,608678
2024,"Cal Quantrill","COL",8,11,0,29,29,148.1,6.6741575322237345,4.186516997485797,1.3955056658285991,0.3002257336343115,0.75073602,0.443722943,0.149350649,94.232314453125,4.975281069475875,5.325844796496127,5.31704164978411,4.8710818225249986,0.5353853106498718,85.65885636487405,86.14251872021784,5.04703834026465,41.610321742911154,40.170915829867674,0.6466302646502836,4.8710818225249986,5.070228204215913,"Cal Quantrill",19312,615698
2024,"Michael Lorenzen","- - -",7,6,0,26,24,130.1,6.698209980067962,4.1432226680832756,1.1739130892902614,0.23595505617977527,0.82402235,0.418230563,0.112582781,93.97086190328903,3.3145781344666205,4.570422988243004,4.892822556657826,4.9489345998156455,0.679947517812252,91.28480739549717,88.88693947603393,5.096359307214526,41.08106510272337,41.85120698518872,0.6795113139034878,4.9489345998156455,5.068002180773644,"Michael Lorenzen",14843,547179
2024,"Orlando Ribalta","WSN",0,0,0,4,0,3.1,8.100003089905965,5.400002059937309,0,0.5882352941176471,0.61538462,0.294117647,0,95.9581271701389,13.500005149843274,6.155002556172156,4.06648012161268,6.334493596123959,0.014415076933801174,101.97010309278349,96.35731958762887,3.5055136082474228,58.152154226804115,56.97689092783505,-0.3810532989690721,6.334493596123959,5.063560841004517,"Orlando Ribalta",26247,687377
2024,"Josh Staumont","MIN",1,0,0,25,0,24.1,6.657535116317843,5.178082868247211,0,0.2463768115942029,0.625,0.470588235,0,94.06817267922794,3.698630620176579,4.3374417059493915,3.536342840307453,5.027638997431875,0.22011831402778625,94.47350588235295,85.44239999999998,4.723995976190476,45.0768511904762,52.887447214285714,0.4312683333333334,5.027638997431875,5.056188511830168,"Josh Staumont",18335,622251
2024,"Riley Pint","COL",0,0,0,4,0,3.1,18.900007209780583,13.500005149843274,5.400002059937309,0.5,0.43478261,0.25,0.4,94.87266438802084,21.600008239749236,7.398944528411365,13.066483554841529,7.534494053887807,-0.20184417068958282,85.87960784313725,73.18470588235293,5.82316,33.28186147058824,57.79671656862745,1.164046666666667,7.534494053887807,5.042384039426844,"Riley Pint",21858,666207
2024,"Matt Manning","DET",0,1,0,5,5,27.2,7.481928398585345,3.9036148166532234,0.9759037041633059,0.32941176470588235,0.72164948,0.306818181,0.068181818,94.1278595992823,4.8795185208165295,4.597853540796012,4.214672645724457,5.209674057923791,0.24667702615261078,99.75432494279177,96.58475972540046,4.154334406392694,51.189788926940636,48.75340716894977,0.05149495433789953,5.209674057923791,5.041285415808047,"Matt Manning",20369,666159
2024,"Joey Estes","OAK",7,9,0,25,24,127.2,6.485640106566314,1.9033943791009835,1.6214100266415785,0.27365728900255754,0.69732938,0.245742092,0.100877192,92.63992135605375,5.005222256154438,4.433586827745919,4.936714879840504,5.294975346522007,0.7282214127480984,96.54731008280244,99.05369638039845,3.8728526936359153,54.21028803650716,40.623241243216576,-0.13615879625061666,5.294975346522007,5.035362862286821,"Joey Estes",26257,683155
2024,"Erasmo Ramírez","TBR",3,0,1,13,0,20.2,6.532258868341614,4.3548392455610765,2.1774196227805382,0.12962962962962962,0.6875,0.372881355,0.15625,91.87643432617188,4.3548392455610765,4.267252188592063,6.456802763824831,5.652815680975872,-0.5322167277336121,93.91854304635763,93.99768211920528,4.168793874172186,51.034597549668874,40.27182761589405,0.06113453642384105,5.652815680975872,5.032992050291522,"Erasmo Ramirez",10314,541640
2024,"Deivi García","CHW",1,2,1,14,0,14,9.642859770327915,7.0714304982404705,1.285714636043722,0.35,0.45454545,0.333333333,0.105263157,95.26309706289557,7.0714304982404705,4.8383789263533465,5.237908914138014,5.432777518536599,-0.11451289802789688,99.00723404255322,80.90794326241134,5.5410548409894,36.30912021201413,49.204471060070674,0.975974664310954,5.432777518536599,5.030799791045754,"Deivi Garcia",20276,665620
2024,"José Quijada","LAA",2,2,0,22,0,19.1,11.172415630145835,7.913794404686633,0.4655173179227431,0.275,0.74324324,0.2,0.045454545,93.98739743365921,3.2586212254592017,4.97525313903597,4.304410999878723,5.352558668957315,0.038644466549158096,103.96885333333336,85.83989333333334,5.39152,37.913736358839046,55.415179313984176,0.8762852506596304,5.352558668957315,5.020388382121952,"Jose Quijada",19200,650671
2024,"Chris Stratton","KCR",4,3,4,57,0,58.1,6.788572464425381,5.091429348319036,0.7714286891392479,0.27906976744186046,0.62195122,0.448863636,0.078125,91.87176368733509,5.554286561802584,4.983920574670581,4.623622857775041,5.168226449415517,-0.19810079038143158,90.03689828801609,89.01832829808662,4.736079085427136,44.94716623115579,44.07109839195981,0.43932432160804014,5.168226449415517,5.019127279046125,"Chris Stratton",13761,608717
2024,"Tommy Henry","ARI",2,3,0,9,7,38.1,7.043478319279864,4.226086991567919,2.1130434957839594,0.3305785123966942,0.68493151,0.434108527,0.1875,90.19022216796876,7.043478319279864,6.40970031821014,6.375175457072844,5.21629901699248,-0.47163015604019165,84.15241997167139,86.02713101983001,4.876786543909348,43.43727194050991,35.26769259206799,0.5331296600566572,5.21629901699248,5.0149776514452284,"Tommy Henry",26285,674072
2024,"Alex Wood","OAK",1,3,0,9,9,39.1,7.5508477017304925,4.347457767663011,1.372881400314635,0.36585365853658536,0.72072072,0.368,0.127659574,,5.262712034539434,6.58176290810187,5.3020730676681165,5.125744123639656,-0.06283112615346909,92.9248670212766,87.5351329787234,4.760972076719577,44.68005763227513,42.23929900793651,0.45592019841269843,5.125744123639656,5.013294045223333,"Alex Wood",13781,622072
2024,"Yonny Chirinos","MIA",0,2,0,6,6,30,7.5,3.9,2.1,0.375,0.77235772,0.362745098,0.145833333,92.94357115963855,6.3,4.664367540915238,6.133146444956462,5.519026561578115,-0.17172372341156006,99.64563106796119,91.8817087378641,4.366433682170543,48.91374145348838,42.78286410852713,0.19289463178294577,5.519026561578115,5.0112691496913495,"Yonny Chirinos",16401,630023
2024,"Scott Effross","NYY",0,0,0,3,0,3.1,5.400002059937309,5.400002059937309,2.7000010299686545,0.2222222222222222,0.83333333,0.6,0.5,89.92596435546875,5.400002059937309,8.721669041365905,7.666481494904219,4.67368539697623,-0.08424557000398636,105.01378378378377,94.31162162162161,4.777650181818181,44.5011230909091,43.378128727272724,0.4670374545454546,4.67368539697623,5.011096429685688,"Scott Effross",18384,664123
2024,"Randy Vásquez","SDP",4,7,0,20,20,98,5.6938775510204085,2.663265306122449,1.1938775510204083,0.3302180685358255,0.72164948,0.386706948,0.104,94.30791015625,4.86734693877551,5.890885512876524,4.697092023187754,4.901184378062585,0.7465266585350037,101.47909899229398,98.32045050385298,3.8898640225118477,54.02777691350711,50.841311095971555,-0.12481864928909953,4.901184378062585,5.006992517817579,"Randy Vasquez",24719,681190
2024,"Ross Stripling","OAK",2,11,0,22,14,85.1,5.167969173548079,2.3203126901644437,0.7382813105068685,0.33774834437086093,0.54828151,0.392156862,0.064814814,91.96107332883693,6.011719242698786,4.795265824201701,3.893042337836237,4.740271796396652,1.1064356863498688,84.53780157166025,94.59032865821014,4.463489646799117,47.872280735835176,28.531934643119936,0.257598557763061,4.740271796396652,5.005879557681314,"Ross Stripling",13273,548389
2024,"Josiah Gray","WSN",0,2,0,2,2,8.1,9.720000370788588,5.40000020599366,2.160000082397464,0.4642857142857143,0.40697674,0.3,0.133333333,93.32627203525641,14.040000535583516,5.890800815252596,5.9264798835754435,5.528094999577626,-0.046688102185726166,94.37337142857145,82.58434285714286,6.0856281818181825,30.46539090909091,31.635638181818184,1.3390236363636363,5.528094999577626,5.00585393893539,"Josiah Gray",24580,680686
2024,"Chris Devenski","TBR",2,1,0,19,0,26.2,8.10000077247627,4.725000450611158,3.037500289678601,0.25333333333333335,0.57823129,0.25,0.183673469,93.2190147307982,6.750000643730225,5.890491047594616,7.328980175256767,5.719795468225636,-0.667786180973053,100.67287054409005,94.66795497185743,4.201834082397004,50.68007844569287,60.24433247191012,0.0831608988764045,5.719795468225636,5.004122257615265,"Chris Devenski",12763,606965
2024,"Brent Honeywell","- - -",1,1,1,20,1,37.2,4.300885137240871,2.6283186949805324,0.7168141895401452,0.25217391304347825,0.80882353,0.422413793,0.069767441,94.7176917904713,2.6283186949805324,4.97296213994156,4.28152407313002,4.972223964246256,0.08327270392328501,92.48924919786099,90.03360142602496,4.861665226890757,43.59954403361345,34.035395613445374,0.523048,4.972223964246256,5.0010398438515695,"Brent Honeywell",16466,641703
2024,"Jordan Leasure","CHW",0,2,2,33,0,31.1,7.468086318659084,5.170213605225519,1.723404535075173,0.2857142857142857,0.68075117,0.357894736,0.136363636,96.25878614738807,6.319149961942301,4.770309053390638,5.815416378497932,5.449300463974536,-0.4197940528392792,98.40447227191413,90.15237924865835,4.521796571428572,47.24660157142857,53.93491662500001,0.29646957142857144,5.449300463974536,4.987833033175905,"Jordan Leasure",29950,673929
2024,"Tucker Barnhart","ARI",0,0,0,1,0,1,0,0,9,0.5,0.76923077,0.571428571,0.5,45.99662642045455,18,,16.166479778289794,6.190496590733528,-0.06506496667861938,39.367272727272734,72.9981818181818,12.51732,20,20,5.62682,6.190496590733528,4.976525006031831,"Tucker Barnhart",10200,571466
2024,"Ryan Miller","LAA",0,1,0,13,0,13,7.6153857327073515,5.538462351059891,1.3846155877649728,0.2972972972972973,0.76923077,0.421052631,0.133333333,93.71207157258064,4.1538467632949185,4.208779453061644,5.3203262481464195,5.064951294780183,-0.10784054547548294,99.81131832797429,100.00649517684887,3.7326908181818186,55.71438190909091,48.12990022727273,-0.2296014545454545,5.064951294780183,4.975265051337624,"Ryan Miller",22187,668943
2024,"Guillo Zuñiga","LAA",0,0,2,15,0,17.2,6.113208427171301,4.075472284780867,2.547170177988042,0.22,0.83333333,0.363636363,0.227272727,97.20100911458333,5.094340355976084,4.179602229993337,7.015536936138392,5.219169787184608,-0.5001742243766785,101.85092250922511,96.82383763837638,4.436963284132841,48.1569489298893,57.801276678966794,0.23991357933579338,5.219169787184608,4.965661215666692,"Guillo Zuniga",19588,670871
2024,"Darius Vines","ATL",0,1,0,4,2,13.2,5.926829544012932,2.634146464005748,2.634146464005748,0.3541666666666667,0.58823529,0.403846153,0.173913043,90.92526528269974,8.560976008018681,6.44294060438517,6.751845798742063,5.491567204242505,-0.15293815173208714,83.62568093385214,90.47961089494164,4.969720389105058,42.44002630350194,40.416599299610894,0.5950845525291829,5.491567204242505,4.963858045072299,"Darius Vines",25928,670241
2024,"Josh Fleming","PIT",1,1,1,25,3,31.1,4.882979367425916,4.021277126115461,0.8617022413104558,0.30097087378640774,0.69196429,0.542857142,0.107142857,88.42432403564453,4.021277126115461,4.3298475556345295,4.7622246696054535,4.86870028069797,-0.03974475711584091,99.3673276110432,96.17816648287784,5.018401367041198,41.91761664794007,45.52335333333333,0.6275395131086143,4.86870028069797,4.962219764000923,"Josh Fleming",20418,676596
2024,"Marco Gonzales","PIT",1,1,0,7,7,33.2,6.14851531593514,2.940594281534197,1.336633764333726,0.3392857142857143,0.78723404,0.403508771,0.111111111,89.72219094669117,4.544554798734668,6.678047063767027,4.7110343504087675,4.801342622972623,0.21562297642230988,84.02138181818181,80.93560000000004,4.691280905349794,45.42792514403292,36.07295639917695,0.409458950617284,4.801342622972623,4.956442228635354,"Marco Gonzales",15467,594835
2024,"Xzavion Curry","- - -",2,2,0,16,5,42.2,5.906250484054948,1.476562621013737,1.6875001383014137,0.23255813953488372,0.65088757,0.233576642,0.105263157,92.11919856976859,4.6406253803288875,5.022311374931287,4.78366741082865,5.039432405372924,0.04602695629000664,89.02057791178892,93.02672417035528,4.37698489827856,48.800552989045386,29.97881553990611,0.19992815336463218,5.039432405372924,4.9550510933376035,"Xzavion Curry",25595,675540
2024,"Chris Flexen","CHW",3,15,0,33,30,160,6.91875024743379,3.5437501267343805,1.350000048279764,0.3151515151515151,0.70955535,0.356031128,0.103896103,91.43145376352163,4.950000177025801,4.789999236824052,4.797729836627844,5.03069198144204,1.3038595765829086,81.45735240350433,82.79194925113808,5.267273229539954,39.24701548403189,43.509780727523676,0.7934542814976178,5.03069198144204,4.948244895190685,"Chris Flexen",13896,623167
2024,"Riley O'Brien","STL",0,0,0,8,0,8,12.37500295043062,9.000002145767724,2.250000536441931,0.4583333333333333,0.625,0.384615384,0.2,96.43820190429688,11.250002682209654,6.344147922706436,7.041480702162009,5.681490885692503,-0.18109653890132904,106.81167512690357,92.44263959390864,4.597377113402061,46.43555819587629,63.29879283505156,0.34685778350515467,5.681490885692503,4.947423792401347,"Riley O'Brien",20348,676617
2024,"AJ Smith-Shawver","ATL",0,0,0,1,1,4.1,8.307692917141027,4.153846458570514,0,0.25,1,0.25,0,96.4449488863032,0,2.828465679248902,2.7049412828930715,5.147416579815006,0.16271723806858063,107.73777777777778,84.9262962962963,4.90884,43.09331,49.12721,0.5545,5.147416579815006,4.945226823105582,"AJ Smith-Shawver",29960,700363
2024,"Matt Moore","LAA",5,3,1,51,0,48.1,7.63448416457049,4.84138020192275,2.0482762392750096,0.2153846153846154,0.69767442,0.294117647,0.152777777,92.9817616637324,5.027587132765933,4.324263348752411,6.166480330763294,5.460230654108274,-0.7791074514389038,103.35594817432273,88.85891637220261,5.01674645199063,41.93537742388757,51.500926615925074,0.6264360772833723,5.460230654108274,4.9394689847456315,"Matt Moore",1890,519043
2024,"Adam Cimber","LAA",3,0,0,28,0,24.1,7.027398729172533,5.178083274127129,0.36986309100908066,0.2835820895522388,0.54404145,0.447761194,0.047619047,85.33611778846154,7.027398729172533,5.64200329261052,4.604836243325109,5.37547379607817,-0.06106149032711983,112.3177777777778,98.05995169082122,4.5042317307692326,47.43506689903847,62.76406002403846,0.2847600961538462,5.37547379607817,4.9368916300912815,"Adam Cimber",15288,643256
2024,"Jordan Weems","WSN",1,1,0,41,0,41.2,7.560001153564629,5.1840007910157455,1.5120002307129259,0.328125,0.61349693,0.406015037,0.122807017,96.14769262749445,6.696001021728671,5.235844737693034,5.542480140838679,5.426907622915225,-0.48489534854888916,99.54205198358414,87.20060191518466,4.901799114441417,43.16886470027248,46.79946660762942,0.5498042370572208,5.426907622915225,4.918629306458795,"Jordan Weems",13190,607179
2024,"Jordan Montgomery","ARI",8,7,1,25,21,117,6.384615436656785,3.3846154122035963,1.0769230857011443,0.34704370179948585,0.63854048,0.42278481,0.103703703,92.10142759947448,6.230769281556621,5.173498950342771,4.4827191052578605,4.671788635345576,0.6054696589708328,92.51365215988675,89.54996334179661,4.682443979328165,45.52271128165374,42.94946166925065,0.40356792764857874,4.671788635345576,4.913535914264608,"Jordan Montgomery",16511,656756
2024,"Trevor Rogers","- - -",2,11,0,25,25,124.1,7.021448008414998,4.053619468775668,1.013404867193917,0.32225063938618925,0.69844789,0.462686567,0.103703703,92.05991384086879,4.92225221208474,5.1033958890646645,4.517686267881684,4.6956042497440675,0.935471698641777,88.82636836258943,95.64523217240833,4.092177628176549,51.856786576014265,44.69915531876952,0.010056584930896142,4.6956042497440675,4.911155240582004,"Trevor Rogers",22286,669432
2024,"Bailey Falter","PIT",8,9,0,28,28,142.1,6.133489680537764,2.845433356950509,1.0749414904035257,0.2813953488372093,0.69723618,0.361556064,0.092391304,91.92334125360924,4.426229666367458,4.81904774892186,4.3046531210699985,4.706593744881703,1.6719183921813965,96.22557438794729,94.88392655367231,4.4593546142719385,47.91667672131146,35.626407155255535,0.2548416682738669,4.706593744881703,4.909250310258509,"Bailey Falter",20070,663559
2024,"Bailey Horn","BOS",1,1,0,18,0,18,6.500002066295009,5.0000015894577,2.50000079472885,0.2833333333333333,0.72,0.46875,0.3125,94.91822645399306,6.500002066295009,6.078728813738428,6.999814330207364,4.732709970600402,-0.4828387498855591,105.69463576158941,101.11986754966888,3.147147526132404,61.997725679442524,60.280842613240424,-0.6199634494773519,4.732709970600402,4.896433112994079,"Bailey Horn",27753,690544
2024,"Naoyuki Uwasawa","BOS",0,0,0,2,0,4,6.75,4.5,0,0.18181818181818182,0.75,0.363636363,0,89.90042114257812,2.25,2.1971350116083084,3.166479778289795,5.056490286067128,0.11649718135595322,87.12290322580647,72.56225806451613,5.770942222222222,33.84220761904762,42.86671253968254,1.1292338095238097,5.056490286067128,4.894842365264893,"Naoyuki Uwasawa",33828,683822
2024,"Daniel Palencia","CHC",0,1,1,10,0,14.2,9.818182243788556,7.363636682841418,0,0.35,0.59259259,0.55,0,98.53504702919408,6.136363902367847,4.653426311840683,3.6437525262517387,4.880850366787286,0.08007344603538513,108.68258555133083,89.85429657794677,4.673072878787879,45.62327962121212,57.48984791666666,0.3973202272727272,4.880850366787286,4.885181513076975,"Daniel Palencia",27914,694037
2024,"Mason Black","SFG",1,5,0,9,8,36.1,7.678899754419218,3.7155966553641377,1.7339451058365976,0.34513274336283184,0.70110701,0.319327731,0.127272727,92.52458370011738,6.440367535964505,5.894988273820502,5.450883647884043,5.23511653750691,-0.25553521513938904,98.20632287416858,93.79954068689267,4.380500693815988,48.76281419306184,43.79662754147813,0.2022719607843137,5.23511653750691,4.87751149880842,"Mason Black",30171,696131
2024,"Humberto Castellanos","ARI",0,0,1,7,0,10.1,6.0967749437855066,3.483871396448861,0,0.3142857142857143,0.64705882,0.257142857,0,90.58530495383523,5.225807094673291,5.41431511286831,3.553576600117447,5.163134133836683,0.10781653225421906,97.17763440860217,78.04408602150536,5.359547204301076,38.25686688172043,41.232297311827956,0.8549701075268819,5.163134133836683,4.870499916736477,"Humberto Castellanos",21183,528748
2024,"Tyler Anderson","LAA",10,15,0,31,31,179.1,7.126394254163841,3.6635688771405666,1.204461000703748,0.2581888246628131,0.75831703,0.374074074,0.104803493,89.70206429503916,3.8141265022285347,4.370591016356247,4.660903612496297,4.8518883299472595,1.5200124979019165,98.25496214728147,93.94843083275983,4.3109058284734125,49.50963883018867,52.60676269296741,0.1558753036020583,4.8518883299472595,4.857933908423025,"Tyler Anderson",12880,542881
2024,"Jacob Latz","TEX",2,3,0,46,0,43.2,8.24427744995152,5.564887278717276,1.236641617492728,0.2796610169491525,0.80204778,0.360655737,0.107142857,95.15597792288557,3.709924852478184,4.884216850421023,5.044342975223197,5.197147697797357,-0.27746468782424927,102.90349323493234,99.29480934809347,4.35939717791411,48.98928734969326,59.87072889570552,0.18820322699386502,5.197147697797357,4.852186987519421,"Jacob Latz",21306,656641
2024,"Will Smith","KCR",0,4,1,45,0,41.1,6.31451690606356,3.266129434170807,1.5241937359463766,0.2878787878787879,0.60150376,0.306569343,0.109375,91.34497568558673,6.532258868341614,5.412219868922562,5.271318746977649,5.410880167333589,-0.3789942264556885,97.22239162929742,98.1427802690583,4.609403031203566,46.306510430906386,41.978211738484404,0.35487353640416064,5.410880167333589,4.850828634422779,"Will Smith",8048,519293
2024,"Jonathan Hernández","- - -",3,1,0,29,1,43.1,8.10000130726762,5.8153855539357275,1.2461540472719415,0.2966101694915254,0.68181818,0.495934959,0.142857142,96.26934814453125,5.400000871511747,4.76873387793588,5.174172410005701,4.8396574266637895,-0.3981681801378727,103.40497002350162,93.28713993410591,4.898318885976408,43.2061855570118,54.26094638269988,0.5474844823066842,4.8396574266637895,4.850500821248937,"Jonathan Hernandez",17464,642546
2024,"Carlos Rodriguez","MIL",0,3,0,3,3,12.1,6.567568244683368,2.189189414894456,2.189189414894456,0.38095238095238093,0.61797753,0.272727272,0.166666666,93.20314771075581,7.2972980496481865,6.29570040388634,5.598912461505858,4.643465172079875,-0.028694557026028633,95.64813852813852,99.7343722943723,4.439488068669529,48.129847939914164,40.29972665236051,0.24159639484978543,4.643465172079875,4.849760958071809,"Carlos Rodriguez",30161,692230
2024,"Jack Leiter","TEX",0,3,0,9,6,35.2,7.822430255142562,4.289719817336244,1.766355218903159,0.3217391304347826,0.46125461,0.381355932,0.137254901,96.70579295749279,8.831776094515796,6.143947980520829,5.661806992295846,5.27243581748537,-0.24609831720590591,105.24991942424705,98.71423160669448,3.8199941554559045,54.777510971599405,57.691962810164426,-0.1713983856502242,5.27243581748537,4.846266313403994,"Jack Leiter",30146,683004
2024,"Jackson Jobe","DET",0,0,0,2,0,4,4.5,2.25,0,0.07692307692307693,1,0.416666666,0,97.07987015335648,0,2.4499744185682455,2.916479778289795,4.806490286067128,0.041694916784763336,106.55574468085108,99.30170212765957,3.3183131249999995,60.160909374999996,59.516511875,-0.50585125,4.806490286067128,4.8455728340148925,"Jackson Jobe",30203,695549
2024,"Griffin Canning","LAA",6,13,0,32,31,171.2,6.815534384453598,3.460194379799519,1.6252428147543196,0.2826086956521739,0.69595262,0.407129455,0.148325358,93.70315031828704,5.190291569699278,4.75894011845421,5.257742038134959,4.751002727914869,0.09968287497758865,86.09528723752011,92.53268581879436,5.127742106545961,40.74429059888579,46.1871655466574,0.7004334993036213,4.751002727914869,4.840385431046198,"Griffin Canning",19867,656288
2024,"Bobby Miller","LAD",2,4,0,13,13,56,8.357142857142858,4.821428571428571,2.732142857142857,0.33121019108280253,0.62176166,0.442528735,0.274193548,97.81014130806011,8.517857142857142,6.898379803703588,6.970051206861223,4.697631942321148,-0.8587680459022522,105.68473834443387,98.96814462416746,4.74326444971537,44.87007360531309,58.66212746679316,0.44411460151802656,4.697631942321148,4.839199726396396,"Bobby Miller",27483,676272
2024,"Chase Anderson","- - -",0,2,3,29,1,58.1,6.480000247192392,3.240000123596196,1.8514286420549693,0.24431818181818182,0.61708861,0.315508021,0.12371134,93.8322345684101,5.40000020599366,4.586393633223242,5.6864798744201694,5.526448132375804,-0.5006175115704536,92.57081736015171,97.92005712189807,4.4353889194499025,48.17382572691552,47.54366389980354,0.23886453831041263,5.526448132375804,4.832713493872817,"Chase Anderson",6895,502624
2024,"Jared Shuster","CHW",2,5,0,39,4,73.1,6.8727281069165445,4.050000491575821,1.1045455886115876,0.2914798206278027,0.7309322,0.34347826,0.088235294,92.6427944649327,4.29545506682284,4.636964354838641,4.5846617686059075,5.092273522508577,0.17140181921422482,85.0093953488372,92.01711627906977,4.8652528300553115,43.56103678577174,39.19679254596707,0.5254401525046091,5.092273522508577,4.8271769526461945,"Jared Shuster",27472,694363
2024,"Kyle Hendricks","CHC",4,12,0,29,24,130.2,5.992347230344268,2.9617348379862474,1.446428641807237,0.3050847457627119,0.64180929,0.445475638,0.142857142,87.98416612413195,5.923469675972495,4.767363832128109,4.98025537674649,4.591979100568073,0.41013324772939086,85.38573348527996,92.2336435297474,4.278693672131147,49.85528269789228,35.76211953161592,0.13440094613583137,4.591979100568073,4.826071994695044,"Kyle Hendricks",12049,543294
2024,"Parker Dunshee","ATL",0,0,0,1,0,2.1,11.571430147910819,7.714286765273879,7.714286765273879,0.3333333333333333,0.47619048,0.375,0.5,92.771484375,19.2857169131847,18.902688788028275,15.595052900119935,7.0442090029688185,-0.13529956340789795,86.83887323943664,31.894084507042255,8.79536,20,26.031689999999998,3.14551,7.0442090029688185,4.820999482645555,"Parker Dunshee",20018,670161
2024,"Chayce McDermott","BAL",0,0,0,1,1,4,6.75,4.5,2.25,0.3333333333333333,0.71428571,0.615384615,0.25,94.10085880055146,6.75,8.519398141657643,6.416479778289795,4.678488184511662,-0.05659784749150276,95.71560975609756,96.61414634146341,4.9575,42.57105,51.83608,0.58694,4.678488184511662,4.817142671180979,"Chayce McDermott",29866,694646
2024,"Logan Allen","CLE",8,5,0,20,20,97.1,7.304794902268235,3.791096088518957,2.0342466816443188,0.3181818181818182,0.74685535,0.434210526,0.188034188,91.3851875,5.732877011906716,5.813131397106363,5.868534714009268,4.747695445109355,-0.7080196738243103,92.53814569536421,84.12225165562914,4.92389009009009,42.931790792792796,41.896151987988,0.5645314714714715,4.747695445109355,4.809260391103026,"Logan Allen",27589,671106
2024,"Justin Verlander","HOU",5,6,0,17,17,90.1,7.37269414206046,2.6900370518328707,1.4944650287960393,0.3029197080291971,0.68181818,0.282229965,0.1,93.69962004226268,5.479705105585477,3.7467110029134956,4.782716031654401,5.134759530442583,0.677863597869873,106.3024636765635,95.31794061907766,4.825156082278481,43.991281018987344,38.921491208860765,0.49870934177215187,5.134759530442583,4.803953287696023,"Justin Verlander",8700,434378
2024,"Cade Povich","BAL",3,9,0,16,16,79.2,7.794979328330429,3.841004306713545,1.3556485788400747,0.2905982905982906,0.67864271,0.352459016,0.105263157,92.35484651548673,5.19665288555362,4.08520671988708,4.785726691904329,4.991194794395859,0.5049110054969788,97.26921526277899,93.56129589632829,4.416429330453563,48.37726200143988,43.884515406767456,0.2262241396688265,4.991194794395859,4.802433744099394,"Cade Povich",30055,700249
2024,"Andrew Abbott","CIN",10,10,0,25,25,138,7.434782608695652,3.391304347826087,1.6304347826086956,0.2595419847328244,0.82876712,0.33737864,0.123152709,92.9486276521217,3.717391304347826,3.969323578936271,5.0432913724926935,4.912405187442251,1.018573522567749,94.08437365475679,91.27398191993115,4.431974693527646,48.210486116588086,49.55058783111873,0.23658777968281183,4.912405187442251,4.781807544798131,"Andrew Abbott",29911,671096
2024,"Austin Warren","SFG",0,0,0,6,0,10.2,5.9062503520399545,4.21875025145711,0.843750050291422,0.27586206896551724,0.95238095,0.533333333,0.1,94.07385602678572,1.687500100582844,4.829898577944584,4.478979856520896,4.67773774920079,-0.04881376400589943,106.43352601156069,102.75780346820808,3.429741098265896,58.96529098265897,52.99559988439306,-0.4315686705202312,4.67773774920079,4.781416168264149,"Austin Warren",24937,681810
2024,"Carlos Hernández","KCR",0,1,0,27,0,30,8.100001544952688,4.8000009155275185,0.3000000572204699,0.27380952380952384,0.68181818,0.317647058,0.021276595,97.90741671823433,3.3000006294251687,3.8996131198004305,3.499813175201428,5.435293380779239,0.21120180189609528,106.41403571428572,103.34278571428572,4.0080929464285715,52.759068125,55.98779516071428,-0.04599989285714285,5.435293380779239,4.763904730512477,"Carlos Hernandez",22713,672578
2024,"Lucas Sims","- - -",1,6,1,58,0,49.1,8.939191320458482,5.472974277831724,1.459459807421793,0.2619047619047619,0.79288026,0.28030303,0.111111111,94.43479322350544,4.378379422265379,4.31791810606747,5.234047838804002,5.332654725448332,-0.3233626186847687,113.51165475935063,103.67440735178428,3.963892803733726,53.23337279931221,58.67701377597642,-0.0754665993613362,5.332654725448332,4.753479130646915,"Lucas Sims",13470,608371
2024,"Thyago Vieira","- - -",0,1,1,28,0,38,9.236843496148484,6.15789566409899,1.894737127415074,0.28431372549019607,0.78066914,0.3853211,0.186046511,97.62669268046339,5.210527100391453,4.950219527706966,6.061217056285047,5.035331677268653,-0.4014531597495079,100.00468720304706,95.08315386021206,4.09501145945946,51.82636132432432,49.94788714864866,0.011946621621621668,5.035331677268653,4.74749364196581,"Thyago Vieira",14510,600986
2024,"Cody Poteet","NYY",3,0,0,5,4,24.1,5.917808296488517,2.9589041482442586,0.7397260370610647,0.2318840579710145,0.82644628,0.422535211,0.09090909,93.34440030184659,2.219178111183194,4.924213767778739,4.029493488194371,4.328021640185355,0.2179778479039669,89.79540331228405,93.17198570237103,4.862214233766234,43.59364358441558,39.161966909090914,0.5234161558441558,4.328021640185355,4.736788453571871,"Cody Poteet",18769,547001
2024,"Marcus Stroman","NYY",10,9,1,30,29,154.2,6.575431466953111,3.491379539975103,1.105603520992116,0.31157894736842107,0.73896353,0.491836734,0.125827814,90.5891822076613,4.306034765969294,4.894560619896672,4.621221253279422,4.500401866062591,0.9215779416263103,85.462512074723,89.9523048269381,5.048631049475263,41.59325456896553,38.165312290104936,0.6476916979010495,4.500401866062591,4.73540324667028,"Marcus Stroman",13431,573186
2024,"Julian Merryweather","CHC",1,1,0,15,0,15,8.40000106811537,5.400000686645595,0,0.375,0.63333333,0.404255319,0,96.26514902836135,6.6000008392335054,5.87882343031807,3.6998131794399773,5.413422924388174,0.09999137371778488,106.22007380073805,98.21616236162363,4.327261282051283,49.33413699633701,52.365367912087905,0.16677813186813184,5.413422924388174,4.734585907394522,"Julian Merryweather",16703,657240
2024,"Kyle Hurt","LAD",0,1,0,3,1,6.2,4.050000386238135,1.350000128746045,0,0.34782608695652173,0.77777778,0.347826086,0,95.47313793285473,1.350000128746045,6.0796717524211354,2.716479735374447,4.077287430750862,0.13870485126972198,94.09942988505746,92.21085977011494,4.225842988505748,50.42247517241379,45.47948218390804,0.0991664367816092,4.077287430750862,4.729556119090862,"Kyle Hurt",27514,669165
2024,"Justin Lawrence","COL",4,4,2,56,0,59.2,6.787710654438492,4.977654479921561,1.3575421308876985,0.34594594594594597,0.60756972,0.53125,0.18,,6.486034625352337,6.2462584475094145,5.630167349160063,4.936319526583107,-0.827526867389679,104.33618164967562,94.32337349397586,4.125078122109159,51.50372675300648,58.25178769657725,0.03199038852913967,4.936319526583107,4.725170054509543,"Justin Lawrence",17639,664875
2024,"Javier Assad","CHC",7,6,0,29,29,147,7.591836734693878,3.857142857142857,1.2244897959183674,0.2887323943661972,0.80327869,0.436073059,0.118343195,91.84855401894866,3.7346938775510203,4.93618053113845,4.635867533391836,4.605455428980241,1.0471583604812622,90.99074367088609,92.25904272151895,5.127533096926714,40.74655933806146,39.15742276201733,0.70029365642238,4.605455428980241,4.719035118377635,"Javier Assad",21741,665871
2024,"Sammy Peralta","CHW",0,0,0,9,0,15,6.6000008392335054,4.200000534057685,1.20000015258791,0.36538461538461536,0.75396825,0.444444444,0.125,,4.80000061035164,8.161485527092907,4.833146656884114,4.712622274861971,-0.044497035443782806,100.99226950354605,88.83666666666664,4.905583074204947,43.12824512367491,44.92746632508834,0.5523265371024735,4.712622274861971,4.717646915095832,"Sammy Peralta",25589,671111
2024,"Jonathan Cannon","CHW",5,10,1,23,21,124.1,6.5871316367604615,2.895442477696906,1.3029491149636079,0.2899728997289973,0.7232267,0.380829015,0.117647058,94.38834402901786,4.487935840430205,4.4410412450200765,4.646372600223769,4.624956670274857,1.0622689872980118,95.59475584779649,99.98372424010054,4.172995955544161,50.9895319870381,46.93454841746139,0.06393569612946728,4.624956670274857,4.717075253039942,"Jonathan Cannon",31730,686563
2024,"Colin Selby","- - -",0,0,0,5,0,7,6.4285723043948995,5.14285784351592,0,0.16666666666666666,0.625,0.611111111,0,95.1881595734627,2.57142892175796,3.3036739687727823,3.880765589889229,4.74477051115591,0.03961554169654846,94.55785714285716,94.53267857142859,5.224066964285714,39.710647321428574,53.0082425,0.7646486607142856,4.74477051115591,4.714018617467137,"Colin Selby",24986,681882
2024,"Geoff Hartlieb","COL",0,0,0,5,0,9,7.000000741746769,4.000000423855297,1.0000001059638242,0.375,0.44871795,0.40625,0.083333333,97.25115356445312,9.000000953674418,5.526449743193769,4.388702130023358,4.960268954440136,0.004949516151100397,98.26116788321168,100.65927007299271,4.100171739130435,51.771004275362316,53.906532608695656,0.01538543478260873,4.960268954440136,4.707373186141713,"Geoff Hartlieb",19558,664129
2024,"Connor Gillispie","CLE",0,0,0,3,0,8,9,5.625,0,0.21052631578947367,0.77777778,0.315789473,0,92.27677970096983,2.25,3.4424923840757575,3.041479778289795,5.120491336844862,0.13736067712306976,85.71070063694268,71.89974522292992,6.104994855072465,30.257516376811594,39.61938427536232,1.3519359420289854,5.120491336844862,4.704266193389894,"Connor Gillispie",26171,687362
2024,"Jake Woodford","- - -",0,6,0,9,7,35,6.685714467885548,2.314285777344997,1.5428571848966648,0.34146341463414637,0.44573643,0.3515625,0.125,92.03505770365398,7.971428788632768,5.647676901788786,4.937908397985966,4.78294849372506,0.06253285706043243,91.41749356793729,91.7490530478841,4.545466137676557,46.9925827807519,40.618279702436766,0.312248921906663,4.78294849372506,4.696194202698925,"Jake Woodford",18674,663765
2024,"Hogan Harris","OAK",4,4,0,21,9,72.1,7.589862284848422,4.105991072131114,0.8709678031793271,0.2885572139303483,0.78947368,0.370731707,0.085365853,93.06263173570382,2.8617513533035033,5.042184399584448,4.2309959821756395,4.68700554387487,0.5058782249689102,96.97414318405048,91.9531033719039,4.029398573784007,52.53045207749381,53.49075014014839,-0.03179572959604284,4.68700554387487,4.687650724853201,"Hogan Harris",21520,663687
2024,"J.P. Feyereisen","LAD",0,1,1,10,0,11,7.363637002046499,4.090909445581388,2.454545667348833,0.26666666666666666,0.546875,0.333333333,0.1875,91.89094669117647,8.181818891162775,8.327682741684093,6.711934631126998,5.365764923467216,-0.19191566109657288,87.51910614525138,90.50368715083799,4.8077968888888885,44.17756822222222,44.14180811111111,0.48713694444444455,5.365764923467216,4.685616661110045,"J.P. Feyereisen",16610,656420
2024,"Peter Lambert","COL",2,5,0,28,3,61.1,7.336957016097158,4.255435069336352,1.0271739822536021,0.34375,0.6581741,0.365482233,0.106060606,94.739140625,5.722826472555783,4.418384034938316,4.536045087961265,4.679401969533193,0.2076496072113514,91.88161162833141,83.8757948080647,5.53508415784408,36.373205591915294,41.816563455245436,0.9719940904716075,4.679401969533193,4.680201842928799,"Peter Lambert",17969,663567
2024,"Jaden Hill","COL",0,0,0,9,0,10.2,5.062500301748532,3.375000201165688,1.687500100582844,0.1935483870967742,0.625,0.606060606,0.166666666,96.86682942708333,5.062500301748532,3.151184408320971,6.16647995710374,5.42998937020508,-0.14559489488601685,93.49072847682119,82.4949668874172,4.628410132450331,46.102563907284775,46.46671324503311,0.3675458940397351,5.42998937020508,4.678815992147223,"Jaden Hill",30250,677955
2024,"Graham Ashcraft","CIN",5,5,0,15,15,77.1,6.633621125952696,3.142241585977593,1.280172497990871,0.3132530120481928,0.67542214,0.486381322,0.135802469,,5.237069309962655,5.123135434301763,4.821652300944659,4.556212812417195,0.5345784425735474,101.71046701260195,100.39406968124536,4.392117690014904,48.63816105067064,52.303421058122204,0.21001759314456034,4.556212812417195,4.665779383606132,"Graham Ashcraft",27552,668933
2024,"Walter Pennington","- - -",1,0,0,16,1,18,8.500002730224745,5.500001766616011,0.5000001606014556,0.33962264150943394,0.81699346,0.452830188,0.058823529,,3.0000009636087333,5.154289005162281,4.1664800994927065,4.872266043180452,0.0023787934333086014,100.42435699184536,81.93039436222693,5.786702414918415,33.673134970584975,41.89634007104007,1.1397395504495504,4.872266043180452,4.66098409962111,"Walter Pennington",27624,679156
2024,"Cole Irvin","- - -",6,6,1,29,16,111,6.324324922025304,2.35135157357351,1.4594595973904547,0.3157894736842105,0.67700987,0.389333333,0.118421052,91.88457397792651,5.108108590866592,5.703532712769264,4.815128582749383,4.777518468796031,0.35617871582508087,93.67663666552971,93.11670137245298,4.085396787330317,51.92954283936652,34.129810475113125,0.0055362500000000064,4.777518468796031,4.657511188532284,"Cole Irvin",19244,608344
2024,"José Ureña","TEX",5,8,1,33,9,109,5.779817120594108,3.2201838243310026,1.0733946081103343,0.27299703264094954,0.74730354,0.501440922,0.117117117,96.55922564338235,3.7981655363904134,4.404389297064579,4.616021214883237,4.605314177893282,0.03703434392809868,93.24831347450072,95.97917585994266,4.700482221466761,45.32915077881801,47.56112127491123,0.4155929319815926,4.605314177893282,4.656870711690918,"Jose Urena",11589,570632
2024,"Blake Walston","ARI",1,0,0,7,2,18.1,8.8363647088927,4.909091504940389,1.9636366019761555,0.25,0.72649573,0.346153846,0.166666666,91.40726615287163,4.41818235444635,4.984467465518773,6.166480142420033,5.309472861089734,-0.19313142076134682,89.15527696793004,78.52104956268222,5.882590349854227,32.6441772303207,35.982360262390664,1.2036641982507288,5.309472861089734,4.654433459784034,"Blake Walston",26270,686796
2024,"Enoli Paredes","- - -",1,0,1,18,0,21.2,6.64615521131916,4.153847007074475,0,0.22033898305084745,0.84,0.457627118,0,,1.66153880282979,4.3146962499972386,3.3510952008264385,4.816580572492873,0.24795200675725937,93.06470219435738,83.38131661442009,4.835719905956113,43.877956206896556,59.05293078369906,0.5057511285266457,4.816580572492873,4.652311857871221,"Enoli Paredes",20447,660600
2024,"Randy Dobnak","MIN",0,0,0,5,0,9.2,6.517241807953526,4.655172719966804,0.9310345439933608,0.3125,0.68493151,0.53125,0.125,93.1485011888587,5.586207263960165,4.316034755626656,4.614755735612801,4.521245444956527,-0.04099409654736519,79.35846153846154,94.99428571428568,5.3992918579234965,37.83035491803278,40.002625956284156,0.8814660109289619,4.521245444956527,4.650259459485788,"Randy Dobnak",23798,677976
2024,"Yunior Marte","PHI",0,0,0,23,0,26,7.961539045593486,5.192308073213143,1.7307693577377141,0.34523809523809523,0.64285714,0.449438202,0.2,97.20133231026786,6.9230774309508565,6.281780808959258,5.628018420405656,4.581872580412649,-0.2511533796787262,103.96270833333331,104.9463333333333,3.9303458350515466,53.593337381443305,56.328100061855665,-0.09783061855670097,4.581872580412649,4.645616987520991,"Yunior Marte",14416,628708
2024,"Martín Pérez","- - -",5,6,0,26,26,135,7.133333534900059,3.266666758972924,1.4666667081102924,0.31695331695331697,0.76923077,0.443661971,0.144736842,91.48380100980718,4.533333461431813,5.462274159132652,4.899813160601958,4.483704095108578,0.4979420155286789,83.95438726454857,92.84440649786046,4.93608071557971,42.80099519474638,31.33449205615942,0.5726588677536232,4.483704095108578,4.638850439160987,"Martin Perez",6902,527048
2024,"Gerson Garabito","TEX",0,2,0,18,2,26.1,7.518988794059037,4.101266614941293,1.3670888716470977,0.2602739726027397,0.71856287,0.342105263,0.129032258,93.53492238898026,4.7848110507648425,6.5675514689225505,5.293062467518614,5.098338148624643,-0.14100861549377441,90.41975999083932,89.16183934501316,4.550955609756097,46.93374806910569,48.296947459349596,0.31590835365853676,5.098338148624643,4.628519439709344,"Gerson Garabito",19835,642520
2024,"Steven Matz","STL",1,2,0,12,7,44.1,6.699248312448152,3.0451128692946146,1.4210526723374868,0.3157894736842105,0.67615658,0.401459854,0.142857142,,5.0751881154910246,4.590897992326016,4.880765541744541,4.499301137680204,0.04486725851893425,97.09525945912984,106.01715570596663,3.5114243236074274,58.08875598143236,45.59091877984085,-0.3771125331564987,4.499301137680204,4.62816840826016,"Steven Matz",13361,571927
2024,"Jose Cuas","- - -",0,0,0,13,0,16.1,9.367348214975426,5.510204832338485,2.2040819329353942,0.3191489361702128,0.66901408,0.333333333,0.173913043,91.91716003417969,7.714286765273879,6.762182482491235,7.023623160926735,5.969104242347868,-0.37270045280456543,98.18319749216302,84.33611285266456,4.989274921630094,42.23019601880877,60.35479761755487,0.6081210031347961,5.969104242347868,4.625115197653265,"Jose Cuas",17701,621016
2024,"José Marte","LAA",0,0,0,14,0,19.1,6.5172424509184035,4.655173179227431,0.4655173179227431,0.24074074074074073,0.80508475,0.563636363,0.066666666,96.75828071489725,2.3275865896137153,4.41719040808125,4.097514414135281,4.5982106737041715,0.046734318137168884,103.70845161290326,93.80716129032257,4.603902668810289,46.36551215434084,54.63079909967846,0.3512071061093248,4.5982106737041715,4.624437834014892,"Jose Marte",21761,665896
2024,"Jordan Wicks","CHC",2,4,0,11,10,46,8.217391815437969,3.913043721637128,1.7608696747367076,0.33093525179856115,0.71428571,0.390410958,0.157894736,92.83283697780679,5.478261210291979,5.218625238683197,5.318653825190215,4.648751156451943,-0.10946052521467209,102.27046672190004,102.22037348272644,3.9030115023474172,53.88666994131456,51.263158321596244,-0.1160539319248826,4.648751156451943,4.621397300418205,"Jordan Wicks",30094,696136
2024,"Kenny Rosenberg","LAA",0,1,0,7,1,24,6.37500025331975,3.0000001192092944,1.8750000745058089,0.3108108108108108,0.65517241,0.371794871,0.147058823,90.49851896324937,6.000000238418589,5.885937039492469,5.458146536019116,4.891825088996502,-0.200484000146389,90.61236910117736,85.23600591999174,5.286286873449132,39.04302665012407,38.34231210918114,0.8061289578163774,4.891825088996502,4.618464884577921,"Kenny Rosenberg",20009,670046
2024,"Spencer Howard","- - -",1,2,0,9,3,29,8.379311171496605,4.3448280148500915,1.55172429101789,0.3979591836734694,0.66666667,0.386138613,0.113636363,94.10673355882186,6.20689716407156,5.384488838144364,4.994066165488643,5.046768580128124,-0.07091523334383965,91.59536651430507,89.2592548388917,4.372501154562384,48.848679404096835,37.29931266294227,0.19693813780260705,5.046768580128124,4.6160906651618125,"Spencer Howard",23252,675921
2024,"Austin Gomber","COL",5,12,0,30,30,165,6.327272727272727,2.0727272727272728,1.6363636363636365,0.2896281800391389,0.73142857,0.379888268,0.135135135,90.53192259933775,4.745454545454545,5.153480421524781,4.833146444956462,4.503848664236791,1.269293189048767,91.12042797095908,97.08051967902178,4.201636666666667,50.68220340961099,43.36781505720825,0.08302943173150266,4.503848664236791,4.61430264619428,"Austin Gomber",16561,596295
2024,"JP Sears","OAK",11,13,0,32,32,180.2,6.824723631501913,2.440959547033531,1.3948340268763033,0.27169811320754716,0.72522983,0.372727272,0.108108108,92.25301067073171,4.383764084468382,4.42833295092105,4.710760308045702,4.863584175754567,1.1812256574630737,95.37842326559219,96.39114926419064,3.9706687123862845,53.160657253324004,49.0770583659902,-0.07094915675297411,4.863584175754567,4.613705213974773,"JP Sears",23429,676664
2024,"Touki Toussaint","CHW",1,2,0,11,0,23,10.17391473088716,7.0434794290757266,1.1739132381792878,0.463768115942029,0.70281124,0.513888888,0.176470588,91.79297614820075,7.434783841802156,5.651772328532864,5.079523573841227,4.501442734735502,-0.15256367623806,91.0316973415133,76.2764008179959,6.411551527494908,26.967983503054988,41.89291837067209,1.5563054175152748,4.501442734735502,4.607360238421781,"Touki Toussaint",16929,657053
2024,"John Means","BAL",2,0,0,4,4,20.2,6.9677421498373135,0.8709677687296642,0.8709677687296642,0.23728813559322035,0.80246914,0.183333333,0.058823529,90.576806640625,2.6129033061889926,4.59159810280862,3.3116410730780723,4.541074295329494,0.4806542992591858,99.17622641509435,102.77779874213836,4.10321278125,51.738366656249994,44.445286281250006,0.01741278125000003,4.541074295329494,4.60575388682436,"John Means",16269,607644
2024,"Cole Sulser","- - -",1,0,0,10,2,16.1,8.265306765911085,4.959184059546651,0.5510204510607389,0.1951219512195122,0.78313253,0.414634146,0.05,92.36928062172203,2.7551022553036946,3.2469932739250438,3.7787247239128385,4.834245303500664,0.13677501678466797,94.9545221046077,99.97737702366126,3.833282020547945,54.63494260273973,52.78339794520548,-0.16254054794520548,4.834245303500664,4.605048407189288,"Cole Sulser",15256,642121
2024,"Tim Mayza","- - -",0,2,0,50,0,42.2,5.9062514081600686,3.1640632543714653,1.054687751457155,0.3356164383561644,0.57142857,0.452702702,0.104166666,,6.328126508742931,5.094070886232939,4.502417596802191,4.679989596138255,-0.13033147156238556,100.22360633910823,100.24473284427009,4.366334951619062,48.91483418533896,48.10562516548547,0.19282832193905547,4.679989596138255,4.600844110589141,"Tim Mayza",15042,641835
2024,"Shaun Anderson","- - -",0,2,0,6,2,16.1,5.510204510607389,0.5510204510607389,1.653061353182217,0.44285714285714284,0.53459119,0.347222222,0.111111111,91.35446909311655,8.265306765911085,6.5822627900114785,4.697092142347403,4.80877951642954,0.04485619440674782,82.43737704918033,100.60786885245903,3.6072800409836066,57.060150573770485,51.95654258196722,-0.31320909836065575,4.80877951642954,4.591183178031453,"Shaun Anderson",19453,641312
2024,"Ryder Ryan","PIT",1,0,0,15,0,20.2,7.40322671745383,3.9193553210049688,0.8709678491122153,0.3064516129032258,0.62913907,0.370967741,0.068965517,94.21875,5.661291019229399,5.481555843457299,4.521318654686575,5.384943460012974,-0.013525014743208885,97.77592920353983,84.68389380530974,4.6331122674418594,46.052103546511624,43.84143965116279,0.37067985465116277,5.384943460012974,4.585457034459386,"Ryder Ryan",19891,656924
2024,"Ben Lively","CLE",13,10,0,29,29,151,7.033112582781457,2.9205298013245033,1.3708609271523178,0.2654462242562929,0.78358209,0.419213973,0.121693121,89.99538799894958,3.814569536423841,4.026955443554211,4.656546003455358,4.56892738607743,0.7890021800994873,81.86667778240931,82.65112130054187,4.798485570776256,44.27750935242838,27.664340630967207,0.4809288210875882,4.56892738607743,4.5824181894481235,"Ben Lively",14932,594902
2024,"Génesis Cabrera","TOR",3,3,2,69,0,62.2,7.180852666598773,4.164894546627289,1.4361705333197545,0.29444444444444445,0.7875,0.427807486,0.142857142,96.04533192334254,3.5904263332993867,4.329186410951043,5.129246173826793,4.7437235628130665,-0.4374055564403534,110.26926213592232,99.56605825242721,4.9747903343166175,42.38559857423797,46.827611789577176,0.5984651819075713,4.7437235628130665,4.579663710552135,"Genesis Cabrera",17490,650893
2024,"Seth Martinez","HOU",3,2,1,44,0,52.2,6.151899476823864,3.075949738411932,1.1962026760490847,0.267515923566879,0.76797386,0.403726708,0.106060606,91.02888723080524,3.588608028147254,4.088465151008652,4.780404023752846,4.947351287146491,-0.15306991338729858,100.7625598086124,99.09033492822968,4.0326755733662125,52.49527679408138,56.45320987669542,-0.029610752157829774,4.947351287146491,4.578094801622798,"Seth Martinez",21045,661527
2024,"Jose Quintana","NYM",10,10,0,31,31,170.1,7.133072620043151,3.328767222686804,1.1624266491922173,0.26337448559670784,0.7815735,0.474,0.125714285,90.80221940313506,3.751467822393065,4.504330515423755,4.563740093985491,4.438112718935702,1.0541503429412842,88.04111982881601,92.59656918687591,5.198976071817192,39.97991081973158,37.7812155930359,0.7479227348567284,4.438112718935702,4.574839284727576,"Jose Quintana",11423,500779
2024,"Wandy Peralta","SDP",3,2,0,46,0,38.1,5.165218590662754,3.052174621755263,1.40869597927166,0.23275862068965517,0.75117371,0.529411764,0.166666666,95.571787109375,3.991305274603037,5.246207000406195,5.4621324852510185,4.847322845727306,-0.46077778935432434,94.71110016420367,98.343908045977,5.032926152597403,41.7617556655844,48.6429635064935,0.637222191558442,4.847322845727306,4.566563251754781,"Wandy Peralta",14295,593974
2024,"Jack Kochanowicz","LAA",2,6,0,11,11,65.1,3.4438778191296184,1.3775511276518473,0.9642857893562932,0.2824074074074074,0.73490814,0.570135746,0.129629629,96.46599692486703,3.9948982701903573,5.076341315304364,4.620561524144523,4.477425603858102,0.572874128818512,101.13745812807886,99.97259113300493,3.6193526542491266,56.93058735739231,51.250280395809085,-0.30516004656577417,4.477425603858102,4.564234515561928,"Jack Kochanowicz",27688,686799
2024,"Albert Suárez","BAL",9,7,0,32,24,133.2,7.271821002290189,2.8952620657266492,1.1446384911012333,0.2868020304568528,0.78843627,0.33910891,0.098837209,94.82818619908237,3.7032421770922257,4.083852520611453,4.236305296116438,4.52856551190087,1.4933455009013414,89.41157620940588,93.05850038519614,4.485406246648795,47.63708856568366,47.79057794012512,0.27220948614834667,4.52856551190087,4.562196673572115,"Albert Suarez",6175,544150
2024,"Jake Bloss","HOU",0,1,0,3,3,11.2,8.485714748149041,2.314285840404284,3.857143067340473,0.3055555555555556,0.83333333,0.25,0.238095238,93.59375,6.942857521212852,5.407130572354644,7.623622878327675,4.7738092827959475,-0.2645530104637146,91.53165957446808,100.08800000000001,3.8132299581589955,54.85015041841004,52.06677338912134,-0.17590891213389123,4.7738092827959475,4.55276578614505,"Jake Bloss",33168,814005
2024,"Roansy Contreras","- - -",2,4,2,49,3,68.1,7.375610716829533,4.082927361102063,1.4487806765200868,0.2653061224489796,0.75060533,0.443902439,0.13253012,94.90462764616936,4.346342029560261,4.9757411269249054,5.156723939973955,4.900578019532056,-0.46496324986219406,94.24006646598204,88.96877762357909,4.656718962001853,45.79877699721964,45.99564782205747,0.38641735866543103,4.900578019532056,4.5479167046216205,"Roansy Contreras",22810,672710
2024,"Vladimir Gutierrez","MIA",0,0,0,1,0,4,9,4.5,2.25,0.2,0.55555556,0.181818181,0.166666666,92.86908637152777,6.75,3.107077315348112,5.916479778289795,4.934492387622595,-0.06254308670759201,86.09424999999999,93.27275,5.52375,36.49482,50.62812,0.96444,4.934492387622595,4.547116623405591,"Vladimir Gutierrez",19278,661269
2024,"Anthony Molina","COL",1,1,0,35,1,59.2,6.184358003184847,3.318436001708942,0.7541900003883959,0.34536082474226804,0.56179775,0.419191919,0.086206896,94.93300217848558,6.787710003495563,5.834604700785272,4.088267556542279,4.468655644594422,0.22213256359100342,90.69170619694775,94.53031743663192,5.166218002894586,40.331431862037974,33.581092904078915,0.7260838114690271,4.468655644594422,4.546597135181504,"Anthony Molina",26952,683627
2024,"Walker Buehler","LAD",1,6,0,16,16,75.1,7.646018215349465,3.345132969215391,1.9115045538373663,0.31601731601731603,0.70281124,0.454545454,0.188235294,95.01657104492188,5.376106557667593,4.6891255809754675,5.542586133407077,4.487551299283281,-0.09598615765571594,99.83695067264576,99.82130044843052,3.955773301435407,53.32049533492823,47.255232089314184,-0.08087911483253596,4.487551299283281,4.54391646798823,"Walker Buehler",19374,621111
2024,"Janson Junk","- - -",0,0,0,6,0,8,9,4.5,3.375,0.5757575757575758,0.59633028,0.342857142,0.25,94.04678490048363,14.625,7.987971956996712,7.541479778289795,4.934492387622595,-0.039903149008750916,96.1681142857143,101.49325714285715,3.652021714285714,56.579994799999994,44.90320834285714,-0.28338131428571434,4.934492387622595,4.542562421822892,"Janson Junk",23301,676083
2024,"Daniel Robert","TEX",1,0,0,4,0,5.2,9.529412833877208,3.176470944625736,1.588235472312868,0.3333333333333333,0.93023256,0.125,0.09090909,95.12215523097827,3.176470944625736,3.7780436585633295,5.4605976827417155,6.1015552490859,-0.04365085810422897,112.67308411214955,109.36504672897196,3.217414230769231,61.24372124999999,60.48109490384615,-0.5731188461538461,6.1015552490859,4.535992398025503,"Daniel Robert",21229,642016
2024,"Trey Wingenter","- - -",0,0,0,7,0,8.1,6.480000247192392,4.320000164794928,2.160000082397464,0.36666666666666664,0.56338028,0.548387096,0.25,97.2412109375,9.720000370788588,5.957568576946289,6.286479897308354,4.618007903634191,-0.10903582349419594,105.92370311252992,106.97733815313835,3.99049782122905,52.94787072625698,56.81687391061453,-0.05772865921787707,4.618007903634191,4.534691677117926,"Trey Wingenter",17793,622259
2024,"Tyler Mahle","TEX",0,1,0,3,3,12.2,7.1052635145319645,2.8421054058127857,0.7105263514531964,0.325,0.68181818,0.43902439,0.066666666,91.55750419679752,4.973684460172375,3.991212128097672,3.7980587573593034,4.562279276770329,0.18214485049247742,83.70445414847161,89.31432314410482,4.400197598253275,48.55143663755458,33.15062620087336,0.21540506550218338,4.562279276770329,4.533438276052741,"Tyler Mahle",16358,641816
2024,"Ryan Yarbrough","- - -",5,2,1,44,0,98.2,5.929054550723187,2.918919163432953,1.0033784624300777,0.21223021582733814,0.79107505,0.407801418,0.101851851,86.80164761673151,3.192567835004793,4.254364604995161,4.636074495990414,4.841786417330351,0.015761226415634155,108.72825920786141,98.49827617288348,4.1823294876420976,50.88935795394207,40.47833237110378,0.07015790470602616,4.841786417330351,4.5293143778992135,"Ryan Yarbrough",16502,642232
2024,"Joan Adon","WSN",0,0,0,8,1,10.2,5.062500754371398,3.3750005029142653,1.6875002514571327,0.2857142857142857,0.63380282,0.583333333,0.25,95.11141320430872,6.750001005828531,4.866618337532741,5.885230183415175,4.581736293845849,-0.06152405962347984,93.00858105939005,88.54305617977529,4.543952191011236,47.00888837078652,40.50085157303371,0.311239606741573,4.581736293845849,4.523493858251424,"Joan Adon",22925,672851
2024,"Ty Madden","DET",1,1,0,6,1,23,6.6521739130434785,3.130434782608696,0.782608695652174,0.3150684931506849,0.70512821,0.445945945,0.066666666,94.44258674172794,4.304347826086956,4.361994828874483,3.992566734811534,4.834316829883534,0.22431641817092896,95.00153846153844,93.54287841191065,4.880473126550869,43.39771806451613,47.15286518610422,0.535587171215881,4.834316829883534,4.515287988578752,"Ty Madden",30140,680744
2024,"Clayton Kershaw","LAD",2,2,0,7,7,30,7.200000457763701,2.700000171661388,0.6000000381469751,0.3541666666666667,0.63348416,0.385416666,0.06060606,89.80517850907822,4.500000286102313,4.558398318391303,3.533146468268502,4.329689099088705,0.6591532230377197,100.9223061630219,99.65518886679918,4.876213392857141,43.443400972222214,36.925621428571425,0.5327469047619048,4.329689099088705,4.514614630148575,"Clayton Kershaw",2036,477132
2024,"Davis Martin","CHW",0,5,0,11,10,50,8.4600003227234,4.140000157928473,0.9000000343322767,0.32142857142857145,0.74647887,0.458333333,0.094339622,93.71335920198696,4.320000164794928,4.098292312828601,4.266479820251467,4.569208742394838,0.622290613129735,93.86259970537901,93.61541593553001,4.385342623318386,48.710877556053816,52.8833467264574,0.2055005269058296,4.569208742394838,4.513034925151691,"Davis Martin",21448,663436
2024,"Noah Davis","COL",0,0,0,9,0,20.1,6.639344677493279,3.098360849496863,1.3278689354986557,0.39436619718309857,0.68047337,0.424657534,0.107142857,93.9127705891927,5.7540987204941745,4.324929204633502,4.641889706621634,4.80596686643379,0.009962114505469799,89.5925274725275,88.37494505494507,4.476075671232877,47.737244904109595,35.390368136986304,0.26598816438356165,4.80596686643379,4.511212474555768,"Noah Davis",25862,663562
2024,"Trevor Richards","- - -",2,2,1,55,2,65.1,8.540817490124653,4.821429228296175,0.9642858456592349,0.21637426900584794,0.63202247,0.352272727,0.081395348,92.35656449225866,4.545918986679251,3.6888864339001426,4.360357491963134,4.957797210119272,0.11894414946436882,101.56315676092423,94.99950005459705,3.9558807856107325,53.31934122336236,64.53472935908152,-0.08080740165731803,4.957797210119272,4.510956211673748,"Trevor Richards",19309,670950
2024,"Simeon Woods Richardson","MIN",5,5,0,28,28,133.2,7.87780608581437,3.231920445462306,1.077306815154102,0.2831168831168831,0.73567708,0.352644836,0.09090909,92.98466309652929,4.1745639087221456,4.045841293142306,4.116604538877094,4.551368757712746,1.8420921564102173,90.2422202797203,98.10552447552443,4.301138176675369,49.614441666666664,43.273834760661444,0.1493637510879025,4.551368757712746,4.5094067955579185,"Simeon Woods Richardson",24494,680573
2024,"Matt Bowman","- - -",1,0,0,25,1,30.2,7.043479515778543,3.815218071046711,1.4673915657871965,0.23863636363636365,0.76470588,0.440860215,0.142857142,93.8125991821289,4.402174697361589,4.861357020975649,5.188219268929933,4.794315749329,-0.23992838710546494,106.26896455657018,108.43290421260595,3.5440596981891344,57.73854265593561,53.34237555331992,-0.3553549094567405,4.794315749329,4.501666637434744,"Matt Bowman",13528,621199
2024,"River Ryan","LAD",1,0,0,4,4,20.1,7.967213612991934,3.983606806495967,0.4426229784995519,0.2641509433962264,0.88495575,0.5,0.047619047,96.26431725543478,1.3278689354986557,3.8417148015616087,3.3632011020673733,4.285439349772903,0.4129149317741394,101.3026440677966,91.77457627118645,4.677611824324325,45.574584695945944,53.82417658783784,0.4003460135135135,4.285439349772903,4.4990155817036825,"River Ryan",29514,689981
2024,"Keider Montero","DET",6,6,0,19,16,98.1,7.047458059995305,2.83728830986824,1.7389831576611794,0.2872340425531915,0.74487896,0.392026578,0.172727272,94.74290646530511,4.759322326230596,5.4981610744625815,5.149530747552543,4.32906552445607,0.006804823875427246,94.56933559599508,93.72160588757897,4.152127233766233,51.21346805844157,49.202061876623375,0.050022558441558444,4.32906552445607,4.4912172000269965,"Keider Montero",22630,672456
2024,"Tanner Gordon","COL",0,6,0,8,8,34.1,6.81553423300194,1.5728155922312168,2.6213593203853613,0.3706896551724138,0.57446809,0.37704918,0.204081632,92.18538519246688,8.650485757271692,5.796538030713502,6.137353674726539,4.508860757274178,-0.23351940512657166,88.09496710526315,90.15440789473683,4.386621169686985,48.697147462932456,31.74423217462932,0.2063518945634267,4.508860757274178,4.480229984571803,"Tanner Gordon",27669,685299
2024,"Brandon Williamson","CIN",0,0,0,4,3,14.1,7.534884389379137,3.139535162241307,2.5116281297930456,0.16666666666666666,0.87719298,0.325,0.210526315,92.81027123235887,3.7674421946895684,4.750641820771563,6.58508473273033,4.961467824847525,-0.17202644236385822,93.43803635038861,82.97299060880829,6.050802734375001,30.839121015624997,39.639509296875,1.315806640625,4.961467824847525,4.476023574696773,"Brandon Williamson",25463,682227
2024,"Christian Scott","NYM",0,3,0,9,9,47.1,7.415493156956771,2.281690202140545,1.5211268014270298,0.27205882352941174,0.73221757,0.323943661,0.111111111,94.31343900240384,4.56338040428109,4.220312376898811,4.603099535193101,4.705872888263329,0.445525199174881,100.28157961783437,102.51903184713377,3.9285523350253806,53.61259642131979,56.72054629441624,-0.09902734771573601,4.705872888263329,4.475913067851298,"Christian Scott",30107,681035
2024,"Alexis Díaz","CIN",2,5,28,60,0,56.1,8.786983041885922,4.952663169062974,0.9585799682057369,0.25,0.67988669,0.326530612,0.085714285,94.08189394771529,3.994083200857237,3.641258636998505,4.568846768813003,5.063058442467817,0.2158411145210266,92.259099283521,97.41138178096216,4.24660110542477,50.199680122824994,67.41066928352099,0.11300571136131013,5.063058442467817,4.4754484282084945,"Alexis Diaz",21132,664747
2024,"Kyle Freeland","COL",5,8,0,21,21,113.1,6.750000302931856,2.0647059750144496,1.7470589019353038,0.3146067415730337,0.67588326,0.401595744,0.146666666,91.64180570268361,5.241176705805911,4.975940491004449,4.904715150417345,4.382373311680686,0.9394669532775879,89.82730290456433,96.79130474873212,4.244909717354437,50.21784465799886,38.18124123233465,0.11187755228942908,4.382373311680686,4.474777814299671,"Kyle Freeland",16256,607536
2024,"Michael Kelly","OAK",3,2,0,28,0,31.1,6.3191503466069205,2.872341066639509,0.5744682133279019,0.27472527472527475,0.77956989,0.388888888,0.05,95.40186848958334,2.5851069599755583,3.549172395162393,3.836692693839014,4.937129202718809,0.13454094529151917,107.35592274678109,97.91746781115879,4.148598042553192,51.25132661702128,46.02303257446809,0.04767059574468086,4.937129202718809,4.462223346710205,"Michael Kelly",12791,547184
2024,"Yariel Rodríguez","TOR",1,8,0,21,21,86.2,8.82692333593877,4.1538462757358925,1.1423077258273704,0.27510917030567683,0.6988189,0.373949579,0.111111111,,4.465384746416085,3.905788171767896,4.3434028897482975,4.420581725274152,1.0745073556900024,93.51790806129249,90.37956029313793,4.519589630127774,47.27029096166779,52.96680081371891,0.2949983322125084,4.420581725274152,4.460928650758074,"Yariel Rodriguez",33838,684320
2024,"Cooper Criswell","BOS",6,5,0,26,18,99.1,6.614094044398545,2.808724868169245,0.9060402800545952,0.3069306930693069,0.7007874,0.503205128,0.096153846,85.36280059814453,4.077181260245679,4.324302807471373,4.153056972127021,4.427374501615815,1.1097589954733849,103.03674840875235,101.27754939425965,3.5440857768924303,57.73825113830393,52.3492099715424,-0.35533830392714855,4.427374501615815,4.453085693302208,"Cooper Criswell",24975,681867
2024,"Nick Anderson","KCR",3,1,1,37,0,35.2,7.31775753112205,3.7850469988562323,1.514018799542493,0.28431372549019607,0.79812207,0.398148148,0.136363636,94.74593777126736,4.037383465446648,5.253003292737705,5.073021970306268,4.751387457852154,-0.2244325578212738,89.71578778135044,87.82588424437301,4.803015836236935,44.22887491289198,29.93794331010453,0.48394871080139384,4.751387457852154,4.4436721816021,"Nick Anderson",18337,623433
2024,"Max Meyer","MIA",3,5,0,11,11,57,7.2631578947368425,3,2.210526315789474,0.2891566265060241,0.71428571,0.5,0.215384615,94.15740184294872,5.684210526315789,4.648862266373837,5.9033218835529535,4.434559539770871,-0.313399076461792,88.09427094105482,93.52701137538777,4.711537551652893,45.21053654958677,58.576266787190086,0.4229632231404959,4.434559539770871,4.441428885883986,"Max Meyer",27474,676974
2024,"Tyler Zuber","TBR",0,0,0,2,0,3.1,10.80000102996836,5.40000051498418,2.70000025749209,0.25,1,0.222222222,0.166666666,94.959228515625,2.70000025749209,3.7018565355197097,6.46648009300235,5.288095111822161,-0.060312092304229736,114.4824,111.71866666666666,3.4631230666666664,58.607098933333326,65.90952426666668,-0.40931293333333335,5.288095111822161,4.440275752723159,"Tyler Zuber",20379,676604
2024,"Jordan Hicks","SFG",4,7,1,29,20,109.2,7.878419704096996,3.857142980130821,0.9848024630121245,0.31545741324921134,0.75396825,0.509202453,0.118811881,95.87830300932949,4.103343595883852,4.730286544982442,4.370127233082393,4.340153211109096,0.485898993909359,105.00092153975116,98.95419696264136,4.522505612244897,47.23898262244899,51.1075975255102,0.2969424132653062,4.340153211109096,4.4368097824094965,"Jordan Hicks",19618,663855
2024,"Jhonathan Díaz","SEA",0,1,0,5,1,9.2,7.448276351946887,2.7931036319800824,1.8620690879867217,0.35294117647058826,0.77464789,0.428571428,0.142857142,90.53040049027423,4.655172719966804,3.8860232827919288,5.131997148942446,4.632147221629698,-0.05473585054278374,95.98024096385542,88.15168674698795,4.218276807228916,50.50363289156627,46.16713590361446,0.09412397590361438,4.632147221629698,4.436809556509747,"Jhonathan Diaz",20298,646242
2024,"Kyle Gibson","STL",8,8,0,30,30,169.2,8.00982366294778,3.607072907817543,1.220039365879463,0.28991596638655465,0.70717131,0.447580645,0.13372093,91.61108265027322,4.243615185667697,4.819796139998384,4.421882604049823,4.192405846893454,1.428179144859314,87.17605807622509,94.44466061705991,4.866375144717801,43.54900976483358,46.254750629522434,0.5261877460202605,4.192405846893454,4.436054892573236,"Kyle Gibson",10123,502043
2024,"Miguel Castro","ARI",0,0,0,11,0,13.2,5.268293663265631,1.9756101237246115,1.9756101237246115,0.3469387755102041,0.75757576,0.470588235,0.1875,,5.926830371173835,6.184810057332494,5.727455864599477,4.643953309286822,-0.1701621115207672,98.61145299145298,101.90641025641025,3.9496864377682397,53.385837854077245,59.82570545064378,-0.08493763948497855,4.643953309286822,4.418199787139892,"Miguel Castro",15684,612434
2024,"Adbert Alzolay","CHC",1,4,4,18,0,17.1,6.75000123794285,3.1153851867428535,3.1153851867428535,0.2653061224489796,0.73863636,0.418181818,0.260869565,95.06507895026408,4.67307778011428,6.656826530551334,7.378019012219949,4.884337401598944,-0.8019464612007141,101.18012232415902,94.21406727828746,4.59448686930091,46.46656142857143,48.5556618237082,0.3449301823708207,4.884337401598944,4.41734384379387,"Adbert Alzolay",17859,640470
2024,"Joe Jacques","- - -",0,0,0,2,0,3,6.000001907349239,3.0000009536746197,3.0000009536746197,0.45454545454545453,0.75757576,0.416666666,0.5,,9.000002861023859,17.048321045308906,8.166481367747494,4.84115258146852,-0.056939784437417984,106.2148,73.5368,5.2440582,39.496116,54.9083108,0.7779766000000001,4.84115258146852,4.415822834014892,"Joe Jacques",25178,682175
2024,"Patrick Corbin","WSN",6,13,0,32,32,174.2,7.1622141575828815,2.7824429101401122,1.2881680139537557,0.3370165745856354,0.65652174,0.46332737,0.136612021,91.37990046121988,5.616412540838375,5.472135449010188,4.414571454031656,4.138030626887474,1.7376071214675903,93.45638504155124,95.91954293628804,4.1356871641274235,51.389875986842114,41.95052806786705,0.03906280124653741,4.138030626887474,4.413766262898331,"Patrick Corbin",9323,571578
2024,"Logan Allen","ARI",0,1,1,12,0,28,6.750000919614645,3.2142861521974497,0.9642858456592349,0.31521739130434784,0.67839196,0.410526315,0.1,91.56210256177326,5.464286458735665,5.494882218249161,4.34505136742886,4.572203262184993,-0.006421058904379606,95.93182978723405,95.27438297872341,4.351147489361702,49.077812297872335,41.945139319148936,0.1827032765957447,4.572203262184993,4.411663959503175,"Logan Allen",18555,663531
2024,"Ricardo Pinto","PHI",0,0,1,6,0,10.2,6.750000402331376,4.21875025145711,1.687500100582844,0.40476190476190477,0.51724138,0.59090909,0.166666666,94.12042236328125,10.968750653788486,4.647242786245745,6.072729951515804,5.336239364617144,-0.14053010940551758,89.37918552036199,88.08063348416295,5.985411176470588,31.54083642533937,41.285632443438914,1.2722133936651585,5.336239364617144,4.401715578789901,"Ricardo Pinto",16318,620982
2024,"Michael Soroka","CHW",0,10,0,25,9,79.2,9.489540506270382,4.970711693760676,1.4686193640656542,0.26108374384236455,0.67510549,0.402843601,0.144444444,93.54206939436432,4.744770253135191,4.54831945922709,4.9489066987797345,4.53569440504963,0.3627607226371765,95.42124066711986,87.0184978455314,4.903689078309078,43.14855384615384,47.91493728343727,0.5510646846846847,4.53569440504963,4.400050810232891,"Michael Soroka",18383,647336
2024,"Lance Lynn","STL",7,4,0,23,23,117.1,8.360795816976193,3.375000146302316,1.2272727804735695,0.2869822485207101,0.6998557,0.362857142,0.111111111,92.49589554704016,3.835227438979905,4.867607119868009,4.308525282341589,4.391444693571976,1.310463786125183,97.85240294840297,91.63824078624079,4.320872706843717,49.402665730337084,46.449771859039835,0.16252060776302354,4.391444693571976,4.397215948826222,"Lance Lynn",2520,458681
2024,"Eduardo Rodriguez","ARI",3,4,0,10,10,50,8.460000645446826,3.420000260925313,1.4400001098632895,0.3221476510067114,0.72530864,0.37012987,0.137931034,91.93803810586735,5.040000384521513,5.406017045900868,4.566479885101327,4.240409611441504,0.28780362010002136,91.67140208574745,93.56268829663965,4.367940781609195,48.89761937931034,39.56807491954023,0.193897540229885,4.240409611441504,4.3957094007583475,"Eduardo Rodriguez",13164,593958
2024,"Carson Fulmer","LAA",0,5,0,37,8,86.2,8.41153907860529,4.153846458570514,1.1423077761068914,0.2892561983471074,0.7323689,0.406374501,0.112244897,93.32115122935436,4.153846458570514,4.7566983428897585,4.504941414940294,4.564674001742361,0.21677086502313614,88.94683451849686,89.27218455461558,4.873070135685211,43.47712734735415,45.6567084192673,0.5306517164179104,4.564674001742361,4.391961388354959,"Carson Fulmer",18311,608334
2024,"Landen Roupp","SFG",1,2,0,23,4,50.1,8.40397435916869,4.649007092306083,0.357615930177391,0.2907801418439716,0.72916667,0.471830985,0.047619047,93.70735437729779,3.5761593017739104,4.01090577293728,3.4247579500845777,4.169877622624837,0.540614128112793,98.39775075905351,100.18496799253667,4.09138887541345,51.86521399117972,52.772976890848945,0.009531686879823626,4.169877622624837,4.391002744694017,"Landen Roupp",30076,694738
2024,"Cody Bolton","SEA",0,0,0,17,0,18.2,8.196429688103498,4.339286305466557,1.4464287684888524,0.2777777777777778,0.70175439,0.385964912,0.136363636,95.0496114095052,4.339286305466557,3.921936570060456,4.880765726128435,4.573489877312623,-0.060487743467092514,106.89737179487175,104.74538461538464,3.8703165814696483,54.237523386581465,56.670373865814696,-0.13785073482428115,4.573489877312623,4.3852699350822295,"Cody Bolton",23265,675989
2024,"Joe Ross","MIL",3,6,0,25,10,74,8.027027233923505,3.5270271179360857,0.8513513732949173,0.2981651376146789,0.72668113,0.409909909,0.075268817,94.78997171336206,3.7702703674489193,3.9545444763337745,3.8286419575191752,4.49913902586384,0.8921629190444946,92.7284991630817,97.3025092850765,4.175285734557596,50.96495113522538,43.96311935726211,0.06546205342237062,4.49913902586384,4.381774214782878,"Joe Ross",12972,605452
2024,"Jalen Beeks","- - -",7,4,10,71,0,70,7.071430305559233,3.471429422729078,0.7714287606064618,0.3212669683257919,0.65922921,0.450892857,0.073170731,94.72973188920454,4.500001103537694,3.8002256168230515,3.995051410052291,4.651975704152948,0.6291933953762054,94.89416775951273,89.77091666299287,5.079260687519557,41.264550424070286,47.86903387298111,0.6681122599350101,4.651975704152948,4.380582539986163,"Jalen Beeks",17192,656222
2024,"Raymond Burgos","SFG",0,0,0,1,0,1,9,9,0,0.6,0.75,0.8,0,92.8377685546875,9,2.199946318036961,4.166479778289795,5.678488184511662,-0.0014256825670599937,83.98400000000001,99.4944,5.02176,41.88148,41.36648,0.62978,5.678488184511662,4.378749489993627,"Raymond Burgos",22370,670103
2024,"Luis Ortiz","PIT",7,6,1,37,15,135.2,7.0982804309310925,2.786240916814074,1.0614251111672661,0.24345549738219896,0.75581395,0.396984924,0.095238095,95.86524333428899,3.316953472397707,4.32867226001331,4.2500179126063795,4.589212613356862,0.9353640675544739,98.0604730290288,98.6833076963784,4.021023080189035,52.62030634196274,53.539068667073856,-0.037379456552508045,4.589212613356862,4.377967445267089,"Luis Ortiz",27646,682847
2024,"Frankie Montas","- - -",7,11,0,30,30,150.2,8.840708337661791,3.942478042470799,1.4336283790802904,0.2822384428223844,0.68946188,0.41588785,0.148148148,95.75308814010357,4.838495779395981,4.674356660320071,4.7063028521167745,4.261249924982076,1.287661075592041,102.42102696444846,101.06019781154428,4.225973923426839,50.42102727824109,49.22342031842305,0.09925409401061407,4.261249924982076,4.377862554354312,"Frankie Montas",14309,593423
2024,"Cionel Pérez","BAL",2,0,2,62,0,53.2,7.714287176530196,4.695653063974902,0,0.29559748427672955,0.6375,0.557692307,0,96.52188621411483,4.527951168832941,3.5820497780694214,3.2969145856224316,4.592922036613899,0.7190252542495728,102.54909090909086,104.90790209790205,3.7328627861271673,55.71251554913297,57.4320761734104,-0.22948619653179197,4.592922036613899,4.374425397893633,"Cionel Perez",19614,672335
2024,"David Peterson","NYM",10,3,0,21,21,121,7.512396694214876,3.4214876033057853,0.5950413223140496,0.29310344827586204,0.78392622,0.50141643,0.077669902,93.17740885416667,2.9008264462809916,4.589609629972819,3.6706120096947537,4.098189413338161,1.8781946897506714,93.3495437466452,95.57390230810519,4.536219461333333,47.091844112000004,50.67514331733334,0.30608423466666673,4.098189413338161,4.3713836657811616,"David Peterson",20302,656849
2024,"Josh Walker","NYM",0,0,0,10,0,12.1,8.027028475302602,4.378379168346874,0.7297298613911456,0.32432432432432434,0.68181818,0.47368421,0.071428571,94.42600866866438,5.108109029738019,4.0962075101600846,3.896209639680941,4.558489571640776,0.0397505983710289,95.1933953488372,90.43283720930229,5.239919395348838,39.540539395348844,49.12964725581396,0.7752177209302324,4.558489571640776,4.370985612777636,"Josh Walker",23617,677020
2024,"Brad Keller","- - -",0,4,1,16,2,41.1,6.967742632132609,3.2661293588121603,1.9596776152872961,0.291044776119403,0.70610687,0.5,0.183673469,,5.4435489313536,4.725645970859205,5.682609062115459,4.644425375369136,-0.384687889367342,92.88648611972702,93.09218258891649,4.46684251344086,47.83631056451613,41.76963212365592,0.2598327688172043,4.644425375369136,4.363812662115292,"Brad Keller",15734,641745
2024,"Justin Anderson","CHW",1,2,1,56,0,53.1,9.618752293289255,5.4000012874606345,0.8437502011657241,0.296551724137931,0.71052632,0.378378378,0.080645161,96.13156847133757,4.387501046061765,4.919957804866239,4.216480028629363,4.755439929360336,0.20812280476093292,106.56046511627903,95.85712473572934,4.505158656084657,47.42514896296298,59.699833894179896,0.2853774074074074,4.755439929360336,4.3617731936743365,"Justin Anderson",16201,605121
2024,"Jake Diekman","NYM",2,3,4,43,0,32,11.250004693867735,6.750002816320641,1.9687508214268536,0.22857142857142856,0.65533981,0.447368421,0.291666666,94.7489752435065,5.625002346933868,5.083485106913335,6.135231016949336,4.425486608254779,-0.809823751449585,111.43266871165646,94.90558282208589,3.9993640472175396,52.85273888701518,68.29799591905565,-0.051818920741989884,4.425486608254779,4.357454034963187,"Jake Diekman",5003,518617
2024,"DL Hall","MIL",1,2,0,13,7,43,9.20930293832621,4.395349129655691,1.2558140370444832,0.3442622950819672,0.72755418,0.455284552,0.130434782,93.57830293299789,5.023256148177933,4.410766301043787,4.6781077858433395,4.481651649195441,0.18682214245200157,89.34888002232452,88.72770421202866,4.46051098339719,47.90425632183908,52.45769054916986,0.25561222222222224,4.481651649195441,4.356279137684753,"DL Hall",22207,669084
2024,"Slade Cecconi","ARI",2,7,0,20,13,77,7.480519943764919,1.9870131100625565,1.8701299859412297,0.3206751054852321,0.61810155,0.336,0.132231404,94.46465918106487,6.66233807491563,4.503601668934328,5.023622750439766,4.698337238774359,0.1705138385295868,95.10401366120298,103.60588185949979,3.1908229366306022,61.52905089644514,42.744570834621335,-0.5908461360123647,4.698337238774359,4.35414729100927,"Slade Cecconi",27500,677944
2024,"Daulton Jefferies","- - -",0,2,0,6,1,14.2,7.363636682841418,2.454545560947139,2.454545560947139,0.38461538461538464,0.38461538,0.392857142,0.16,93.31519458912037,9.818182243788556,4.278732527463564,6.098298087198877,5.1301305558354,-0.2411702163517475,93.96106761565838,102.13658362989324,3.6124866192170817,57.0042893950178,42.13057412811388,-0.30973619217081855,5.1301305558354,4.352086608667063,"Daulton Jefferies",19345,641726
2024,"Zach Pop","TOR",2,4,1,58,0,48.1,6.144829687783759,3.537932244481558,1.6758626421228435,0.2465753424657534,0.56179775,0.546052631,0.214285714,,5.586208807076145,4.661839243054823,5.525101274610834,4.418294407688244,-0.6273666024208069,110.76253711201073,109.47168690958159,3.820971343283583,54.76705162822254,52.20838052917233,-0.17074766621438262,4.418294407688244,4.3502471126832765,"Zach Pop",20185,647315
2024,"Rob Zastryzny","MIL",1,0,0,9,3,7.2,5.8695671644018965,1.1739134328803793,0,0.18181818181818182,0.83333333,0.333333333,0,91.49581654866536,1.1739134328803793,1.9114699938626938,2.644740474787404,4.814144559855285,0.21685820072889328,100.62141404576063,88.1240706305479,4.5618494214876035,46.81680933884297,53.795758264462805,0.3231711570247934,4.814144559855285,4.350102183174906,"Rob Zastryzny",15094,642239
2024,"Rich Hill","BOS",0,1,0,4,0,3.2,12.272732592813576,7.363639555688145,2.454546518562715,0,0.83333333,0.5,0.5,86.48891420717592,4.90909303712543,7.211975121718762,7.257390642560987,4.536666775643608,-0.10884775966405869,108.31753086419752,75.24444444444444,5.803637042253521,33.49144718309859,49.634405492957754,1.1510280281690142,4.536666775643608,4.349800198638382,"Rich Hill",4806,448179
2024,"Grant Holman","OAK",1,1,0,18,0,15.2,9.191491972758671,5.170214234676752,0.5744682482974169,0.34782608695652173,0.7421875,0.44680851,0.0625,94.4740234375,4.021277738081919,3.3711641369625993,3.8686076373199714,4.582999404060582,0.06244293227791786,89.02226804123711,78.90969072164948,5.944485719178083,31.979961472602742,48.0954090410959,1.2449283904109592,4.582999404060582,4.349447792747048,"Grant Holman",30002,680880
2024,"Robert Gasser","MIL",2,0,0,5,5,28,5.142857142857143,0.32142857142857145,0.6428571428571429,0.2826086956521739,0.78767123,0.430107526,0.0625,93.2071063701923,2.5714285714285716,2.9373598710661075,3.3807654925755095,4.180203671114786,0.6714549660682678,105.37814070351757,101.01050251256281,2.402151829573935,69.9921428320802,46.39380571428571,-1.1166267669172933,4.180203671114786,4.344839576023173,"Robert Gasser",29812,688107
2024,"Steven Okert","MIN",3,2,1,44,1,35.1,8.405663182578614,4.075473058219934,1.5283023968324754,0.30392156862745096,0.71428571,0.326923076,0.130434782,93.02947998046875,5.094341322774918,4.0074741401333585,5.119310618686848,4.880227143224153,-0.24032206321135163,113.42656723753574,115.88219707563667,4.0919736952998385,51.85895379254457,59.28185168557537,0.009921004862236616,4.880227143224153,4.344708622997292,"Steven Okert",13580,595345
2024,"Bryse Wilson","MIL",5,4,0,34,9,104.2,7.050955842313089,2.665605257459826,1.7197453273934362,0.26885245901639343,0.80733945,0.377708978,0.143884892,93.647109375,4.041401519374575,5.3000854549192375,5.0868620605457995,4.610771284475122,-0.2562295123934746,101.70631523844796,98.09422541610432,4.199970109555691,50.70008212416312,41.665213469263534,0.08191782714546564,4.610771284475122,4.3400211926515055,"Bryse Wilson",19990,669060
2024,"Hunter Strickland","LAA",3,2,1,72,0,73.1,6.9954557584339065,2.9454550561826975,1.227272940076124,0.22885572139303484,0.75,0.357142857,0.093457943,94.45367398648649,3.313636938205535,3.4692334723312355,4.448298182369302,4.881728704784218,0.21299046277999878,105.7886505190311,106.3642733564014,3.5072457659208256,58.13358482788294,57.85233065404475,-0.37989759896729774,4.881728704784218,4.339648768986046,"Hunter Strickland",7836,519326
2024,"Shane Baz","TBR",4,3,0,14,14,79.1,7.827731594292879,3.063025406462431,1.0210084688208103,0.22857142857142856,0.79575597,0.392694063,0.09574468,95.66969209558823,3.063025406462431,3.643578097313974,4.074042861686071,4.390792338105314,1.077201008796692,102.28147963424772,100.05720698254363,4.1385810190555095,51.358823280861635,53.19564204639601,0.040992410936205426,4.390792338105314,4.334226716348226,"Shane Baz",22264,669358
2024,"Paul Blackburn","- - -",5,4,0,14,14,75.1,7.048672685347577,2.5088495998694764,1.433628342782558,0.2895927601809955,0.70913462,0.456896551,0.151898734,92.17164120431674,4.659292114043313,4.587771252290129,4.626656794086845,4.1414620614484,0.45137062668800354,88.31516358106121,101.88699914650087,4.402810041254126,48.52342621287129,39.127197070957095,0.21714553630363034,4.1414620614484,4.334100536667984,"Paul Blackburn",14739,621112
2024,"Colin Rea","MIL",12,6,1,32,27,167.2,7.2465211495356305,2.308151180963201,1.5566600987891355,0.28169014084507044,0.7662624,0.38771593,0.136792452,93.0369091892429,4.294234755280374,4.887420496457971,4.752960951768378,4.416255862175867,0.8043355643749237,96.32279774170202,95.48086152379311,4.372104340120664,48.85292947586727,39.715741998491694,0.19667453619909503,4.416255862175867,4.333975336028232,"Colin Rea",12317,607067
2024,"Jesús Luzardo","MIA",3,6,0,12,12,66.2,7.830000298690807,2.9700001132965133,1.2150000463485735,0.28415300546448086,0.66298343,0.37037037,0.118421052,95.51789022229381,4.995000190544135,4.552307390436034,4.261479820060732,4.230169401959262,0.6980787515640259,99.14155124653739,98.32930747922438,4.2807537177121775,49.83319295202952,55.969400249077495,0.1357741236162362,4.230169401959262,4.33362600072007,"Jesus Luzardo",19959,666200
2024,"Dean Kremer","BAL",8,10,0,24,24,129.2,8.537275734028224,3.5398460360604833,1.2493574244919352,0.2569832402234637,0.66282421,0.416666666,0.115384615,93.55228365384616,4.095116002501343,4.523177508082863,4.32329220837492,4.337739340901206,1.4360791444778442,96.28014780600462,96.37875288683607,4.509797789037309,47.375365992630115,42.92965015200369,0.28847034546292033,4.337739340901206,4.332369024556835,"Dean Kremer",19350,665152
2024,"José Berríos","TOR",16,11,0,32,32,192.1,7.159445596610867,2.5268631517450117,1.4506066241499143,0.2560747663551402,0.81419624,0.432384341,0.149758454,94.18377198193916,3.6031196793401095,4.690743447033807,4.715873233475008,4.247861471122299,1.131396770477295,93.65967686490201,99.13419044345132,4.114025550442479,51.62232593982302,43.29692542654867,0.024621844247787614,4.247861471122299,4.331294978879399,"Jose Berrios",14168,621244
2024,"Casey Mize","DET",2,6,0,22,20,102.1,6.85993487473011,2.550488607271451,0.9674267131029642,0.3313253012048193,0.6954612,0.48973607,0.108910891,95.73400341940066,4.485342033477379,4.750024341660883,3.9482387383729987,4.043152572821671,1.3465311788022518,99.03330993313764,102.83649364267416,3.9829350837988833,53.029020536312835,50.197411251396645,-0.06277152513966476,4.043152572821671,4.330478196350169,"Casey Mize",20492,663554
2024,"Luis Frías","- - -",0,1,0,11,0,9.2,11.172415630145835,6.5172424509184035,1.8620692716909724,0.53125,0.43103448,0.411764705,0.25,96.2218501984127,13.965519537682292,8.043981276997838,5.545790514339371,4.107452407125379,-0.12848595157265663,100.47979565217392,92.64183416149068,5.677479565217392,34.84518182608696,45.588696,1.0669247826086958,4.107452407125379,4.329316475372107,"Luis Frias",21997,666818
2024,"Matt Barnes","WSN",0,0,0,14,0,13.1,6.750000643730225,2.70000025749209,0.6750000643730225,0.3333333333333333,0.48387097,0.422222222,0.055555555,91.7982190860215,6.750000643730225,5.757943309112429,3.541479814052586,4.607691264133953,0.13233043253421783,81.8893220338983,85.44618644067799,6.346909578059073,27.66164375527426,25.93519063291139,1.5132110126582277,4.607691264133953,4.326164085702592,"Matt Barnes",12863,598264
2024,"Dan Altavilla","KCR",0,1,0,5,1,3.2,12.272732692565238,7.363639615539142,2.4545465385130476,0.36363636363636365,0.39473684,0.545454545,0.333333333,96.82484690348308,14.727279231078285,6.050503064573787,7.257390675811541,4.949032897857532,-0.09464628621935844,99.16463526834612,105.42422782037238,3.6613500000000005,56.479919156626515,48.334363734939764,-0.277162048192771,4.949032897857532,4.321783520246434,"Dan Altavilla",16507,656186
2024,"Kyle Nicolas","PIT",2,2,0,51,0,54.2,9.054879101878736,5.1036591301498335,0.6585366619548172,0.31543624161073824,0.69651741,0.453947368,0.078431372,97.36713521749522,3.951219971728903,4.370348744890453,4.026235975841918,4.485609725316336,0.10188715904951096,106.73269841269841,85.31360846560843,5.3667131602209945,38.17995179005525,59.23874437569061,0.8597471049723756,4.485609725316336,4.321127871307731,"Kyle Nicolas",27775,693312
2024,"Chris Bassitt","TOR",10,14,0,31,31,171,8.842105263157896,3.6842105263157894,0.9473684210526315,0.3333333333333333,0.72674419,0.402805611,0.101694915,92.66085178732014,4.157894736842105,4.521185009556146,4.078760480044181,4.275400760168569,2.3205277919769287,98.20542005420054,94.0953048780487,4.265133285040432,50.00081666105121,42.84961954851753,0.1253602156334232,4.275400760168569,4.314977973980293,"Chris Bassitt",12304,605135
2024,"Ryan Feltner","COL",3,10,0,30,30,162.1,7.650924264361067,2.8829569691795323,1.1088296035305893,0.30526315789473685,0.66326531,0.449186991,0.115606936,94.78199004305705,4.490759894298887,4.375893930183558,4.158266257003266,4.1679836347803185,2.46358585357666,92.98207782101164,93.76824124513621,4.4362353255813955,48.16473370542637,42.86002527906977,0.2394288294573644,4.1679836347803185,4.314303782857828,"Ryan Feltner",21446,663372
2024,"Dane Dunning","TEX",5,7,0,26,15,95,8.621052977754813,3.789473836375742,1.705263226369084,0.29699248120300753,0.70458404,0.437722419,0.168224299,89.42831159319196,5.305263370926038,5.103554414109606,5.1664798585992155,4.40632087508304,-0.10147638618946075,90.25512405590484,86.51541095745579,4.986888738898756,42.25577682060391,41.04784413262285,0.6065304795737122,4.40632087508304,4.31408898746818,"Dane Dunning",19409,641540
2024,"Kent Emanuel","MIA",0,0,0,12,0,17.2,6.113208427171301,3.5660382491832587,2.0377361423904334,0.2857142857142857,0.6557377,0.6,0.235294117,,6.622642462768909,5.6983609267152575,6.449499118807716,4.961054163362082,-0.42766591906547546,94.65521594684385,78.00272425249166,5.322651986754967,38.65277592715232,45.37635089403974,0.83037238410596,4.961054163362082,4.299768045298939,"Kent Emanuel",15849,592288
2024,"Jon Gray","TEX",5,6,0,23,19,102.2,7.53896129573653,2.4545455381467773,0.9642857471290911,0.3057324840764331,0.67725753,0.400621118,0.083969465,95.14766438802083,4.470779373053059,4.592338138799375,3.702194082250401,4.238620411057316,1.8011972904205322,88.92489521485432,93.87215404487034,4.56628299202943,46.76923496014715,37.024071943592894,0.3261267811158798,4.238620411057316,4.294668667187892,"Jon Gray",14916,592351
2024,"Jameson Taillon","CHC",12,8,0,28,28,165.1,6.804435693200502,1.7963710230049326,1.1431451964576844,0.2686868686868687,0.7629256,0.400785854,0.101941747,92.54225017289073,3.266129132736241,4.042548530046877,3.9225281886454066,4.155232218072615,2.3460159301757812,92.78158383838382,99.71453737373741,3.715200016109544,55.90205911397502,40.55432714458316,-0.24126199758356823,4.155232218072615,4.291175715833407,"Jameson Taillon",11674,592791
2024,"Carlos Carrasco","CLE",3,10,0,21,21,103.2,7.72668829244358,2.864951838771215,1.649517725353124,0.3089700996677741,0.66450567,0.465408805,0.169642857,91.7931534426714,5.6430869551554235,4.64157815695939,4.931753133492261,4.182668949490616,0.13202005624771118,84.48563463819691,85.69069988137605,4.758463284111046,44.70697419964559,44.080046822209084,0.454247678676905,4.182668949490616,4.282497345495246,"Carlos Carrasco",6632,471911
2024,"Forrest Whitley","HOU",0,0,0,3,0,3.1,13.500005149843274,8.100003089905965,0,0.45454545454545453,0.77777778,0.454545454,0,97.53717719184027,0,6.0679485538646105,3.7664800071717184,4.67368539697623,0.020107874646782875,112.52063829787235,87.77191489361702,5.050856170212766,41.5693485106383,57.166599999999995,0.6491774468085107,4.67368539697623,4.281521584014893,"Forrest Whitley",19586,666215
2024,"Hayden Birdsong","SFG",5,6,0,16,16,72,11,5.375,1.375,0.27218934911242604,0.73363431,0.397727272,0.150684931,95.90337868537965,4.75,4.669169392325224,4.666479778289795,4.213377190153632,0.10928963869810104,99.59153400868303,89.1265991316932,5.174588523054755,40.24160159221902,55.211419185878974,0.7316641642651297,4.213377190153632,4.280580821550425,"Hayden Birdsong",31635,806185
2024,"Carson Spiers","CIN",5,7,0,22,10,90.2,7.941177027448277,2.6801472467637937,1.9852942568620693,0.33093525179856115,0.73275862,0.350340136,0.152671755,92.37394766971983,5.459559206370691,4.821141045992222,5.328244635761826,4.6452273218562095,0.029397577047348022,96.25557906289252,95.25916890223739,3.9716160617760616,53.15049854568854,45.03076833333333,-0.07031776061776063,4.6452273218562095,4.280270218895467,"Carson Spiers",27685,686730
2024,"Alex Faedo","DET",5,3,0,37,6,57.1,8.63372227061196,4.395349519584271,1.4127909170092299,0.26490066225165565,0.83086053,0.388535031,0.152542372,94.10687050122893,3.610465676801365,4.410213733845286,4.910666095585141,4.425930484872542,-0.41141247004270554,97.27779636143056,93.54380839052739,4.541931479642503,47.030538152929495,49.34342338629592,0.3098922840119166,4.425930484872542,4.277877878459227,"Alex Faedo",19874,656412
2024,"Miles Mikolas","STL",10,11,0,32,32,171.2,6.396116883871838,1.3106796893179997,1.3631068768907195,0.30996309963099633,0.62899787,0.419469026,0.126213592,93.39575892857142,5.3475731324174385,4.615169471188496,4.238324501998737,4.0838025414734505,1.9394696950912476,94.10920059215398,97.4629607698001,3.580441907578558,57.34811379297596,35.24225306099816,-0.33110060628465804,4.0838025414734505,4.2772303223837405,"Miles Mikolas",9803,571945
2024,"Logan Gillaspie","SDP",0,0,0,9,0,11.1,5.558824153095038,0,1.588235472312868,0.3333333333333333,0.53030303,0.292682926,0.111111111,94.95222516741072,7.147059625407906,4.959095501243432,4.490009338550518,4.597316819295411,-0.017207570374011993,92.18384105960263,103.2246357615894,3.173359933774835,61.716421655629134,41.7402042384106,-0.6024879470198674,4.597316819295411,4.269507103142798,"Logan Gillaspie",22461,670810
2024,"Tyler Phillips","PHI",4,1,0,8,7,36.2,6.872727749406832,1.718181937351708,2.209091062309339,0.3157894736842105,0.62801932,0.422764227,0.195652173,,6.872727749406832,5.957150370563396,5.566479944749323,4.272454037349172,-0.06770025566220284,93.1362752581949,94.36134017010491,4.464681453287198,47.859484463667826,44.8301255017301,0.2583922491349481,4.272454037349172,4.265483872527574,"Tyler Phillips",20629,663969
2024,"Keaton Winn","SFG",3,8,0,12,12,55.1,7.807229095073588,3.253012122947328,1.4638554553262977,0.29936305732484075,0.53412463,0.5,0.183673469,96.17301872184684,7.156626670484122,5.54117687164893,4.847202708479248,4.071692062432718,0.0015257716877385974,102.18531914893617,99.6501891252955,3.979695530216648,53.06381074116305,53.882204013683,-0.06493116305587233,4.071692062432718,4.263202815941252,"Keaton Winn",23499,676775
2024,"Kyle Nelson","ARI",0,0,0,11,0,10.2,6.750002212823163,3.3750011064115815,1.6875005532057907,0.21428571428571427,0.76086957,0.366666666,0.285714285,90.60270579268293,4.218751383014476,5.6566495677522015,5.228980454430205,3.783735497225088,-0.10097992420196533,95.86731034482757,97.43213793103448,4.1349286896551725,51.39801551724138,35.50112662068966,0.03855751724137931,3.783735497225088,4.261640651628566,"Kyle Nelson",20515,669459
2024,"Patrick Sandoval","LAA",2,8,0,16,16,79.2,9.150627907170504,3.9539750216168845,0.9037657192267164,0.3407079646017699,0.66189624,0.45021645,0.102564102,93.99777631222943,5.08368217065028,4.370306149613551,3.8694086710216857,4.044345777258426,1.2016021013259888,99.68936022253129,106.52904033379698,4.154633040774015,51.18655948168625,51.25247346924672,0.05169337249481684,4.044345777258426,4.258796824398145,"Patrick Sandoval",19447,663776
2024,"Aaron Civale","- - -",8,9,0,31,31,161,8.329192941283845,2.906832435884295,1.6211180892431645,0.2847682119205298,0.76396807,0.356394129,0.142156862,92.11024305555556,4.360248653826442,4.062567810412015,4.737908424184511,4.31213023549402,0.900985836982727,106.15325834713639,99.3665226022102,4.598445344444444,46.42409281481482,39.23773991481482,0.3475683111111111,4.31213023549402,4.257796064760518,"Aaron Civale",19479,650644
2024,"Mason Englert","DET",1,0,0,12,1,21.2,6.646154041177428,2.0769231378679462,1.661538510294357,0.2835820895522388,0.5982906,0.366197183,0.129032258,92.90728759765625,5.400000158456661,5.530603255562623,4.920325983600505,4.683661080942523,-0.06467211991548538,92.77399516518935,102.00059145850122,4.628722027397259,46.09921021917808,48.25352276712328,0.3677520547945206,4.683661080942523,4.247164453404594,"Mason Englert",22288,669438
2024,"Vinny Nittoli","- - -",0,1,0,9,0,12,6.000000476837196,1.500000119209299,0.7500000596046495,0.2571428571428571,0.94339623,0.333333333,0.055555555,,1.500000119209299,3.414894700364043,3.4164797981580115,4.601159168307335,0.07964593544602394,107.3814606741573,107.30674157303372,3.138003314606742,62.095843202247195,65.92258719101125,-0.626060393258427,4.601159168307335,4.246555167458153,"Vinny Nittoli",16754,657697
2024,"Mitchell Parker","WSN",7,10,0,29,29,151,7.927152317880795,2.562913907284768,1.0728476821192052,0.3022222222222222,0.67318757,0.379609544,0.096256684,92.60531838109495,4.291390728476821,4.366667728817627,3.8485989835878085,4.1714173409619075,2.432508945465088,88.96452877397833,90.99167639699749,4.510170016638935,47.371370199667226,44.2551885690516,0.2887179284525791,4.1714173409619075,4.245875295269778,"Mitchell Parker",27636,680730
2024,"Kevin Gausman","TOR",14,11,0,31,31,181,8.05524861878453,2.7845303867403315,0.994475138121547,0.2810077519379845,0.7025641,0.382739212,0.088888888,94.01073561574697,3.8287292817679557,4.815906858544872,3.7742145849196294,4.217318957294878,2.9966886043548584,95.70610430521526,102.51114455722787,3.806508641432917,54.92224509969583,49.775577749239595,-0.18038964515038858,4.217318957294878,4.2391997227519,"Kevin Gausman",14107,592332
2024,"Brandon Hughes","ARI",0,0,0,15,2,17.2,10.698115325050868,5.094340630976604,4.075472504781283,0.3333333333333333,0.80645161,0.285714285,0.296296296,92.41499644312366,8.150945009562566,9.71402671174006,8.71365068757543,5.137662827016292,-0.5446330606937408,97.11083150309157,98.27930265583514,4.299166866096866,49.63559840455841,53.766611851851856,0.14805011396011397,5.137662827016292,4.236756363135479,"Brandon Hughes",23460,676714
2024,"David Bednar","PIT",3,8,23,62,0,57.2,9.052024119385308,4.369942678323942,1.4046244323184098,0.27439024390243905,0.62154696,0.370588235,0.1125,97.318359375,5.7745671106423515,4.26123008438489,4.796537761474123,4.865219951088323,-0.1830412894487381,109.03509803921571,104.43299999999999,4.079400522682446,51.99387902366863,56.64508055226827,0.0015387376725838112,4.865219951088323,4.229277400691249,"David Bednar",19569,670280
2024,"Osvaldo Bido","OAK",5,3,0,16,9,63.1,8.952632028310274,3.6947370275566214,0.4263158108719179,0.25,0.71030641,0.296296296,0.037974683,94.99340355282737,3.410526486975343,2.703471651357613,3.3559534720106474,4.6261956003714655,1.3592933267354965,104.39350648337715,88.9602855799207,4.54405615530303,47.00775150568182,54.0700624715909,0.3113091003787879,4.6261956003714655,4.228238016815238,"Osvaldo Bido",23150,674370
2024,"Kenta Maeda","DET",3,7,0,29,17,112.1,7.691395268197066,2.4836797220219693,1.7626114156284944,0.3081570996978852,0.61919505,0.363636363,0.141935483,90.94767141124429,6.089021253989345,4.362960629196611,4.964699505345128,4.505007803915084,0.03295554220676422,92.17417569252412,98.65653660493687,4.224275921741925,50.43925068716856,44.74158673445283,0.09812264176442229,4.505007803915084,4.225623346265229,"Kenta Maeda",18498,628317
2024,"Edward Cabrera","MIA",4,8,0,20,20,96.1,9.996540320190658,4.671280523453579,1.4013841570360734,0.27800829875518673,0.6637931,0.470355731,0.182926829,96.28684786872385,4.951557354860793,4.69983094071079,4.682050792565845,3.944867597694068,0.5698563456535339,98.72482400461625,95.87187536064623,4.9350809688581325,42.811720334486736,56.45211728950403,0.571992306805075,3.944867597694068,4.2232771645057525,"Edward Cabrera",21690,665795
2024,"Luis Gil","NYY",15,7,0,29,29,151.2,10.147253427845273,4.569231075696409,1.0681319397731865,0.2369146005509642,0.78754579,0.356200527,0.101694915,96.5953136982362,3.501099135923223,3.756296066247782,4.1357106125284275,4.357417141033389,2.095749616622925,105.62817293233083,102.18914285714288,4.235468968492123,50.319122351837954,65.95426132408102,0.10558410352588146,4.357417141033389,4.223043243113402,"Luis Gil",21052,661563
2024,"Luis Severino","NYM",11,7,0,31,31,182,7.961538461538462,2.967032967032967,1.1373626373626373,0.2826086956521739,0.73730469,0.459615384,0.122994652,96.34099673000988,3.9065934065934065,3.8467426389861203,4.210435822245839,4.121125778089185,2.1073484420776367,108.60634975711308,101.8852047189452,3.8417986410788374,54.543545459889344,52.45227163554634,-0.15686273513139695,4.121125778089185,4.218684008499139,"Luis Severino",15890,622663
2024,"Tyler Wells","BAL",0,2,0,3,3,15.1,7.630434940803257,1.7608696017238286,1.7608696017238286,0.3125,0.5952381,0.372549019,0.130434782,93.01465941011236,5.869565339079428,7.555787657146305,4.6012624167314335,4.3257967594836995,0.16759006679058075,93.00894941634242,94.15914396887159,4.337765907335907,49.22142888030888,40.812665752895754,0.1737816602316602,4.3257967594836995,4.215204246709573,"Tyler Wells",20000,669330
2024,"Shawn Dubin","HOU",1,1,2,31,2,45.1,9.727941653978064,5.1617649592536665,0.5955882645292693,0.33070866141732286,0.69767442,0.465116279,0.069767441,95.09757554235537,4.169117851704884,3.9798606483459915,3.7179503935946743,4.291840748254618,0.31515900045633316,98.1020476190476,88.78947619047617,4.908879631587748,43.092891048689154,56.55256066348984,0.5545248277822366,4.291840748254618,4.212568666442124,"Shawn Dubin",24977,681869
2024,"Jake Irvin","WSN",10,14,0,33,33,187.2,7.481350316718815,2.4937834389062714,1.3907638409284977,0.2727272727272727,0.70063694,0.439421338,0.142857142,94.06858093368237,4.412078391911096,4.298777448564651,4.4080429006512505,4.034709167073764,1.8131256103515625,98.59909779387553,98.39569970365496,3.979794898227183,53.06272217005909,45.205890554826006,-0.06486519041365725,4.034709167073764,4.211716742056929,"Jake Irvin",21504,663623
2024,"George Soriano","MIA",1,1,1,22,0,29.1,8.897728815551899,3.9886370552474033,2.1477276451332172,0.2564102564102564,0.61403509,0.261904761,0.189189189,94.27141367364253,6.750001170418682,6.7634322920221415,6.030116638467417,4.8350361254577106,-0.5495513081550598,90.26374517374518,87.21864864864867,4.827643115384616,43.96461359615385,50.150861038461535,0.5003675769230769,4.8350361254577106,4.211380741836551,"George Soriano",21863,666277
2024,"Alex Speas","HOU",0,0,0,1,0,2,9,4.5,4.5,0.25,1,0.4,0.333333333,98.65287780761719,4.5,5.000401727011375,9.166479778289794,4.934492387622595,-0.04798326641321182,119.99384615384616,110.9574358974359,4.61874,46.20635,54.89101,0.3611,4.934492387622595,4.208604084014893,"Alex Speas",21859,666208
2024,"Jonathan Heasley","BAL",0,1,0,4,0,5.1,6.750000402331376,5.062500301748532,3.375000201165688,0.42105263157894735,0.26785714,0.666666666,0.5,93.52251325334821,16.87500100582844,8.557725976893257,8.791480113565942,5.050486195251729,-0.24876287579536438,86.97607476635514,86.41476635514017,5.703012777777777,34.571146481481485,38.58496425925926,1.0839475925925925,5.050486195251729,4.205715998063612,"Jonathan Heasley",22224,669169
2024,"Luke Little","CHC",3,1,0,30,1,26,9.692310536402346,6.230771059115794,0.3461539477286552,0.2413793103448276,0.73033708,0.724137931,0.076923076,96.11241198497213,3.461539477286552,3.5448098804750625,4.051095422485247,4.307099700717629,0.0745885968208313,90.77219387974382,82.28728177246745,4.9069006468490795,43.11411474328938,56.349740881402866,0.5532053195829433,4.307099700717629,4.204560490321111,"Luke Little",28036,681432
2024,"Victor Vodnik","COL",5,4,9,64,0,73.2,7.941177567174239,4.520362615160721,0.8552037380033796,0.30952380952380953,0.72854291,0.544186046,0.120689655,98.15298178613396,4.2760186900168975,4.9566696004901765,4.1845794663890565,4.139735399936896,0.3500411808490753,99.1587715355805,100.26492883895128,4.077990541571318,52.00901026697178,58.1866302440885,0.0005988482074752398,4.139735399936896,4.2020253828430185,"Victor Vodnik",24614,680767
2024,"Tyler Alexander","TBR",6,5,0,23,9,107.2,7.523220258495476,2.006192068932127,1.9226007327266217,0.2779552715654952,0.73033708,0.312121212,0.138554216,89.79818543002136,5.099071508535823,4.653666807179851,5.079792584771361,4.633910782275909,-0.5661172270774841,101.34027465638508,102.35498308511646,3.2090458238466146,61.33350842420611,46.805872510485315,-0.5786981306171362,4.633910782275909,4.199634494957421,"Tyler Alexander",17735,641302
2024,"Gavin Stone","LAD",11,5,0,25,25,140.1,7.43943019837695,2.372921701206441,1.1543943411274578,0.28255528255528256,0.79700272,0.442080378,0.116129032,94.96417178638941,3.527316042333899,3.9700223483309256,4.014460806648854,4.017035412189123,2.145951509475708,99.1522854477612,103.93541977611943,4.0447013608917795,52.36625350209011,49.67818504876915,-0.021594714352066852,4.017035412189123,4.197514068026134,"Gavin Stone",27792,694813
2024,"Chase Shugart","BOS",0,0,1,6,0,8.2,8.307693831314277,3.1153851867428535,1.0384617289142846,0.2916666666666667,0.72916667,0.28,0.071428571,96.13310102982955,4.153846915657138,3.484123130769261,3.8587875975659847,4.801262888157938,0.08390051871538162,108.29732394366195,106.53985915492959,3.1110051408450707,62.38552852112677,53.96046204225352,-0.6440589436619718,4.801262888157938,4.195807785673966,"Chase Shugart",21544,663767
2024,"Gavin Williams","CLE",3,10,0,16,16,76,9.355263157894736,3.789473684210526,0.8289473684210527,0.3080568720379147,0.66872428,0.405529953,0.084337349,96.63327858664773,4.855263157894737,4.149747558779216,3.666479778289795,4.120383695611044,1.2575023174285889,101.43755311355311,104.13164835164835,3.7512619078947367,55.51507590643275,55.90594413011694,-0.21722003654970762,4.120383695611044,4.1921545733622185,"Gavin Williams",30122,668909
2024,"Brett de Geus","- - -",0,2,0,13,0,11.1,5.558824620857585,3.1764712119186203,0,0.3684210526315789,0.52380952,0.54054054,0,98.11990356445312,7.147060226816895,4.800188807106339,3.784126958385082,4.584602154142201,0.04979386022023391,99.14903496652141,106.89437559783187,3.7803289896907217,55.20317920618557,53.3719870515464,-0.19784265979381438,4.584602154142201,4.190140322690516,"Brett de Geus",23592,676969
2024,"Erick Fedde","- - -",9,9,0,31,31,177.1,7.815789697856177,2.6390978200553326,1.0150376230982048,0.27070707070707073,0.79234973,0.421052631,0.0990099,93.37863498263889,3.298872275069166,3.8906109196195877,3.8600888207402355,4.116248779535615,3.40673166513443,90.51984792259294,102.44536408634355,4.159181029360967,51.137761772020724,43.815985765112266,0.05472586183074266,4.116248779535615,4.188596535860157,"Erick Fedde",17425,607200
2024,"Mike Baumann","- - -",3,1,0,57,0,58.1,8.948573095754039,4.320000804846777,1.3885716872721785,0.30303030303030304,0.6505102,0.393063583,0.125,96.69837590360093,5.554286749088714,4.718778972941614,4.82933723094907,4.689873294931226,-0.4084940366446972,103.05430842418707,101.69993854768485,4.51450656044986,47.32483661668228,58.894207600749766,0.29160952202436735,4.689873294931226,4.185851451428389,"Mike Baumann",20206,657508
2024,"Austin Kitchen","MIA",0,1,0,4,1,7,5.14285784351592,3.8571433826369397,1.28571446087898,0.4411764705882353,0.39772727,0.647058823,0.166666666,89.98700904846191,14.142859069668779,4.6535824406487,5.166480050768209,4.605344322509704,-0.06266985274851322,91.401080913378,102.02881236038719,3.933821645569621,53.55604189873418,44.35117879746836,-0.09551449367088603,4.605344322509704,4.185123658155511,"Austin Kitchen",27910,685116
2024,"Kolby Allard","PHI",2,0,0,7,4,27,7.666666666666667,2.6666666666666665,1.6666666666666667,0.35802469135802467,0.77142857,0.453488372,0.142857142,90.13038488700565,5,4.165019145687318,4.759072370882388,4.3116758604292515,0.06539485789835453,88.20560728467753,87.31135594960976,4.430772981651376,48.22334252293578,34.552946353211006,0.2357868119266055,4.3116758604292515,4.184873655568062,"Kolby Allard",18694,663465
2024,"Garrett Whitlock","BOS",1,0,0,4,4,18.1,8.345455124279724,3.436363874703416,0.49090912495763084,0.2653061224489796,0.87378641,0.448979591,0.066666666,,1.9636364998305234,4.357462612432776,3.330116153275672,3.858123067715136,0.4150554835796356,92.152,99.8158125,4.259773333333333,50.05827607476635,57.331011744548285,0.12178800623052957,3.858123067715136,4.1827750114519455,"Garrett Whitlock",20191,676477
2024,"JT Chargois","- - -",3,1,0,36,0,36.1,7.431194090941806,3.2201841060747824,1.486238818188361,0.18947368421052632,0.98039216,0.366336633,0.136363636,94.80777316623264,2.2293582272825416,4.225552567100892,4.900425066176217,4.584692066148183,-0.2012924626469612,97.01043478260867,96.30952741020792,4.246074593572779,50.20532270321361,53.756966748582244,0.1126543856332703,4.584692066148183,4.180103064659358,"JT Chargois",13767,608638
2024,"Kyle Harrison","SFG",7,7,0,24,24,124.1,8.541555309205874,3.0402146015817517,1.3029491149636079,0.30835734870317005,0.73252688,0.408839779,0.123287671,92.9029866332498,4.560321902372627,4.832762945776294,4.332699665139938,4.226157253074172,0.8160495162010193,89.43104578313252,91.55960481927711,4.8175245813282,44.07319964870068,38.257072492781525,0.49362129932627535,4.226157253074172,4.175550401900592,"Kyle Harrison",27758,690986
2024,"Mitch Spence","OAK",8,10,0,35,24,151.1,7.493392605666754,2.6167402749947395,1.1894273977248817,0.31868131868131866,0.72727273,0.484143763,0.122699386,,4.579295481240794,4.151293295898921,4.210532716292747,4.121043966823202,1.2524684816598892,103.32175197110853,106.28327262324194,3.7148368412570507,55.90594329572925,49.87203533440774,-0.24150335616438356,4.121043966823202,4.175338019279052,"Mitch Spence",27707,687765
2024,"Gordon Graceffo","STL",0,1,0,2,1,7.2,7.043478844972598,2.3478262816575324,1.1739131408287662,0.2727272727272727,0.65789474,0.409090909,0.1,93.53343023255815,4.695652563315065,4.774768638967,4.0795233322677245,4.356056058967738,0.007055412977933884,81.7895238095238,88.31961904761906,5.587543238095237,35.81022980952381,38.590939047619045,1.0069676190476191,4.356056058967738,4.172589884571093,"Gordon Graceffo",29519,700669
2024,"Ronel Blanco","HOU",13,6,0,30,29,167.1,8.928287123973805,3.657370629097703,1.1832669682374921,0.22009569377990432,0.83550914,0.398169336,0.120218579,93.61698084826718,2.7968128340158906,3.972281998470077,4.146559489355193,4.090967087298483,2.1907759606838226,90.20288231759817,96.49372834182576,4.5488522811478385,46.95627681438431,45.73741633490738,0.3145064802034144,4.090967087298483,4.172175201866093,"Ronel Blanco",19407,669854
2024,"Michael Wacha","KCR",13,8,0,29,29,166.2,7.830000477905303,2.4300001483154388,0.9180000560302769,0.28964059196617337,0.77136515,0.385892116,0.085,93.75292179927303,3.3480002043457158,4.03393941164317,3.652479807952883,4.1408899252293105,3.319831132888794,100.41753191489364,106.24536170212767,3.4211998501728775,59.05693409143297,49.35958890126776,-0.43726221283134853,4.1408899252293105,4.167355678661037,"Michael Wacha",14078,608379
2024,"José Suarez","LAA",1,2,1,22,3,52.1,9.630574535398056,4.643312722424063,1.203821816924757,0.3424657534246575,0.63938619,0.405228758,0.125,93.15125087236352,6.019109084623786,4.826293737601366,4.542276140489518,4.421367922072436,0.0622723288834095,100.71674829130454,90.7993747715276,4.708515272727272,45.24294343434344,51.28914870707071,0.4209495656565657,4.421367922072436,4.166501942537236,"Jose Suarez",19911,660761
2024,"Jhony Brito","SDP",1,2,0,26,0,43.2,5.97710010690181,2.0610690023799347,0.8244276009519739,0.31690140845070425,0.6741573,0.48275862,0.076923076,96.4999755859375,4.1221380047598695,4.102124453715995,3.7160981789244443,4.325818201825953,0.2949548661708832,103.56187004754356,108.91293185419968,4.382372666666667,48.74273674603174,48.06827592063492,0.20352038095238095,4.325818201825953,4.166388582101398,"Jhony Brito",25386,666745
2024,"Dillon Tate","- - -",2,1,1,33,0,36.2,6.627273704040293,2.9454549795734635,0.49090916326224393,0.33613445378151263,0.67028986,0.495867768,0.057142857,93.89016723632812,4.663637050991317,3.8104007717029336,3.7119344041367333,4.4461243546487665,0.22867357730865479,106.77797378934977,96.89377390901547,4.475950761421318,47.73857634517767,49.84966240270728,0.26590544839255503,4.4461243546487665,4.162745253794792,"Dillon Tate",17796,622253
2024,"Joel Kuhnel","- - -",0,0,0,6,0,10,4.5,0,0.9,0.21875,0.52631579,0.484848484,0.066666666,94.73049263332202,4.5,3.6514640393510325,3.766479778289795,4.734492387622595,0.0825690277852118,89.04863611859838,102.90966756513926,3.8318154716981128,54.650669685534595,45.19522987421384,-0.16351704402515732,4.734492387622595,4.150358936684762,"Joel Kuhnel",19995,669270
2024,"Andre Pallante","STL",8,8,0,29,20,121.1,6.972527874421584,3.5604397656620854,0.5934066276103476,0.2857142857142857,0.70564516,0.618131868,0.096385542,94.66781356749748,3.782967251015966,3.5247793858814305,3.710435853599281,3.8876064493861815,1.781767725944519,96.59792191036202,100.0524464814286,4.61011035335689,46.29894028268552,46.726065254921764,0.35534433619384154,3.8876064493861815,4.148061078911358,"Andre Pallante",26108,669467
2024,"Quinn Priester","- - -",3,6,0,11,7,49.2,5.9798660780050845,2.5369128815779147,1.2684564407889574,0.29878048780487804,0.68037975,0.578947368,0.170731707,93.09311837012615,4.711409637216127,4.446253776432534,4.696681198924093,4.112634417107759,0.14339011907577515,91.48443884172752,90.90874860491952,4.793076547472256,44.33554288532676,38.42234008631319,0.47732340320591865,4.112634417107759,4.135683873276101,"Quinn Priester",25977,682990
2024,"Matt Waldron","SDP",7,11,0,27,26,146.2,8.161364202420613,2.454545624788154,1.288636453013781,0.29523809523809524,0.67226891,0.389016018,0.112299465,90.83219242508794,4.909091249576308,4.0966304293835005,4.257388944862308,4.323836031040198,1.7677234709262848,90.48758160456013,95.07722763785182,3.4453528518971854,58.79773277029782,37.65961217462259,-0.4211595838433293,4.323836031040198,4.132900875515977,"Matt Waldron",25550,663362
2024,"Jake Eder","CHW",0,0,0,1,0,2,4.5,4.5,0,0.3333333333333333,0.75,0.833333333,0,94.06200062144886,4.5,4.131244260922543,5.166479778289795,5.922483981400728,-0.01028680894523859,86.42533333333334,57.62177777777778,7.7567,20,54.53378000000001,2.45307,5.922483981400728,4.132358715664596,"Jake Eder",27590,671109
2024,"Drew Smyly","CHC",4,8,0,50,0,58.2,8.590910580532869,3.8352279377378875,1.5340911750951551,0.2883435582822086,0.78873239,0.352941176,0.136986301,,3.8352279377378875,3.700570384901836,4.905116443397637,4.570626845413412,-0.25690513849258423,104.65086956521732,102.45357707509879,4.4618976302851525,47.88937599803343,45.0899797640118,0.25653676499508365,4.570626845413412,4.132105395796742,"Drew Smyly",11760,592767
2024,"Chris Paddack","MIN",5,3,0,17,17,88.1,8.049057067240996,2.1396227647096318,1.426415176473088,0.3271375464684015,0.70881226,0.372759856,0.12173913,93.3738518370607,4.992453117655808,4.887062018026429,4.1853477614848575,4.093434171839778,1.0569452047348022,92.2623489010989,106.20914835164838,3.493279480164159,58.2834561627907,45.454962291381655,-0.3892093638850889,4.093434171839778,4.130828906659986,"Chris Paddack",20099,663978
2024,"Brayan Bello","BOS",14,8,0,30,30,162.1,8.482546467009008,3.548254731297886,1.0533881233540598,0.3032967032967033,0.72054528,0.508474576,0.147286821,95.65701622596154,4.490759894298887,4.5164932712522265,4.189067079323561,3.8690408951852655,1.9821242094039917,97.39766444937176,106.57946045824097,3.8481616291927767,54.47527702174714,54.51364600810912,-0.1526205197198673,3.8690408951852655,4.128617416888091,"Brayan Bello",23920,678394
2024,"Josh Winckowski","BOS",4,2,2,40,6,76,7.105263871169228,3.0789476775066653,1.1842106451948713,0.3008474576271186,0.69072165,0.514522821,0.144927536,95.10293283770162,4.144737258182049,4.273172198286515,4.482269384061874,4.144487508433421,0.22820955142378807,104.71585200920855,108.61279594824322,4.012794695604048,52.708611849936744,52.569565139073376,-0.04286473347564829,4.144487508433421,4.127042656680013,"Josh Winckowski",22387,670174
2024,"Kyle Leahy","STL",1,1,1,33,0,48.2,6.1027410016498305,1.8493154550454032,0.7397261820181613,0.2517482517482518,0.61674009,0.410958904,0.064516129,95.59716162743507,4.068494001099888,4.3997734680732465,3.556890818799381,4.414655132047029,0.3427821099758148,93.41965467625899,108.74687769784171,3.491423093525179,58.30337831654677,54.72460434532375,-0.39044604316546755,4.414655132047029,4.124951547192835,"Kyle Leahy",24763,681517
2024,"Bryce Elder","ATL",2,5,0,10,10,49.2,8.335570896613147,3.0805370704874675,1.4496645037588083,0.3660130718954248,0.64066852,0.50625,0.163265306,91.67380916262135,6.523490266914638,4.897077949289786,4.555741594391987,3.9534948233841756,0.24800314009189606,87.25271461716933,91.65440835266821,5.227621597222221,39.67250479166666,35.161836701388886,0.7670193981481481,3.9534948233841756,4.123334577700083,"Bryce Elder",27779,693821
2024,"Elvis Peguero","MIL",7,4,2,52,0,51.1,8.240261169082547,4.733767054579335,0.7012988229006423,0.32653061224489793,0.78249337,0.573333333,0.108108108,96.81300354003906,2.98051999732773,4.085513934162539,4.043103306915598,4.119940548100033,0.09495788812637329,106.54004836759368,105.14285368802894,4.119377325301205,51.56488489156626,59.79458240963854,0.02818977108433738,4.119940548100033,4.122406256001325,"Elvis Peguero",21652,665625
2024,"Colin Poche","TBR",1,2,2,43,0,37.1,7.955358226688689,3.1339289983925136,1.6875002299036612,0.23,0.81325301,0.333333333,0.132075471,91.30698902027027,3.8571433826369397,3.683681481008725,4.880765726128435,4.58977762031728,-0.31853827834129333,94.3092421441774,98.67160813308685,5.113190626151012,40.900474677716396,46.8709685451197,0.6907315837937386,4.58977762031728,4.118668852526714,"Colin Poche",19403,621363
2024,"José Buttó","NYM",7,3,3,30,7,74,9.608108603405752,4.621621859866058,0.7297297673472722,0.21084337349397592,0.83333333,0.415204678,0.085714285,94.44480764523499,2.554054185715453,3.507918442666387,3.828641974586394,4.204866162028448,0.9671626091003418,92.47683330464343,82.95524528569537,5.9122750531479955,32.32561058053966,48.585621545380214,1.2234549386753883,4.204866162028448,4.112386701421693,"Jose Butto",23313,676130
2024,"Kutter Crawford","BOS",9,16,0,33,33,183.2,8.575318079306605,2.499092697397925,1.6660617982652832,0.24693877551020407,0.70489845,0.33011583,0.1328125,92.76775045955883,4.361161766047359,3.845346132680945,4.647423598970047,4.348371778374868,1.8376601934432983,99.88162584309546,103.68233581824632,3.561331503841932,57.55318474204173,44.98877740944017,-0.3438404024881083,4.348371778374868,4.093481215307128,"Kutter Crawford",20531,676710
2024,"Tom Cosgrove","SDP",0,1,0,18,0,14.2,9.204548846100252,3.681819538440101,1.8409097692200505,0.4166666666666667,0.48611111,0.38,0.166666666,,11.65909520506032,4.829526371077299,5.825571667163201,5.022127142394243,-0.19513024389743805,110.07124223602487,102.08496894409942,3.561261424148607,57.55393393188856,55.1604788854489,-0.34388752321981425,5.022127142394243,4.09262433665085,"Tom Cosgrove",23443,676680
2024,"Tristan Beck","SFG",0,0,0,7,1,16,7.875000469386606,2.2500001341104587,1.1250000670552294,0.2608695652173913,0.98765432,0.333333333,0.076923076,93.12252857646004,1.687500100582844,3.765095004554518,3.9789798267185716,4.810993536420987,0.10144342016428709,92.50512396694214,82.18198347107439,4.996447479338843,42.153187685950414,49.313518595041316,0.6129039669421489,4.810993536420987,4.090580676036197,"Tristan Beck",21584,663941
2024,"Merrill Kelly","ARI",5,1,0,13,13,73.2,7.696832844896717,2.3212670484609146,1.3438914491089506,0.2731707317073171,0.73002755,0.424528301,0.142857142,91.9974421417364,4.0316743473268515,4.975906492111245,4.252452666458644,3.8917012596031526,0.6452677845954895,90.86720562390154,95.00833040421793,4.386582659667542,48.697544479440076,39.30932316710411,0.2063278652668417,3.8917012596031526,4.089927535685785,"Merrill Kelly",11156,518876
2024,"Phil Bickford","NYY",0,0,0,8,0,8.1,6.4800017303471416,1.0800002883911903,1.0800002883911903,0.3,0.28301887,0.413793103,0.083333333,93.2606677039195,8.640002307129523,2.745415905958032,4.006480002594055,4.623772272388361,0.014031006023287773,101.46249999999999,87.46592105263157,4.92579935064935,42.911329870129876,50.37033993506494,0.5658045454545454,4.623772272388361,4.08625571609447,"Phil Bickford",18519,641360
2024,"Jason Foley","DET",3,6,28,69,0,60,6.900001316070807,3.000000572204699,0.7500001430511748,0.2598870056497175,0.68181818,0.472222222,0.092592592,97.3644366197183,3.1500006008149337,4.303536118602947,3.81647990226748,4.093954187457847,0.2929273843765259,105.48167585446524,106.63342888643874,3.794237550790068,55.05391246049661,48.986446241535,-0.18856996613995478,4.093954187457847,4.085345820014893,"Jason Foley",19531,671345
2024,"Ryne Nelson","ARI",10,6,1,28,25,150.2,7.52654918073463,2.0309735884522016,1.0154867942261008,0.3080357142857143,0.71092832,0.415948275,0.1,95.24657074361484,4.241150728826656,4.093454183260994,3.7372762770051198,3.9764893178753735,2.1585980653762817,102.17930242061927,102.85943526808543,3.6915059742417946,56.156329052762764,49.224589260490234,-0.2570579767345244,3.9764893178753735,4.0840710201235355,"Ryne Nelson",26253,669194
2024,"Mitch Keller","PIT",11,12,0,31,31,178,8.393258426966293,2.5280898876404496,1.1629213483146068,0.3063583815028902,0.73091248,0.394052044,0.116161616,94.52347448224852,4.247191011235955,4.246122886959055,4.076592137840357,4.078713848132097,2.1596126556396484,100.34843178621662,97.06158227848104,3.8945950596072936,53.97700807854139,46.875134105890616,-0.12166546633941094,4.078713848132097,4.082250024311433,"Mitch Keller",17594,656605
2024,"Alec Marsh","KCR",9,9,0,26,25,129,8.581395856363214,2.720930393481019,1.3255814737471632,0.29213483146067415,0.70355191,0.37735849,0.124183006,94.28972164890054,4.534883989135031,4.91662159424265,4.33702248317764,4.215606089577734,1.3656506463885307,94.3464122406435,90.27676820168898,4.479693231622745,47.6984090892279,43.12168609338882,0.26840069348127593,4.215606089577734,4.0777442483947475,"Alec Marsh",27451,679525
2024,"Ethan Roberts","CHC",1,1,0,21,0,26.2,8.775000209212308,3.3750000804662723,1.0125000241398816,0.358974358974359,0.82010582,0.283950617,0.078947368,,3.7125000885128996,4.1704158379644465,3.916479796171189,4.608591791538585,0.10292607545852661,105.5795780590717,100.08856540084388,3.068514261603375,62.841531877637145,63.191336962025325,-0.6723852531645569,4.608591791538585,4.076819136678765,"Ethan Roberts",24930,681799
2024,"Eli Morgan","CLE",3,0,0,32,0,42,7.285715609180924,2.3571432853232404,0.8571430128448146,0.2222222222222222,0.85164835,0.302521008,0.070175438,92.36350661057692,1.928571778900833,2.5930610092364836,3.6426703409813586,4.456586659179814,0.31822165846824646,95.0772049689441,96.19639751552792,4.120928037094282,51.548254497681604,47.64522335394127,0.02922384853168468,4.456586659179814,4.0767673762209,"Eli Morgan",20203,669212
2024,"Joe La Sorsa","WSN",0,0,0,16,0,17.2,7.132077268368015,2.547170452988577,2.0377363623908615,0.26,0.8045977,0.384615384,0.2,90.7873065655048,4.584906815379438,4.353246738428396,5.5438388677458,4.312149960736194,-0.14180509746074677,97.9193827160494,92.16141975308638,4.1812682287822875,50.90077623616236,41.78063915129151,0.06944966789667895,4.312149960736194,4.074358006157858,"Joe La Sorsa",25481,686747
2024,"José Cisnero","LAA",0,0,0,15,0,15.2,9.76595962657433,4.595745706623215,2.2978728533116075,0.32558139534883723,0.58035714,0.413043478,0.222222222,95.58019649621212,6.893618559934822,5.984746989654952,6.2303102493719384,4.648362107684371,-0.25037986040115356,103.85678456591639,91.54372990353696,4.969217571884984,42.445399297124595,53.416900607028744,0.5947498402555912,4.648362107684371,4.07320772553515,"Jose Cisnero",6399,542585
2024,"Dylan Floro","- - -",6,4,0,66,0,68.2,6.291263242684536,2.2281557317841068,0.6553399211129726,0.28846153846153844,0.68421053,0.454545454,0.071428571,89.96204502535183,3.800971542455241,3.915940235988661,3.5014312935253145,4.096197249159715,0.5986391305923462,93.13644204907091,96.4925123703932,4.285800450980393,49.7790351372549,35.63805142156862,0.13913870588235294,4.096197249159715,4.073006139309117,"Dylan Floro",13394,571670
2024,"Richard Lovelady","- - -",3,6,2,35,0,34.1,6.815535179574915,2.8834956528970794,0.786407905335567,0.29523809523809524,0.67757009,0.509433962,0.09090909,92.52760118541151,4.4563114635682135,4.482130359053552,3.92376146490923,4.241128823808276,0.05624569207429886,104.10465261516639,98.2718404942613,4.080753617424242,51.979351628787875,56.85561611742424,0.002440719696969691,4.241128823808276,4.061543923299688,"Richard Lovelady",19337,663992
2024,"Charlie Morton","ATL",8,10,0,30,30,165.1,9.09072608611587,3.538306560464261,1.2520161675488923,0.3060747663551402,0.7421875,0.46325167,0.157534246,94.2796291076031,4.1915323870115095,4.539674218642657,4.4608346568186015,3.987567871947028,1.1207062005996704,97.6055959668707,93.16695714800143,4.318155567084077,49.43184018246869,46.15229704830054,0.16070909481216458,3.987567871947028,4.057593070291595,"Charlie Morton",4676,450203
2024,"Scott Blewett","MIN",1,1,0,12,0,20.1,7.967214360348804,3.5409841601550243,0.8852460400387561,0.26785714285714285,0.90517241,0.413793103,0.105263157,93.60266676682693,1.7704920800775121,3.8404567410121433,4.002545482770842,4.136717293167703,0.05662441998720169,88.14182965299685,93.90624605678231,4.261925781249999,50.035254125,47.233291531249996,0.12322196875,4.136717293167703,4.053243696238003,"Scott Blewett",16427,656240
2024,"Louis Varland","MIN",0,6,0,16,7,49.2,8.879195085522701,2.8993290075176166,2.1744967556382124,0.35668789808917195,0.61797753,0.419161676,0.210526315,96.24626247545811,7.610738644733743,5.3463806561402825,5.54231882611673,4.136637126381421,-0.3618416413664818,98.07816383369989,97.69492584416444,4.058886392896781,52.214005027746936,55.67131784683685,-0.012137358490566087,4.136637126381421,4.038915298493828,"Louis Varland",27691,686973
2024,"Tayler Scott","HOU",7,3,0,62,1,68.2,9.305826621316946,4.587379320367509,0.9174758640735018,0.23030303030303031,0.8490566,0.423529411,0.112903225,92.82086192255434,2.22815566989279,3.485813262038866,4.127644969223939,4.16761373027742,0.191615242511034,93.56797989990885,90.14370584316796,4.918556835548172,42.98903100498339,46.53482216777408,0.5609761627906977,4.16761373027742,4.038375365583583,"Tayler Scott",13652,605463
2024,"Chad Kuhl","CHW",0,2,1,31,1,53.1,9.112500869035804,4.21875040233139,0.8437500804662781,0.34,0.675,0.443708609,0.1,95.30798736990315,5.0625004827976685,4.337062275788961,4.10397986769677,4.302737767484801,0.27236663550138474,97.59971250247665,84.95455381634864,5.600889937568455,35.66704204107338,47.110596931544364,1.0158647798466591,4.302737767484801,4.035537341441779,"Chad Kuhl",14975,641771
2024,"Brandon Leibrandt","CIN",0,0,0,2,0,6.1,7.1052635145319645,2.8421054058127857,4.263158108719178,0.36363636363636365,0.68181818,0.56,0.375,88.88048444475446,9.94736892034475,3.851410077531182,8.692795845147991,4.444806250312528,-0.15101370215415955,94.55873015873017,87.57523809523809,4.421332307692308,48.32472213675214,33.63354367521367,0.22949153846153844,4.444806250312528,4.033592365264893,"Brandon Leibrandt",16135,605335
2024,"Chris Roycroft","STL",1,2,0,27,0,34.1,8.650487679543126,4.456311834916155,0.5242719805783712,0.29292929292929293,0.67073171,0.535353535,0.076923076,95.13843025128865,4.19417584462697,3.4495993334144432,3.8363828645843805,4.224117486321633,0.1235896572470665,109.04529247910862,110.18818941504179,2.89888211409396,64.66182364093959,59.554982667785225,-0.7854733053691276,4.224117486321633,4.03215780902822,"Chris Roycroft",31261,688297
2024,"José Soriano","LAA",6,7,0,22,20,113,7.725663716814159,3.584070796460177,0.6371681415929203,0.2686084142394822,0.71001495,0.596825396,0.114285714,99.09733429562998,3.424778761061947,4.13154762489249,3.8036479198827156,3.8199363131175,1.6722606420516968,106.59938106490833,109.91023262972834,4.301674088556642,49.608694146060955,58.93803014376078,0.14972135710178266,3.8199363131175,4.030982607182642,"Jose Soriano",22100,667755
2024,"Jacob Webb","BAL",2,5,2,60,0,56.2,9.211766979653678,4.288236352597402,0.6352942744588744,0.24489795918367346,0.72115385,0.34,0.0625,93.54853562801932,3.0176478036796532,3.41162230705086,3.5194210418780587,4.309454260382244,0.6643909215927124,96.03609442060092,95.97723175965663,3.698819402173914,56.0778338804348,54.12794602173913,-0.2521822499999999,4.309454260382244,4.028769956279538,"Jacob Webb",19274,657097
2024,"Brady Basso","OAK",1,1,0,7,4,22.1,7.65671652689573,2.014925401814666,1.2089552410887994,0.30303030303030304,0.75630252,0.420289855,0.111111111,92.31164625214367,4.029850803629332,3.5988289984773685,3.8828976989350097,3.9645795046345476,0.3422127738595009,89.96131428571428,95.13262857142858,4.686117371428571,45.483318485714285,40.83768982857143,0.4060163142857143,3.9645795046345476,4.028227330495911,"Brady Basso",25582,669620
2024,"Davis Daniel","LAA",1,4,0,6,6,30.1,8.307692655948708,1.7802198548461519,1.4835165457051265,0.3617021276595745,0.61538462,0.363636363,0.116279069,91.60670440051021,6.2307694919615315,4.401626450911796,4.155490808759879,4.15603019782228,0.4434129595756531,92.14661386138613,98.7142574257426,3.859101102362205,54.357897952755906,38.708682086614175,-0.145327125984252,4.15603019782228,4.0223720602904685,"Davis Daniel",27582,669721
2024,"Huascar Brazobán","- - -",1,3,0,39,0,51.2,8.883872716866321,4.354839567091334,0.3483871653673067,0.2647058823529412,0.63291139,0.456521739,0.046511627,96.63614992751289,3.8322588190403737,3.641905228013818,3.3213185184530425,4.076474050376518,0.6459665764123201,100.29465708865891,96.51450982295792,5.022451738648948,41.87416550387596,53.24217933554818,0.6302398338870433,4.076474050376518,4.021633034295631,"Huascar Brazoban",6107,623211
2024,"Kumar Rocker","TEX",0,2,0,3,3,11.2,10.800000588553324,4.628571680808568,0.7714286134680947,0.3333333333333333,0.73863636,0.515151515,0.1,96.33069766465054,3.857143067340473,3.2358405770175005,3.680765520601858,3.8624870215522082,0.17836293578147888,97.01327188940093,102.36211981566824,3.865347660550459,54.29082110091743,51.53095834862385,-0.1411615596330275,3.8624870215522082,4.019669267539543,"Kumar Rocker",31843,677958
2024,"Zack Thompson","STL",0,2,0,5,2,17,10.588236482085787,4.235294592834315,3.176470944625736,0.375,0.6097561,0.407407407,0.272727272,91.40547652793141,9.529412833877208,4.815405843104245,6.990009619042996,4.358490790669892,-0.28779120557010174,89.44258675078864,86.5591167192429,5.337240851735015,38.49618996845426,36.47538179810726,0.8400998107255521,4.358490790669892,4.01912825788537,"Zack Thompson",25918,668868
2024,"Jacob Barnes","WSN",8,3,0,63,0,66,7.500001733953703,2.7272733578013466,1.3636366789006733,0.296875,0.69863014,0.376237623,0.129870129,95.46886882129277,4.363637372482155,4.885627057320803,4.378601270645949,4.172914060654222,0.016577627509832382,100.419838998211,100.97194991055454,4.203182397137747,50.665606636851535,51.168553005366725,0.08405992844364935,4.172914060654222,4.015884338938589,"Jacob Barnes",12323,606930
2024,"Nestor Cortes","NYY",9,10,0,31,30,174.1,8.363288734179452,2.0133843248950534,1.239005738396956,0.2869022869022869,0.76429405,0.310621242,0.098360655,92.05567741687933,3.768642454290741,3.5954363361862605,3.8376078865881462,4.164166497803895,3.0698745250701904,108.18950400800271,104.5543975489734,3.8975216996564837,53.945592247695835,51.366107752660255,-0.11971409078852618,4.164166497803895,4.0153554331815196,"Nestor Cortes",17874,641482
2024,"J.T. Ginn","OAK",1,1,0,8,6,34,7.676471018873721,2.3823530748228787,1.0588235888101685,0.32653061224489793,0.74879227,0.470588235,0.121212121,92.98337113229852,4.235294355240674,4.51891793089289,3.9605974698974213,3.8987232724652428,0.42205132357776165,93.27884623903229,104.32455728767356,4.375041085271318,48.821403139534894,43.94839079457365,0.19863182170542637,3.8987232724652428,4.013313702904656,"J.T. Ginn",27889,669372
2024,"Giovanny Gallegos","STL",2,1,1,21,0,20.2,9.145164103712299,4.354840049386809,2.612904029632085,0.3157894736842105,0.7421875,0.476190476,0.3,92.47981219103107,6.532260074080213,4.730403852345589,6.360029147840121,4.049068830021443,-0.4656780958175659,91.7643391521197,84.89940149625933,5.523479226932669,36.49772760598504,39.214841870324186,0.9642575810473815,4.049068830021443,4.008319391377125,"Giovanny Gallegos",14986,606149
2024,"Max Scherzer","TEX",2,4,0,9,9,43.1,8.307692551471785,2.0769231378679462,1.4538461965075624,0.2773109243697479,0.75242718,0.319672131,0.125,92.62486713435374,3.946153961949098,3.834699262243833,4.18186442346968,4.03584451337931,0.6061842441558838,99.85733133433283,101.71934032983509,3.8409989701492537,54.55214407462687,45.91367547761194,-0.15739580597014927,4.03584451337931,4.007217645219987,"Max Scherzer",3137,453286
2024,"Alan Busenitz","CIN",0,0,0,3,0,4,6.75,0,2.25,0.47058823529411764,0.26315789,0.388888888,0.142857142,94.51271057128906,13.5,9.400788078124325,4.916479778289795,4.312494489178062,-0.015047742053866386,89.84410256410258,99.27871794871797,4.1457816,51.28153199999999,40.3463824,0.04579106666666668,4.312494489178062,4.004525013443546,"Alan Busenitz",15239,641427
2024,"Beau Brieske","DET",4,5,1,46,12,67.2,9.177341281134135,3.990148383101798,0.6650247305169663,0.2840909090909091,0.7,0.376404494,0.064935064,95.96162879797441,3.591133544791618,3.3289158286571325,3.5063813072206895,4.266351578302972,0.7632355988025665,102.3632505545943,99.36913705561632,4.194144535993061,50.762599505637475,53.10793161318301,0.07803438855160448,4.266351578302972,3.9999478123729966,"Beau Brieske",26079,689225
2024,"Alex Young","- - -",0,0,0,17,0,15.2,8.617023265486365,4.021277523893637,1.148936435398182,0.29545454545454547,0.88541667,0.52173913,0.117647058,88.33615112304688,2.872341088495455,4.379483469700093,4.251586411721411,4.2327019119864175,0.0008269399404525757,91.12799269609401,93.17689965068274,4.751492835820896,44.781758432835815,37.457789850746266,0.44960052238805953,4.2327019119864175,3.9996051631565868,"Alex Young",18333,622065
2024,"Matthew Liberatore","STL",3,4,0,60,6,86,7.953489783263057,2.9302330780442842,1.1511629949459687,0.29045643153526973,0.70083682,0.422131147,0.112244897,94.88604145665323,4.395349617066426,4.18732282961217,4.1083404105183154,4.1685360468933785,0.3534696754068136,103.72297999357566,100.44606871640097,4.140384455081001,51.339456708394685,50.25224779823269,0.042194852724595,4.1685360468933785,3.998483077085247,"Matthew Liberatore",22294,669461
2024,"Hans Crouse","LAA",4,3,0,25,0,25.1,12.078948884129384,6.039474442064692,0.7105264049487873,0.23076923076923078,0.7615894,0.245283018,0.06060606,,2.842105619795149,3.583060730567309,3.7585851157471177,4.701859342217234,0.22263553738594055,78.39100917431193,81.60298165137614,5.666471647597254,34.963283020594965,45.80314510297483,1.0595862700228833,4.701859342217234,3.995641296034449,"Hans Crouse",22192,668968
2024,"Casey Kelly","CIN",0,0,1,2,0,5.1,6.750000402331376,1.687500100582844,1.687500100582844,0.26666666666666666,0.65217391,0.375,0.125,90.85687255859375,5.062500301748532,3.6508884569301507,4.666479867696768,4.496992466927331,0.0033238676842302084,82.65820512820513,81.99179487179488,5.77288641025641,33.82134025641026,22.499956666666666,1.130529230769231,4.496992466927331,3.9926066345064837,"Casey Kelly",9174,543391
2024,"Tobias Myers","MIL",9,6,0,27,25,138,8.282608695652174,2.347826086956522,1.173913043478261,0.2819843342036554,0.81100141,0.375634517,0.1125,92.91630747767857,3,4.123284249958439,3.912856589883998,3.9702576405760173,2.133734941482544,91.22824772142384,93.69658785866174,4.466079024616814,47.8445008453321,41.05731613098005,0.2593241987923827,3.9702576405760173,3.9921065480069458,"Tobias Myers",22191,668964
2024,"Zack Littell","TBR",8,10,0,29,29,156.1,8.117271053005814,1.7846482456963138,1.2665245614619,0.31072210065645517,0.78014184,0.340336134,0.108910891,92.53914048321234,3.626865789640896,4.382025429832069,3.8828977120460215,4.007155912614211,2.2679834365844727,89.42169559951556,100.08779975777149,3.9778033078778137,53.08410470659164,41.48992374598071,-0.06619281350482313,4.007155912614211,3.99015773294394,"Zack Littell",15823,641793
2024,"Sean Reid-Foley","NYM",1,2,0,23,0,21.2,10.384617517686188,5.815385809904265,0,0.2549019607843137,0.62962963,0.607843137,0,95.17724982108778,1.66153880282979,3.001748821070253,2.7972489332165082,3.70445416329573,0.39988836646080017,91.74697674418607,81.83540051679589,5.160495435356201,40.39283427440633,50.657891583113454,0.7222682321899735,3.70445416329573,3.983672786467878,"Sean Reid-Foley",17034,656887
2024,"MacKenzie Gore","WSN",10,12,0,32,32,166.1,9.79358747382422,3.517034175682731,0.8116232713113994,0.33986928104575165,0.68141593,0.391489361,0.090361445,96.12840411888956,3.895791702294717,4.135993849376615,3.533213256437909,3.8698469066084726,3.2249128818511963,104.33959719255417,103.86143423863287,3.8617722804674464,54.32920371285477,61.55099657762938,-0.14354681469115196,3.8698469066084726,3.981339008727779,"MacKenzie Gore",22201,669022
2024,"Cole Winn","TEX",0,1,0,13,0,17.1,7.269232102399991,2.076923457828569,1.0384617289142846,0.2962962962962963,0.45045045,0.375,0.1,95.77727864583333,7.788462966857134,5.352040338214585,4.262633825477096,4.50725895444323,-0.0006666778353974223,101.30804195804191,97.19055944055941,3.9448279720279724,53.4379384965035,57.03771356643357,-0.08817622377622379,4.50725895444323,3.9795123539742607,"Cole Winn",22113,668390
2024,"Tyler Beede","CLE",1,0,0,13,0,14,11.571429359669642,5.785714679834821,1.285714373296627,0.3888888888888889,0.55555556,0.432432432,0.166666666,94.23315085827464,8.357143426428074,4.826661328431823,5.023622761940478,4.462487071906314,-0.16438494622707367,90.32931818181817,81.67575757575759,5.558147703703705,36.12569933333333,34.27158359259259,0.9873699629629631,4.462487071906314,3.9772221652588238,"Tyler Beede",16981,595881
2024,"Matt Carasiti","COL",0,1,0,7,0,8.2,7.269232902301759,3.115385529557897,2.076923686371931,0.4666666666666667,0.58139535,0.46875,0.333333333,94.83487955729167,10.384618431859657,8.734905770885929,5.935711360119036,3.9824858374292473,-0.16146403551101685,89.10331360946746,89.33159763313611,3.6357547058823525,56.75454929411765,32.53502211764705,-0.29422476470588227,3.9824858374292473,3.976957855376048,"Matt Carasiti",13276,571539
2024,"Ryan Weathers","MIA",5,6,0,16,16,86.2,8.307692551471785,2.4923077654415353,1.1423077258273704,0.2757201646090535,0.75313808,0.466135458,0.122222222,96.16975466757741,3.634615491268906,4.134486505357404,4.112633652207415,4.032796225556618,1.0660607814788818,100.20665251238499,99.38326963906583,4.083768897526502,51.94701072084805,57.08662913780918,0.0044508480565371425,4.032796225556618,3.976601088124356,"Ryan Weathers",23796,677960
2024,"Spencer Strider","ATL",0,0,0,2,2,9,12,5,2,0.34782608695652173,0.6557377,0.4,0.181818181,96.99991414835165,7,4.188773356600146,5.0553686671786835,4.014490052560966,0.012423278763890266,107.35797752808989,107.13067415730336,4.040967752808989,52.40629146067416,53.54772426966293,-0.024084831460674132,4.014490052560966,3.9745850998094787,"Spencer Strider",27498,675911
2024,"Zach Eflin","- - -",10,9,0,28,28,165.1,7.294354894809992,1.3064516229510432,1.1975806543717895,0.2874251497005988,0.75215783,0.42746615,0.113402061,92.63402827099117,3.592741963115369,3.7357914355898796,3.7652701054756896,3.809602550214079,2.807284414768219,99.9725634575034,105.2001656163345,3.5936620624195124,57.20625353365402,41.61726114051263,-0.3222869851730215,3.809602550214079,3.9667455969497936,"Zach Eflin",13774,621107
2024,"Sean Manaea","NYM",12,6,0,32,32,181.2,9.115596840708145,3.1211010921989844,1.0403670307329949,0.24511930585683298,0.74178935,0.37605042,0.102439024,92.2266050054407,3.4678901024433157,3.7598997151472924,3.8325348614574795,4.035993900054773,2.7818140983581543,98.31765840220386,94.04826446280987,4.450627194787381,48.01032033950617,46.21001565500686,0.2490232887517147,4.035993900054773,3.964953326715085,"Sean Manaea",15873,640455
2024,"Carmen Mlodzinski","PIT",5,5,0,40,4,50.2,8.17105304171176,3.375000169402683,0.5328947635898973,0.2733812949640288,0.69204152,0.460992907,0.056603773,96.15126387001811,3.375000169402683,3.3419995872888784,3.363848209249016,4.175751780193815,0.6047606319189072,105.1495818458102,102.88020260827642,3.682399680965397,56.25401118956242,55.171302285404984,-0.26312821919683527,4.175751780193815,3.9615174645761537,"Carmen Mlodzinski",27572,669387
2024,"Trevor Williams","WSN",6,1,0,13,13,66.2,7.9650003038406485,2.430000092697147,0.4050000154495245,0.26666666666666666,0.80246914,0.453551912,0.042253521,89.18989839702073,2.0250000772476224,3.2446411383440923,2.79147976398468,3.816768755722639,1.9769130945205688,89.73145557655955,94.2631001890359,3.8946243233082702,53.97666762218045,50.26218986842105,-0.12164485902255635,3.816768755722639,3.9571346158299097,"Trevor Williams",16977,592866
2024,"Tommy Nance","TOR",0,3,0,20,0,22,7.772727946604637,3.6818185010232494,0.8181818891162776,0.25806451612903225,0.63492063,0.523809523,0.117647058,94.06256103515625,4.090909445581388,4.463783714689732,3.9846616674060726,3.9712136165025096,0.07199045270681381,100.48282131661443,100.43003134796231,4.277349347826087,49.86971832298136,67.20526369565216,0.13350465838509318,3.9712136165025096,3.9558126750059417,"Tommy Nance",19178,667297
2024,"Andrew Heaney","TEX",5,14,0,32,31,160,8.943750586397984,2.306250151209543,1.2937500848248658,0.29694323144104806,0.71190211,0.335429769,0.108490566,91.81237906889358,4.27500028029086,4.435666857232042,4.04147983565927,4.176140982732315,2.1737462282180786,99.37988167720088,100.4641346958154,3.6662010121711957,56.42785290033253,52.08776542621347,-0.2739271948262488,4.176140982732315,3.952878047278601,"Andrew Heaney",15423,571760
2024,"Caleb Thielbar","MIN",2,4,3,59,0,47.1,10.077468308115355,4.563381875372991,1.1408454688432477,0.3308270676691729,0.625,0.379562043,0.109090909,93.23355316558441,5.323945521268489,4.0941700724141015,4.096057567717627,4.2050814580924065,0.19309237599372864,112.13950169875426,113.79746319365802,3.2790548505747115,60.582247080459766,52.17814185057471,-0.5320249999999999,4.2050814580924065,3.94885779422431,"Caleb Thielbar",10078,573204
2024,"Joey Wentz","- - -",1,2,1,46,0,67.1,9.75742744703017,4.4108918596163775,1.0693071174827582,0.3118279569892473,0.71895425,0.411458333,0.112676056,93.78826508319351,4.678218638987067,3.6716626483532098,4.191232432544106,4.241023483445997,0.1573956087231636,97.63816668965795,91.84146925792187,4.70663589387755,45.263122579591844,51.388458677551014,0.419695918367347,4.241023483445997,3.9487899211629465,"Joey Wentz",19962,666214
2024,"Shawn Armstrong","- - -",3,3,1,57,7,66.2,8.910000977182495,3.3750003701448845,0.8100000888347724,0.3622448979591837,0.69037657,0.358208955,0.075949367,93.50069888607486,4.860000533008634,5.1279639167273325,3.571479822707181,4.193209852266809,0.6851377971470356,104.80307054572535,101.968996531207,3.7423779237204546,55.610418968225595,44.09705541886552,-0.2231428304902408,4.193209852266809,3.9454131164472583,"Shawn Armstrong",12857,542888
2024,"Keegan Thompson","CHC",2,1,2,24,0,30.1,10.681319800714325,5.340659900357163,0.8901099833928604,0.22857142857142856,0.76219512,0.375,0.107142857,93.84918870192308,2.6703299501785813,4.351987672547644,3.8587875431509087,3.9687733362447886,0.15283213555812836,97.66393382352942,96.51507352941174,4.346995074349443,49.12238130111523,51.16166449814127,0.179934814126394,3.9687733362447886,3.9438620774513216,"Keegan Thompson",19795,624522
2024,"John Schreiber","KCR",4,3,2,59,0,51.2,8.012904803448054,3.483871653673067,0.17419358268365334,0.30718954248366015,0.69405099,0.513157894,0.020408163,93.01751569634703,3.65806523635672,3.3550770332878908,3.0309958806469535,4.213352472887431,1.0963646173477173,100.12127946127951,100.15254769921441,4.185566625698323,50.854623217877084,50.98887444692735,0.07231615642458099,4.213352472887431,3.9429343292105807,"John Schreiber",20020,670167
2024,"Eduardo Salazar","- - -",0,1,0,26,0,29.1,8.284092884172564,4.295455569570959,0.6136365099387084,0.3595505617977528,0.82251082,0.56043956,0.095238095,95.72854521780303,2.761364294724188,4.85533105474944,3.7460253710096865,3.942122344944412,0.17448102310299873,98.92095790381984,100.69520607535335,4.920795050301811,42.96501277665997,48.12056879275655,0.5624688329979879,3.942122344944412,3.940796468981389,"Eduardo Salazar",23135,674285
2024,"Seth Lugo","KCR",16,9,0,33,33,206.2,7.882258452495868,2.090322683534816,0.6967742278449386,0.2766323024054983,0.75141777,0.441624365,0.073732718,92.34196428571428,3.004838857581298,3.764560781549614,3.2487378468548225,3.8298950890902206,4.6767354011535645,96.74312258064518,96.75116129032266,4.289220401670952,49.74233320051414,42.00712714010284,0.14141850899742928,3.8298950890902206,3.937443872712888,"Seth Lugo",12447,607625
2024,"Buck Farmer","CIN",3,2,1,61,1,71,8.873240390104954,3.6760567330434806,0.8873240390104954,0.26344086021505375,0.81508516,0.357894736,0.086419753,92.87059364318847,3.042253848035984,4.135580354455921,3.997465783077402,4.440743026540897,0.5406852886080742,99.03643429667258,98.27221765772241,4.069268497011101,52.10260871904355,47.58102888983775,-0.005216029035012823,4.440743026540897,3.935807191115165,"Buck Farmer",14814,571656
2024,"Reese Olson","DET",4,8,0,22,22,112.1,8.091988496955327,2.6439170336586715,0.560830885927597,0.290625,0.67610063,0.506172839,0.06930693,94.34578689334086,3.5252227115448953,3.625634507859583,3.166479778289795,3.7158523464440556,2.491748094558716,93.08510822510823,92.70901515151515,5.006053757412398,42.05012432884097,42.60188714824798,0.6193077088948786,3.7158523464440556,3.934430826474607,"Reese Olson",24968,681857
2024,"Spencer Arrighetti","HOU",7,13,0,29,28,145,10.613793871331923,4.034483050506286,1.3034483701635695,0.32065217391304346,0.72136564,0.359897172,0.12804878,94.23001182406557,4.531034810568599,4.018403404645538,4.180272955083682,4.007647967562841,1.6624017292633653,100.36795686773023,98.33887717894629,3.733401263451574,55.70672398166598,58.22203903148665,-0.22912754085292944,4.007647967562841,3.9335805109840734,"Spencer Arrighetti",29921,681293
2024,"Kyle Muller","OAK",0,1,0,21,0,49.1,6.567567736846505,1.8243243713462514,1.0945946228077508,0.28187919463087246,0.67193676,0.425806451,0.111111111,92.93552164082688,4.0135136169617525,3.9822024896703083,3.9570203392065046,4.0309754884636595,0.1131652444601059,94.26458563535908,97.43837016574588,4.12136425034388,51.54357514442917,46.83049269601101,0.029513933975240707,4.0309754884636595,3.9281505185266976,"Kyle Muller",20167,666205
2024,"Tyler Kinley","COL",6,1,12,67,0,64,10.1250012069942,4.640625553205675,1.5468751844018918,0.2994011976047904,0.64516129,0.378531073,0.154929577,96.062802734375,6.187500737607567,4.480953059577851,4.791479972004914,4.234489231258826,-0.09310238808393478,93.66916949152544,96.84874576271189,5.272510561702131,39.19082130212766,48.69581185531914,0.7969451659574468,4.234489231258826,3.9277834896646544,"Tyler Kinley",18297,641755
2024,"Jordan Romano","TOR",1,2,8,15,0,13.2,8.560976605412623,2.6341466478192688,2.6341466478192688,0.3,0.71428571,0.279069767,0.222222222,96.5783999544903,6.5853666195481715,7.228669814110568,6.166480127195074,4.353027573262517,-0.292381227016449,103.06666666666665,112.56441314553992,3.5336833023255805,57.8498974883721,52.573804790697665,-0.36227320930232565,4.353027573262517,3.927063114113403,"Jordan Romano",16122,605447
2024,"Cam Booser","BOS",2,3,1,43,0,42.2,9.070313851582087,3.3750005029142653,1.0546876571607078,0.3025210084033613,0.8,0.303278688,0.083333333,95.41616004621478,3.3750005029142653,3.6093050472933297,3.7992923725862204,4.4021167836635575,0.284202516078949,111.66482658959538,104.12280346820805,3.832556651851851,54.64272368888889,51.300022014814814,-0.1630238074074074,4.4021167836635575,3.924118401529011,"Cam Booser",16061,592155
2024,"Tayler Saucedo","SEA",2,0,3,53,0,38.2,8.844831658318723,4.189657101308869,0.6982761835514782,0.3047619047619048,0.78740157,0.509259259,0.09375,91.68319702148438,3.491380917757391,3.0649212123303835,3.7613076383521653,4.004004362134085,0.2009279429912567,100.97293739967901,90.66680577849121,5.770723235294117,33.84459187908496,49.55537545751633,1.1290867156862743,4.004004362134085,3.9153386749368546,"Tayler Saucedo",17888,642048
2024,"Nick Vespi","BAL",0,0,0,11,0,12.1,6.567567736846505,2.1891892456155015,0.7297297485385005,0.25,0.77586207,0.459459459,0.083333333,89.38332112630208,2.918918994154002,3.8238811504121335,3.4908041109735737,3.907893381831804,0.05315890535712242,100.04994082840236,97.91952662721894,4.220518797468354,50.47956556962025,47.21246632911393,0.09561740506329115,3.907893381831804,3.91114515680879,"Nick Vespi",21093,663989
2024,"Yu Darvish","SDP",7,3,0,16,16,81.2,8.595918635027163,2.4244898714179173,1.3224490207734094,0.24537037037037038,0.79234973,0.386666666,0.122448979,94.27335221069869,3.3061225519335236,3.5631428130482408,4.084847153826885,3.98905315667741,1.063788890838623,99.765577689243,100.68731474103586,3.841484137658228,54.5469036471519,49.63464373417722,-0.15707146360759497,3.98905315667741,3.9053170279804332,"Yu Darvish",13074,506433
2024,"Colin Holderman","PIT",3,6,0,55,0,51.1,9.818183520608992,4.383117643129014,1.0519482343509634,0.2748091603053435,0.77044025,0.375,0.105263157,97.23206583658855,3.15584470305289,4.093667127455702,4.257389058357461,4.416826991613249,0.13699810206890106,112.56765317919083,103.04647398843927,4.310115936018955,49.51811199052131,60.42019479857818,0.15534922985781988,4.416826991613249,3.904948390704774,"Colin Holderman",22361,670059
2024,"Matt Festa","- - -",6,1,0,19,0,23.2,9.126762279653844,3.042254093217948,0.760563523304487,0.2923076923076923,0.44117647,0.257575757,0.057142857,92.09139783135775,5.704226424783652,3.899041373974464,3.377747423652153,4.515224858021987,0.38393144705332816,108.03115888215751,103.96916393430756,3.0422411532231943,63.123450596198595,58.9247638233854,-0.6899010409745293,4.515224858021987,3.898197884014893,"Matt Festa",19330,670036
2024,"Pedro Avila","- - -",6,1,1,54,0,82.2,8.927420453400206,3.9193553210049688,0.8709678491122153,0.2914798206278027,0.7367387,0.449781659,0.105263157,93.49194555884009,3.810484339865942,4.621330794421163,3.8922863192166415,4.02429406376157,0.21454354003071785,87.99344991206777,86.18426113248319,4.965426423049895,42.48607932536894,44.157059374560795,0.5922225368938862,4.02429406376157,3.895185900482016,"Pedro Avila",18864,658648
2024,"Daniel Lynch IV","KCR",2,0,1,16,3,43.1,8.100000594212503,2.9076925209993596,1.2461539375711541,0.2072072072072072,0.77720207,0.461538461,0.122448979,92.97948306074767,3.323077166856411,3.782905019832799,4.412633715860949,4.3223662916590815,0.028689071536064148,91.50932195244252,91.24389960435356,4.51073438985737,47.3652757052298,45.1531989540412,0.28909510301109353,4.3223662916590815,3.8948522598163895,"Daniel Lynch IV",21537,663738
2024,"Héctor Neris","- - -",10,5,18,62,0,59.1,9.707866000731908,4.2471913753202095,1.2134832500914885,0.2974683544303797,0.73170732,0.4,0.119402985,93.1996174291237,4.095505969058774,4.211544062818939,4.278839424206993,4.233410710484566,0.043525613844394684,94.60185982937882,89.93398244079457,4.560636211671612,46.82982930761623,47.311646597428286,0.32236239366963404,4.233410710484566,3.893394283503193,"Hector Neris",11804,593576
2024,"Brady Singer","KCR",9,13,0,32,32,179.2,8.515770426494786,2.705009429592461,1.1020408787228546,0.30237154150197626,0.77809798,0.471264367,0.144736842,91.73305708586626,3.7068647738859655,4.708361332938133,3.9345688755814816,3.6219080661112044,2.452664375305176,90.52730834177649,91.74074974670722,4.54612714045133,46.985510101044135,46.20480837655778,0.3126897743347929,3.6219080661112044,3.8931918390855325,"Brady Singer",25377,663903
2024,"Landon Knack","LAD",3,5,1,15,12,69,9.000000373176922,2.347826184307023,1.8260870322387956,0.24175824175824176,0.85858586,0.311224489,0.142857142,93.53305810914004,3.6521740644775913,4.001056130374021,4.717204480270359,4.227013500665944,0.5298651680350304,93.59592066764542,94.16445750839546,4.604336744995648,46.360867267188866,44.384452489120974,0.3514968668407311,4.227013500665944,3.886973023027358,"Landon Knack",27487,689017
2024,"Peter Strzelecki","CLE",0,0,0,10,0,11.2,6.942858656280225,2.314286218760075,0.7714287395866917,0.30303030303030304,0.88235294,0.411764705,0.1,92.3494384765625,2.314286218760075,4.802451191747599,3.766479909079444,3.9482014397389085,0.05424331873655319,98.97644444444445,94.18791111111109,4.57341078125,46.69273776041666,57.6303803125,0.33087901041666673,3.9482014397389085,3.8816933286652717,"Peter Strzelecki",21367,657265
2024,"Ryan Pepiot","TBR",8,8,0,26,26,130,9.830769230769231,3.3230769230769233,1.176923076923077,0.26153846153846155,0.74324324,0.352941176,0.109677419,95.03956514246323,3.6,3.5973862448690803,3.9510951629051796,4.053874416477405,1.891654372215271,109.68328052190121,108.06315936626285,3.4047993209302336,59.23289320930232,61.93877829302324,-0.44819558604651166,4.053874416477405,3.8796489914530965,"Ryan Pepiot",26221,686752
2024,"Brent Suter","CIN",1,0,2,47,3,65.2,6.852792541658095,1.6446702099979431,1.3705585083316192,0.2717948717948718,0.828125,0.408866995,0.12345679,,3.152284569162724,4.1551147040392244,4.308611868566144,4.1939826326551515,0.17696628347039223,105.64775591422949,104.98155071605113,4.27904546966732,49.851516174168296,54.36668684931507,0.1346354892367906,4.1939826326551515,3.878743984993537,"Brent Suter",13942,608718
2024,"Kevin Herget","MIL",0,0,1,7,0,11.1,7.147059625407906,2.382353208469302,0.794117736156434,0.16666666666666666,0.92105263,0.4,0.076923076,92.79103625660211,1.588235472312868,5.277044101933857,3.5194209943593213,4.10672482033106,0.09753253310918808,95.26549019607843,81.95777777777778,5.109363642384106,40.94155556291391,43.095235430463575,0.688179867549669,4.10672482033106,3.8784981446677333,"Kevin Herget",15369,643361
2024,"Bowden Francis","TOR",8,5,0,27,13,103.2,7.9871384596046,1.9099678925141435,1.4758842805791108,0.2111111111111111,0.78282828,0.342657342,0.127819548,93.03362024968592,3.299035450706248,3.4132237071326355,4.362621286732996,4.170632066854422,1.0404045954346657,98.72081434236216,100.18829951676105,3.77315864189622,55.2801301921845,46.163419705317104,-0.20262313901345294,4.170632066854422,3.8765175668249685,"Bowden Francis",20548,670102
2024,"Joe Kelly","LAD",1,1,0,35,0,32,9.843751173466584,4.500000536441867,1.1250001341104667,0.3253012048192771,0.7112069,0.470588235,0.148148148,98.16278839111328,4.781250569969484,4.9900112854443375,4.572729945927879,4.223486997044574,-0.019738445058465004,107.87405109489059,98.36864963503646,4.5506485130111525,46.93699475836431,62.48122466542751,0.31570401486988847,4.223486997044574,3.869341385221022,"Joe Kelly",9761,523260
2024,"Alex Cobb","CLE",2,1,0,3,3,16.1,5.510204510607389,1.653061353182217,0.5510204510607389,0.2708333333333333,0.64102564,0.612244897,0.076923076,94.55390167236328,2.7551022553036946,5.01091196143531,3.288928767414404,3.696445693888006,0.27441394329071045,101.26404958677686,117.49636363636365,3.764894049586777,55.36878198347107,44.345493305785126,-0.20813173553719008,3.696445693888006,3.8659347538289124,"Alex Cobb",6562,502171
2024,"Ryan Fernandez","STL",1,6,2,62,0,66.2,9.585001462555155,4.320000659179788,0.5400000823974735,0.3068181818181818,0.71759259,0.429378531,0.06779661,95.79663294604701,3.5100005355835777,3.459427634872115,3.3464798057556195,3.904607330425473,0.7444950938224792,103.054359832636,97.56451882845185,4.655859195305951,45.8080032523051,50.025561542330266,0.3858444761106452,3.904607330425473,3.865645307525396,"Ryan Fernandez",24862,681676
2024,"Kody Funderburk","MIN",1,0,1,27,0,34.2,8.307693831314277,3.894231483428567,1.0384617289142846,0.3523809523809524,0.63176895,0.546296296,0.16,,6.490385805714278,5.269335900773432,4.551095416842174,4.1414860192841045,-0.10235190391540527,107.81379629629629,95.78413580246915,4.360051582181258,48.982271950844854,60.02999917050691,0.18863904761904762,4.1414860192841045,3.863166875645491,"Kody Funderburk",24993,681892
2024,"Colten Brewer","CHC",0,0,1,16,0,20.2,9.580646340234368,3.9193553210049688,0.4354839245561076,0.3709677419354839,0.55214724,0.44262295,0.041666666,,5.661291019229399,4.21943639071919,3.118092675561339,4.244941285966936,0.29120978713035583,98.48892307692311,94.99887179487182,4.900845382653061,43.179083877551015,43.79998153061224,0.5491689540816326,4.244941285966936,3.8629562340982457,"Colten Brewer",12997,605155
2024,"Enyel De Los Santos","- - -",1,2,2,64,0,64,9.281252074521499,3.515625785803598,2.3906255343464466,0.2909090909090909,0.8005618,0.344444444,0.195402298,95.53763710446589,5.203126162989325,5.144052771358134,5.963355403440213,4.565616518229076,-0.9633167237043381,94.42092321652606,96.13871979635809,4.443176137566137,48.09026865961199,41.09191764550265,0.2440559171075838,4.565616518229076,3.861627436862672,"Enyel De Los Santos",18403,660853
2024,"Fraser Ellard","CHW",2,3,1,25,0,24,9.75000387430345,4.500001788140054,1.1250004470350135,0.2542372881355932,0.70895522,0.451612903,0.142857142,95.19970703125,3.7500014901167114,3.856225499336536,4.249813542101289,3.9478207775442793,0.10496887564659119,98.73718969555037,85.11728337236538,5.711586375321337,34.47916858611824,55.707797737789214,1.089662467866324,3.9478207775442793,3.853379024723997,"Fraser Ellard",29530,686642
2024,"Zac Gallen","ARI",14,6,0,28,28,148,9.486486486486486,3.2837837837837838,0.7905405405405406,0.30456852791878175,0.74652778,0.461728395,0.095588235,93.8180123390558,3.6486486486486487,3.9425915564072422,3.3759392377492548,3.623460475899078,2.830951452255249,91.52007974481653,99.92566985645932,4.510285907459115,47.37012589948146,46.27623735141603,0.2887955803749502,3.623460475899078,3.85248559822819,"Zac Gallen",19291,668678
2024,"Prelander Berroa","CHW",1,0,0,17,0,19,12.31579194636936,6.15789597318468,0.9473686112591816,0.3170731707317073,0.83969466,0.418604651,0.1,97.6558554946192,3.315790139407136,2.2270489585480475,4.008585210520179,4.231751998717604,0.10525543242692947,111.59166197183097,89.76704225352113,5.403211,37.78830524242424,61.48070257575758,0.884079303030303,4.231751998717604,3.849758260992856,"Prelander Berroa",22932,672860
2024,"Will Warren","NYY",0,3,0,6,5,22.2,11.514706205331752,3.9705883466661214,1.9852941733330607,0.4307692307692308,0.45945946,0.36231884,0.172413793,93.68538731166295,10.323529701331916,4.466627916662318,4.9311857101414045,3.998019968397728,0.08575562760233879,103.22755458515286,106.53615720524017,3.4926322052401746,58.29037427947598,61.92317441048035,-0.3896406331877729,3.998019968397728,3.846489976972885,"Will Warren",30182,701542
2024,"T.J. McFarland","OAK",2,4,0,79,0,56.2,6.194120426905206,2.7000012117279106,0.6352944027595083,0.28654970760233917,0.67251462,0.573099415,0.1,,3.81176641655705,3.415875890110401,3.819421247792623,3.9690743075823076,0.34089964628219604,92.27133574007222,100.53636582430812,3.2720339426523277,60.65758692951014,50.286814348865,-0.5367058661887697,3.9690743075823076,3.84614496927886,"T.J. McFarland",3237,519008
2024,"Zack Kelly","BOS",6,3,0,49,3,56.2,9.688236707205798,4.288235919582894,1.5882355257714422,0.24113475177304963,0.71186441,0.473333333,0.192307692,96.61027187771268,3.9705888144286052,4.18210735297374,4.84295061104854,3.9363228986385077,-0.2594481110572815,114.7728414303353,112.06420735003142,3.0142485386221294,63.423843382045945,67.24468596033402,-0.7085627974947808,3.9363228986385077,3.8423961807593616,"Zack Kelly",20349,677161
2024,"Alek Manoah","TOR",1,2,0,5,5,24.1,9.616438858682233,2.958904264209918,1.8493151651311988,0.2,0.59090909,0.353846153,0.185185185,93.2358443233945,3.6986303302623975,4.0675633384005465,5.180178513654878,4.186653542613429,0.039047300815582275,87.30147959183675,78.79234693877552,4.952631395939086,42.62339852791879,48.118523299492395,0.5836918020304569,4.186653542613429,3.8412552640104485,"Alek Manoah",26410,666201
2024,"Yohan Ramírez","- - -",0,5,1,38,0,45,9.000001525879165,3.40000057644324,0.8000001356337035,0.34615384615384615,0.59392265,0.438461538,0.09090909,94.93939584585337,6.200001051161203,4.543715345683904,4.255368851791225,4.578221570389734,0.13593889214098454,108.51664921827113,100.63836210126243,4.058494499349805,52.21821123537061,65.17666371911574,-0.012398387516254885,4.578221570389734,3.839893546426757,"Yohan Ramirez",19444,670990
2024,"Erik Swanson","TOR",2,2,0,45,0,39.1,8.466102789682006,3.2033902447445426,2.516949478013569,0.23809523809523808,0.81460674,0.422413793,0.268292682,93.88000891516516,5.033898956027138,5.187174147457411,6.064785237820572,4.005268310189684,-0.6286770105361938,94.84450450450451,89.9032132132132,4.656623875379941,45.79979983282675,45.88732702127662,0.38635422492401217,4.005268310189684,3.834310503552895,"Erik Swanson",16587,657024
2024,"Tyler Matzek","ATL",0,0,0,11,0,10,9.000001716614097,2.700000514984229,2.700000514984229,0.40625,0.54054054,0.314285714,0.23076923,93.89904477415966,9.900001888275506,7.199708085304299,5.966480312347514,4.0320908714804355,-0.1851990669965744,97.29966292134831,88.46617977528089,3.916018324022346,53.74711089385474,57.08422798882682,-0.10738357541899442,4.0320908714804355,3.833145753839684,"Tyler Matzek",10058,554431
2024,"José Alvarado","PHI",2,5,13,66,0,61.2,9.194595542556716,4.086486907802985,0.8756757659577824,0.26875,0.68965517,0.460122699,0.115384615,,4.086486907802985,3.9456952288256533,3.7989122759259715,3.809038284378671,0.600022554397583,111.19906488549621,113.97958015267169,4.311146689520079,49.507049637610194,61.77255493633693,0.156036180215475,3.809038284378671,3.832277379597078,"Jose Alvarado",17780,621237
2024,"Emmanuel Ramirez","MIA",0,1,0,15,0,20.2,9.14516241567826,3.483871396448861,1.3064517736683228,0.3157894736842105,0.53956835,0.4,0.125,94.10005326704545,6.967742792897722,4.93666999233196,4.618092860143488,4.4868767996092185,-0.035950444638729095,98.90975741239887,95.39563342318058,4.064306927223719,52.15582873315363,60.07806832884096,-0.008523584905660393,4.4868767996092185,3.8320941572790477,"Emmanuel Ramirez",17304,642629
2024,"Ben Heller","PIT",0,1,0,8,0,12,11.250000894069743,4.500000357627897,0.7500000596046495,0.47368421052631576,0.50675676,0.435897435,0.076923076,96.24659886853448,11.250000894069743,5.362213485245575,4.749813237455166,5.304489054943861,-0.07558253407478333,106.51848605577685,87.66964143426293,5.7539963839285715,34.024079285714286,57.08215361607143,1.117934732142857,5.304489054943861,3.830689131562595,"Ben Heller",15100,621294
2024,"Max Lazar","PHI",0,0,0,11,0,13.2,5.926830371173835,1.3170734158164077,1.3170734158164077,0.2682926829268293,0.6557377,0.428571428,0.166666666,93.5752734375,4.609756955357427,4.634786559589065,4.1908702128136675,3.616048218629361,0.04696638137102127,81.51635514018692,93.46196261682243,4.371031775700935,48.864425887850466,53.56339242990655,0.19595981308411214,3.616048218629361,3.8305974046820053,"Max Lazar",23426,676661
2024,"Scott Alexander","OAK",1,3,0,45,0,38.2,7.21551913965663,3.4913802288661113,0.6982760457732222,0.25688073394495414,0.77625571,0.6,0.111111111,,2.5603455011684817,4.038864156506156,3.890617899832396,3.9377961958991072,0.07937036454677582,100.97005328596802,103.27602131438722,4.8767006161971835,43.438197323943676,39.74307790492958,0.5330719366197185,3.9377961958991072,3.825887326202393,"Scott Alexander",10591,518397
2024,"Dylan Dodd","ATL",0,0,0,1,0,2,9,4.5,0,0.6666666666666666,0.6,0.5,0,93.49198695591518,9,4.1816974932138,2.666479778289795,3.4224839814007284,0.024498287588357925,97.55705882352942,86.25235294117647,5.18915,40.08531,46.37021,0.74137,3.4224839814007284,3.82435871506704,"Dylan Dodd",29928,689266
2024,"Chad Green","TOR",4,6,17,53,0,53.1,7.762500740289759,2.362500225305579,1.350000128746045,0.2357142857142857,0.80786026,0.371621621,0.108108108,95.48618861607143,3.206250305771857,3.8732799590163762,4.291479885578166,4.439391563316963,0.08168237656354904,103.68121573301546,104.50829558998811,3.5905465042630933,57.23968249695495,52.8197027405603,-0.324363909866017,4.439391563316963,3.8229090766137164,"Chad Green",15552,643338
2024,"Phil Maton","- - -",3,3,3,71,0,64,8.43750150874284,3.3750006034971363,0.9843751760199981,0.24242424242424243,0.75498575,0.467836257,0.114754098,,3.656250653788564,4.2646172647426726,4.26022997386757,4.279487989491389,0.10687315464019775,96.60460037277626,103.42098922578182,3.898387031426017,53.93630423299042,65.1586516334215,-0.11913677973586709,4.279487989491389,3.820968139037194,"Phil Maton",18064,664208
2024,"Kyle Finnegan","WSN",3,8,38,65,0,63.2,8.481676239660397,3.392670495864159,1.2722514359490595,0.29213483146067415,0.74585635,0.459459459,0.152542372,97.38644244105409,3.675393037186172,4.377210520137227,4.250249520024179,3.813733706282776,-0.02117331512272358,103.24663524976437,103.9337606032045,3.730297959183674,55.74003224489796,48.96331761595549,-0.23119598330241192,3.813733706282776,3.8146506469444574,"Kyle Finnegan",15009,640448
2024,"Tylor Megill","NYM",4,5,0,16,15,78,10.5,3.6923076923076925,0.9230769230769231,0.3069306930693069,0.70675105,0.401913875,0.098765432,95.76696853997008,4.038461538461538,4.144363227341973,3.5510951629051797,3.7879244052637846,1.3976918384432793,103.37992693518015,99.7125015370914,3.916057893196781,53.74669811997074,53.023328902706645,-0.10735647403072422,3.7879244052637846,3.809830832437285,"Tylor Megill",21318,656731
2024,"Jesse Chavez","ATL",2,2,0,46,0,63.1,7.8157905721269705,2.7000003794620446,1.4210528312958128,0.27932960893854747,0.8030303,0.430851063,0.158730158,,3.126316228850788,4.2449770496671535,4.42963785055274,3.881056661748712,-0.19644536077976227,95.15666987487974,94.91133782483159,4.893461224880381,43.25832536842104,37.02122985645932,0.5442458755980861,3.881056661748712,3.8075314757733425,"Jesse Chavez",5448,445926
2024,"Hunter Greene","CIN",9,5,0,26,26,150.1,10.117516972020082,3.4124169668943476,0.7184035719777574,0.23728813559322035,0.80541237,0.339779005,0.068571428,97.79505429025424,2.75388035924807,3.051496028377187,3.472466484872914,4.194870973319694,3.6906678676605225,113.13361535448497,108.478723070897,3.671662953570035,56.369247019118205,54.343274826375335,-0.27028683183769026,4.194870973319694,3.804999171109145,"Hunter Greene",22182,668881
2024,"Bryce Miller","SEA",12,8,0,31,31,180.1,8.534196174161735,2.2458410984636146,1.0480591792830203,0.23706896551724138,0.78208556,0.38095238,0.098591549,95.30685427433247,2.9445472179856282,3.6814591077978993,3.5823762780052792,3.8544157895150137,2.7484092712402344,105.39031341107867,108.39497813411081,3.2505133684606697,60.88853236733157,54.26456378246143,-0.5510525065863756,3.8544157895150137,3.804413556635646,"Bryce Miller",29837,682243
2024,"Nick Martinez","CIN",10,7,0,42,16,142.1,7.334894875694646,1.1381733427802037,0.8220140808968137,0.2751196172248804,0.71536145,0.369411764,0.073863636,92.7943915005388,3.098360766457221,3.2174562410662766,3.2086343465409137,3.890930479787186,3.397096633911133,95.06069451633384,106.16720919751963,3.4766307431796797,58.462097093132655,40.62193031514581,-0.40030787864534334,3.890930479787186,3.7996223200219363,"Nick Martinez",12730,607259
2024,"Luis Castillo","SEA",11,12,0,30,30,175.1,8.9828899944259,2.412547598502956,1.2832699992037,0.284796573875803,0.78285714,0.393004115,0.122549019,95.69790248054474,3.6444867977385083,4.011043964596625,3.9136280889372825,3.8192348249970838,2.284731149673462,103.03595655220738,105.13351786965661,3.9456576293883465,53.42904648208469,49.06357194353963,-0.08762306550850525,3.8192348249970838,3.7902529615666625,"Luis Castillo",15689,622491
2024,"Gerrit Cole","NYY",8,5,0,17,17,95,9.378947368421052,2.7473684210526317,1.0421052631578946,0.27346938775510204,0.76844262,0.38671875,0.097345132,95.8891251790831,3.4105263157894736,3.6159158517010304,3.692795567763479,3.9860266193747522,1.776229739189148,106.90644908616187,106.93317232375976,3.7551616070266762,55.47322412491867,50.650642719583615,-0.21462057254391673,3.9860266193747522,3.788225709342552,"Gerrit Cole",13125,543037
2024,"Burch Smith","- - -",4,1,0,50,0,56.1,7.349113836061999,1.9171601311466084,0.9585800655733042,0.3314285714285714,0.63218391,0.438202247,0.092307692,95.11741420200893,4.952663672128739,4.45545216588484,3.663521293772249,4.023531062331743,0.3526083789765835,104.2581250392919,101.43491703661927,3.988719743303571,52.966970279017865,49.218563080357136,-0.05891508928571433,4.023531062331743,3.787909163510719,"Burch Smith",12784,572143
2024,"Spencer Bivens","SFG",3,1,1,27,2,48.2,6.842466513241354,2.034246801233916,1.6643837464641134,0.2638888888888889,0.84051724,0.539473684,0.176470588,94.84339203705659,3.143835965543325,4.034626757495979,4.789767629779487,3.9701599096704827,-0.2912105731666088,103.78739743836672,110.64372837217515,3.860552565104166,54.34228891927085,49.09848178385416,-0.14436022135416668,3.9701599096704827,3.787776976491468,"Spencer Bivens",30226,702352
2024,"Nick Lodolo","CIN",9,6,0,21,21,115.1,9.520231633720249,2.8872833643249938,1.0144509117898626,0.29042904290429045,0.68214804,0.447284345,0.116071428,94.27840423583984,4.760115816860124,3.673339399162138,3.9468266335127664,3.949817455871678,2.006086826324463,104.2248762109796,96.90437029063507,3.6567770348525466,56.52898704021447,49.69885626809653,-0.28021039142091153,3.949817455871678,3.7827932812484844,"Nick Lodolo",26378,666157
2024,"Freddy Peralta","MIL",11,9,0,32,32,173.2,10.364683908454992,3.523992528874697,1.347408908099149,0.27790973871733965,0.79631636,0.366515837,0.131313131,94.43561667171412,3.6794627875015222,3.828010143126509,4.156882907319939,3.9344894073369785,2.270331382751465,98.87897217675936,100.30981342062192,4.3752581628664515,48.81907717915309,53.56402664169382,0.19877712052117263,3.9344894073369785,3.7793950804725265,"Freddy Peralta",18679,642547
2024,"Cody Bradford","TEX",6,3,0,14,13,76.1,8.25327565910477,1.532751193833743,1.17903937987211,0.2523364485981308,0.71875,0.36036036,0.102040816,90.08597951121145,3.53711813961633,3.450511603781135,3.5856937800221007,3.823818125274144,1.5319304838776588,88.74105884323559,98.10229532984445,3.5379748894557825,57.80385700680272,42.39018443877551,-0.3594129846938775,3.823818125274144,3.779329040073213,"Cody Bradford",27597,674003
2024,"Zebby Matthews","MIN",1,4,0,9,9,37.2,10.274336976875844,2.6283187615263786,2.6283187615263786,0.36363636363636365,0.67901235,0.380165289,0.207547169,94.87341069240196,6.690265938430782,5.9043900863984025,5.715152516739616,4.046208480069212,-0.17926111817359924,97.48980392156862,96.93238095238097,4.513658940027894,47.333929553695945,47.29541196652719,0.2910440725244073,4.046208480069212,3.7790520718282905,"Zebby Matthews",31827,805673
2024,"Carlos Rodón","NYY",16,9,0,32,32,175,10.028571428571428,2.9314285714285715,1.5942857142857143,0.28442437923250563,0.79180509,0.338297872,0.133620689,95.44512270190414,3.96,4.0877042201564775,4.389336921146938,4.0909709225382125,1.6175439357757568,111.02942543576498,105.52127824402837,3.826945319148936,54.70293171502258,60.64951713088329,-0.1667646744036106,4.0909709225382125,3.7767716660712636,"Carlos Rodon",16137,607074
2024,"Reid Detmers","LAA",4,9,0,17,17,87.1,11.23282508167675,3.9160307624194175,1.8549619400934083,0.35714285714285715,0.62943262,0.383333333,0.171428571,94.09653698065902,6.69847367255953,4.063474502865591,4.723731777380557,3.862215116366004,0.6452233195304871,104.35017971758668,101.37563543003854,3.85210717126363,54.432921994868515,45.08695477228992,-0.1499904746632457,3.862215116366004,3.7747288389681106,"Reid Detmers",27468,672282
2024,"Clarke Schmidt","NYY",5,5,0,16,16,85.1,9.808594334637782,3.1640626885928325,0.843750050291422,0.29577464788732394,0.79959514,0.404545454,0.09090909,,2.8476564197335494,3.726684975886374,3.576636052737014,3.9171447419492136,1.6709344387054443,106.80970406056439,105.68469373709567,3.9251982829670333,53.64860682692308,57.789471675824174,-0.10126384615384613,3.9171447419492136,3.7727427965282594,"Clarke Schmidt",19899,657376
2024,"Garrett Cleavinger","TBR",7,5,6,68,0,60,10.65000203132668,4.650000886917283,0.9000001716614097,0.304635761589404,0.74754902,0.406451612,0.095238095,96.51888261070111,3.7500007152558736,4.314480581522826,3.999813270568878,4.287422151958879,0.17624953389167786,112.73945075757578,100.53037878787873,3.942130881782946,53.46689417635656,59.583139563953495,-0.08997424418604652,4.287422151958879,3.769855459416692,"Garrett Cleavinger",17897,664076
2024,"Greg Weissert","BOS",4,2,1,62,0,63.1,8.24210691795488,2.842105833777545,0.9947370418221407,0.3258426966292135,0.70478723,0.412087912,0.102941176,94.15291714449542,3.1263164171552993,3.4975069021817977,3.7191114681909845,3.9056889523311265,0.5297165513038635,108.59425781250002,113.32042968750005,3.2019821726479143,61.4092942386033,57.555071387002904,-0.5834064985451018,3.9056889523311265,3.7682334581394135,"Greg Weissert",20375,669711
2024,"DJ Herz","WSN",4,9,0,19,19,88.2,10.759398804840972,3.6541354431535376,1.1165413854080253,0.28761061946902655,0.70281124,0.363636363,0.106796116,93.5108648255814,4.16165425470264,3.298956324486011,3.707833177275504,3.851482044262386,1.655349850654602,98.80060759493668,91.26254430379753,4.618087013232516,46.21332724637681,52.42539389413989,0.36066308758664145,3.851482044262386,3.7659017918582163,"DJ Herz",26389,687792
2024,"Pete Fairbanks","TBR",3,3,23,46,0,45.1,8.735294362665467,3.3750000946662033,0.7941176693332243,0.26666666666666666,0.69620253,0.434426229,0.086956521,97.43406464041095,3.573529511999509,4.001977979415096,3.4973621405119717,3.884547151803231,0.5885121822357178,115.67711815561962,107.94429394812677,3.8458899281609193,54.49964504310344,56.06188852011494,-0.15413500000000008,3.884547151803231,3.74939672383956,"Pete Fairbanks",17998,664126
2024,"Corbin Burnes","BAL",15,9,0,32,32,194.1,8.38250450755895,2.2229846207891137,1.0188679511950105,0.2693032015065913,0.75461455,0.481751824,0.116402116,,2.917667314785712,3.2966055908974865,3.547268810554597,3.5460831610000634,3.836148262023926,113.18860962566845,119.23495320855622,3.4299275041708364,58.963253920587256,61.616496816816806,-0.43144309642976325,3.5460831610000634,3.7489375712265383,"Corbin Burnes",19361,669203
2024,"Bryan Woo","SEA",9,3,0,22,22,121.1,7.491758555810889,0.9642857547083322,1.0384615819935885,0.2404692082111437,0.76839827,0.40625,0.093959731,94.97071710918854,2.8928572641249968,2.765136899293134,3.397249018732815,3.75402858748336,2.2343571186065674,107.00321074138935,113.28187974314068,2.9016312638322654,64.63231403028539,52.400051520093186,-0.7836404368083867,3.75402858748336,3.747182009834144,"Bryan Woo",30279,693433
2024,"Amos Willingham","WSN",0,0,0,1,0,1,9,0,9,0.3333333333333333,0,0.25,0.5,97.74099496694711,18,14.974229747808645,14.166479778289794,4.190496590733528,-0.055125098675489426,111.394,106.76399999999998,3.01091,63.45964,56.7928,-0.71079,4.190496590733528,3.747169084014893,"Amos Willingham",26128,686294
2024,"Hayden Wesneski","CHC",3,6,0,28,7,67.2,8.911331137739893,2.7931037894408624,1.5960593082519212,0.2430939226519337,0.67524116,0.447916666,0.155844155,94.79456721547315,3.8571433282754763,4.157717688355227,4.511307528761321,3.926450027950475,0.17957857251167297,95.58317178100896,100.7354341754175,3.490608885793872,58.31209410399257,54.844834131847726,-0.3909890064995357,3.926450027950475,3.745863837289982,"Hayden Wesneski",27581,669713
2024,"Hunter Brown","HOU",11,9,0,31,30,170,9.476470588235294,3.176470588235294,0.9529411764705882,0.30666666666666664,0.76608784,0.489270386,0.126760563,96.12489516028828,3.4941176470588236,3.30537356622151,3.5841268371133244,3.47062797642806,3.1712649650871754,104.55155187839836,104.98759087988138,4.2118850035907816,50.57222151139257,49.52313760201084,0.08986160867010512,3.47062797642806,3.7438931097351604,"Hunter Brown",25880,686613
2024,"Justin Steele","CHC",5,5,0,24,24,134.2,9.02227790925265,2.4727724640173934,0.8019802586002356,0.26975476839237056,0.72485207,0.448369565,0.086956521,,3.07425765796757,2.8147480327074934,3.2333114665064815,3.6243300113302235,2.9989845752716064,101.02078701426461,102.20007870142646,2.846646555935515,65.22233521250611,53.645808495359056,-0.8202972740595996,3.6243300113302235,3.742663784137303,"Justin Steele",17312,657006
2024,"Jeffrey Springs","TBR",2,2,0,7,7,33,10.090909090909092,3,1.3636363636363635,0.32954545454545453,0.87179487,0.380434782,0.128205128,89.971337890625,3.272727272727273,3.7288132947049233,3.9846615964716134,3.8018836523095767,0.39871007204055786,92.83054867256635,92.14580530973453,4.519559646017699,47.27059748672567,43.97968530973452,0.2949778584070797,3.8018836523095767,3.74024117953449,"Jeffrey Springs",17677,605488
2024,"Ron Marinaccio","NYY",1,0,0,16,0,23.1,9.642857668351182,3.857143067340473,1.5428572269361893,0.24561403508771928,0.78740157,0.389830508,0.166666666,93.56044051670793,3.857143067340473,4.204100500476214,4.923622731189344,4.250259912322188,-0.10435999929904938,100.06121827411165,89.22873096446702,3.7529164721485406,55.497353183023854,53.14139026525199,-0.21611763925729435,4.250259912322188,3.733638078667237,"Ron Marinaccio",23488,676760
2024,"Luke Jackson","- - -",4,3,0,52,0,53,10.018869366752964,4.415094975179273,1.1886794163944197,0.3191489361702128,0.66951567,0.506849315,0.155555555,94.95040002147766,5.094340355976084,4.038732103793762,4.24195163121808,3.808751159046885,-0.11007146909832954,100.38336916818105,106.48274230548904,3.7128503148751357,55.92727539630836,61.02984853420195,-0.2428282410423453,3.808751159046885,3.732535925712415,"Luke Jackson",11752,592426
2024,"Camilo Doval","SFG",5,3,23,62,0,59,11.898306623336872,5.949153311668436,0.7627119630344149,0.3333333333333333,0.68181818,0.6,0.125,99.47867229278074,4.881356563420256,3.3213489339082174,3.7088527297809346,3.632248249517017,0.10372577607631683,111.39820305480684,108.28524707996408,3.9906374567000915,52.94638363719234,61.035360957155866,-0.05763652689152236,3.632248249517017,3.7297222354927038,"Camilo Doval",21992,666808
2024,"Tanner Houck","BOS",9,10,0,30,30,178.2,7.757463128244379,2.4179105854268195,0.5541045091603127,0.2821011673151751,0.7086999,0.559386973,0.088,93.7676010131836,3.1231345061763083,4.131934293010457,3.317599189878971,3.5750677723239668,3.8848462104797363,103.97354838709677,107.34314516129034,3.5219298757309954,57.975999181286554,48.8861675365497,-0.3701083114035088,3.5750677723239668,3.728518217924304,"Tanner Houck",19879,656557
2024,"Jorge Alcala","MIN",4,3,0,54,0,58.1,8.948572794015275,3.0857147565569916,1.2342859026227966,0.2191780821917808,0.77220077,0.342105263,0.102564102,97.99353710462287,3.2400004943848413,3.077600100587133,4.143622784532843,4.3825369184506275,0.30949336290359497,106.6913577586207,110.0340301724138,3.6693547644539617,56.39401069593144,61.687248308351194,-0.27182512847965723,4.3825369184506275,3.727051106974754,"Jorge Alcala",19459,660896
2024,"Angel Chivilli","COL",2,3,1,30,0,31.2,7.957895855256552,2.8421056625916257,1.989473963814138,0.27586206896551724,0.77639752,0.5,0.225806451,96.16161653037383,4.547369060146601,4.815778872672046,5.3138485011368015,3.9203407450662517,-0.24896635115146637,85.24438016528923,86.22573002754821,5.191685817120623,40.05811750972764,45.87332350194552,0.7430623540856032,3.9203407450662517,3.7263751913014858,"Angel Chivilli",26790,683409
2024,"Jakob Junis","- - -",4,0,1,24,6,67,6.850746561196166,1.074626911560183,1.074626911560183,0.22404371584699453,0.77868852,0.387434554,0.103896103,92.6155020672342,2.686567278900457,3.8975328245236844,3.6888678602982172,3.874310364919695,0.8415619358420372,98.04908491390907,104.80526352457179,3.0085722351694915,63.484758559322024,44.943891514830504,-0.7123470762711864,3.874310364919695,3.7240037971002966,"Jakob Junis",13619,596001
2024,"Luis Contreras","HOU",0,0,0,5,0,6,9.000001430511702,3.000000476837234,0,0.3888888888888889,0.33333333,0.333333333,0,91.82793799867021,9.000001430511702,3.449516246863366,2.1664796193440505,3.9304897069847473,0.0974007174372673,94.59586206896553,90.37327586206898,6.0527216190476185,30.81849457142857,51.16067971428571,1.3170874285714287,3.9304897069847473,3.72030008793781,"Luis Contreras",25839,664351
2024,"Justin Sterner","TBR",0,0,0,2,0,4,9,2.25,0,0.35714285714285715,0.66666667,0.428571428,0,93.62527391387195,2.25,1.1969395772461944,1.916479778289795,4.562494489178062,0.08120645582675934,109.8965625,114.39125000000001,2.2233762500000003,71.91053812499999,58.3849475,-1.235810625,4.562494489178062,3.7184520742030895,"Justin Sterner",27694,686993
2024,"Daniel Duarte","MIN",1,0,0,2,0,4,6.75,2.25,2.25,0.1,1,0.545454545,0.25,96.16897147042411,2.25,2.82948390695148,5.666479778289795,3.9284881845116617,-0.04470318928360939,110.7907142857143,123.33250000000001,2.5365641071428575,68.54978678571429,54.597750714285716,-1.02701875,3.9284881845116617,3.716017965784737,"Daniel Duarte",17480,650960
2024,"Jared Jones","PIT",6,8,0,22,22,121.2,9.764383765743387,2.884931567151455,1.3315068771468255,0.2838709677419355,0.72115385,0.387195121,0.131386861,97.43677094379639,4.1424658400123455,3.981060247514056,4.004835960197056,3.7841111746441536,1.7602245807647705,103.78157949790797,110.13030334728035,3.1800859100418415,61.64426919979079,60.79299449790794,-0.598004157949791,3.7841111746441536,3.7159285119019545,"Jared Jones",27863,683003
2024,"Andrew Chafin","- - -",4,3,1,62,0,56.1,11.183434477006918,4.952663839817349,0.798816748357637,0.3381294964028777,0.75324675,0.361111111,0.086206896,91.86337753080986,3.514793692773603,3.5990899885177887,3.5392609275233595,3.942157247356967,0.4282768964767456,97.26380771772205,92.38871344630694,5.351081659927612,38.34768534672527,51.18580839982765,0.8493266405377455,3.942157247356967,3.715204862114972,"Andrew Chafin",12988,605177
2024,"Austin Adams","OAK",1,2,0,56,0,41.1,11.540326130875043,5.00806605679483,0.8709680098773618,0.3469387755102041,0.78947368,0.366336633,0.102564102,93.60516906415344,3.919356044448128,3.9981214305318344,4.472931793105837,4.64152042180829,0.016170818358659744,90.06306145251394,95.37532960893851,4.565426322981368,46.77842585093169,64.80027531677021,0.32555575155279504,4.64152042180829,3.709793866030554,"Austin Adams",13801,613534
2024,"Scott Barlow","CLE",3,3,2,63,0,55,11.12727581434099,5.0727286800672164,0.981818454206558,0.2878787878787879,0.73654391,0.471014492,0.139534883,91.61439165609137,4.2545466348950844,4.128962073735813,4.021025469914021,3.7849592492859414,0.04117044433951378,102.78695355191259,88.10743169398907,4.550559931573803,46.93794893450635,56.25461705767349,0.3156449169110458,3.7849592492859414,3.703791391550816,"Scott Barlow",14993,605130
2024,"Ronny Henriquez","MIN",1,1,0,16,1,19.1,6.982759768841146,2.3275865896137153,0.9310346358454862,0.3103448275862069,0.78512397,0.533333333,0.125,95.69659898546007,3.2586212254592017,5.208938822378411,4.045790267699421,3.9522799678177982,0.08718145824968815,96.48231023102312,98.87234323432341,4.63172597359736,46.06697811881188,59.39060531353137,0.3697553795379538,3.9522799678177982,3.699737123065162,"Ronny Henriquez",24094,678692
2024,"Jorge López","- - -",2,3,4,52,0,53,8.49056725996014,3.2264155587848533,1.0188680711952167,0.2857142857142857,0.81911263,0.51048951,0.115384615,95.84607015520135,2.8867928683864474,3.6064393103776213,3.940064795308386,3.951846629523958,0.20318951457738876,104.11650872817955,102.59446384039902,3.890183902743143,54.024338665835415,49.52705296758104,-0.12460571072319204,3.951846629523958,3.699242960330471,"Jorge Lopez",14527,605347
2024,"Joey Cantillo","CLE",2,4,0,9,8,38.2,10.241379478740354,3.4913793677523937,1.3965517471009574,0.29591836734693877,0.67307692,0.485436893,0.166666666,92.26304340637382,4.887931114853351,3.7378016416121786,4.071652206966341,3.4621427820475024,0.44232720881700516,92.36244888336054,90.18966984545094,4.834348551336145,43.892637201125176,50.93448604781997,0.5048373699015472,3.4621427820475024,3.6948093606567833,"Joey Cantillo",23335,676282
2024,"Sam Long","KCR",3,3,1,43,0,42.2,9.281252212822965,3.5859383549543273,1.054687751457155,0.26605504587155965,0.77777778,0.428571428,0.108695652,94.37239583333333,3.1640632543714653,4.02125360297832,3.8930424515158353,3.9997390399122343,0.1728724092245102,100.94361031518625,95.05696275071632,4.660911747159091,45.75379146306819,47.52144022727273,0.3892126988636363,3.9997390399122343,3.693380555227341,"Sam Long",25379,669674
2024,"Jared Koenig","MIL",9,4,1,55,6,62,9.145162697017224,3.338710190974542,0.5806452506042681,0.29239766081871343,0.78249337,0.464705882,0.064516129,96.13403930664063,2.4677423150681395,3.5972856399796536,3.2793830214628477,3.9526818538311344,0.9209251999855042,106.52335455658721,105.02994759484328,3.463969735034347,58.597955947006874,48.1917468498528,-0.40874829244357197,3.9526818538311344,3.6919165372700196,"Jared Koenig",27517,657649
2024,"Matt Krook","BAL",0,0,0,1,0,1,18,9,9,0,-1.66666667,0.666666666,1,,18,11.065052851988666,15.166479778289794,3.6784881845116617,-0.05938073247671127,102.31407407407407,79.84222222222222,7.08986,20,41.39764,2.00851,3.6784881845116617,3.690395743744726,"Matt Krook",19315,640454
2024,"Taj Bradley","TBR",8,11,0,25,25,138,10.043478260869565,3.0652173913043477,1.434782608695652,0.2840909090909091,0.73654391,0.4200542,0.150684931,96.33713753918495,4.108695652173913,4.14813912436857,4.094016010173853,3.621213309510031,1.5183112621307373,108.50219501530381,100.28583296895495,4.272800557491289,49.918537282229984,58.513576136759575,0.13047217334494773,3.621213309510031,3.689471798824171,"Taj Bradley",22543,671737
2024,"Brennan Bernardino","BOS",4,3,0,57,3,51,9.882356267488008,3.8823542479417177,1.0588238858022867,0.3235294117647059,0.76149425,0.45323741,0.130434782,,4.058824895575432,3.9107294575065863,4.146872265143764,3.981232732649937,0.1968296319246292,104.97522575735957,94.45838352594292,4.011534813953489,52.7221445232558,45.8974415,-0.04370494186046515,3.981232732649937,3.6867832468392363,"Brennan Bernardino",16835,657514
2024,"Aaron Nola","PHI",14,8,0,33,33,199.1,8.894649056390591,2.2575251412158863,1.3545150847295317,0.29444444444444445,0.79,0.445229681,0.15625,92.5970207622298,3.5668897231211,3.770285498880573,3.944071771375267,3.4439326983857663,3.1189963817596436,111.60371815036174,111.18878892733565,3.6268192890698394,56.850453914813656,49.43924737864078,-0.30018229877857816,3.4439326983857663,3.67964467596119,"Aaron Nola",16149,605400
2024,"Anthony Gose","CLE",0,0,0,3,0,4.1,8.307692917141027,2.076923229285257,4.153846458570514,0.4666666666666667,0.69444444,0.470588235,0.4,95.89326615767045,10.384616146426286,10.499699835292018,8.012633979955396,3.7572587518850824,-0.11733882129192352,98.90784810126584,97.98658227848101,4.218092151898734,50.50563113924051,48.401043670886075,0.0939981012658228,3.7572587518850824,3.6787084283924174,"Anthony Gose",5097,543238
2024,"Isaiah Campbell","BOS",0,1,0,8,0,6.2,8.10000077247627,2.70000025749209,4.050000386238135,0.4230769230769231,0.25423729,0.517241379,0.5,93.81863536005434,16.20000154495254,8.294895040855689,8.116480250358627,3.627287387835514,-0.3894580602645874,100.78206896551727,99.03551724137932,3.8453491596638654,54.50545386554621,50.7208824369748,-0.15449512605042015,3.627287387835514,3.677761956829428,"Isaiah Campbell",25551,663462
2024,"Shelby Miller","DET",6,8,2,51,0,55.2,7.922157136317661,2.101796791267951,1.4550900862624274,0.21476510067114093,0.60344828,0.398734177,0.123287671,93.62597087378641,4.526946935038663,3.7622315777697843,4.477857263439884,4.358874253448959,-0.15655456483364105,89.08587264150937,93.26191037735846,4.393768686987103,48.62043889800703,46.33765487690504,0.2111176201641267,4.358874253448959,3.672548383354278,"Shelby Miller",10197,571946
2024,"Grant Anderson","TEX",0,1,1,23,0,26.2,9.787502333522399,3.3750008046628963,3.712500885129186,0.3188405797101449,0.6993007,0.4,0.297297297,92.39405776515152,8.10000193119095,5.127712084993044,7.591480833292259,4.326891718586401,-0.9493771195411682,105.56993762993763,109.20511434511435,3.531328426501035,57.87514455486541,54.259069813664624,-0.36384252587991717,4.326891718586401,3.6701826288266095,"Grant Anderson",20546,681982
2024,"Manuel Rodríguez","TBR",3,4,2,40,0,37.2,8.123895176557554,2.628319027709797,0.71681428028449,0.24761904761904763,0.78431373,0.471153846,0.085714285,96.7450297341418,2.15044284085347,3.3719778347365343,3.6709046421936957,4.040470037788355,0.2216515839099884,107.41756666666669,103.33743333333334,4.329299520661156,49.312232677685955,60.98107355371901,0.16813909090909088,4.040470037788355,3.667124537934815,"Manuel Rodriguez",20794,655889
2024,"Spencer Turnbull","PHI",3,0,0,17,7,54.1,9.607362188031768,3.3128835131144028,0.9938650539343209,0.23308270676691728,0.83955224,0.474820143,0.12,,2.6503068104915224,4.0731785469332,3.8474613893188674,3.8032973449311833,0.6572737786918879,100.84334370154251,103.41721471431156,3.731591510869565,55.72617727173913,57.32967926086956,-0.23033405434782606,3.8032973449311833,3.6664686155039288,"Spencer Turnbull",16207,605513
2024,"Anthony Banda","LAD",3,2,2,48,2,49.2,9.060404540279217,3.2617456345005182,0.9060404540279218,0.291044776119403,0.78947368,0.444444444,0.1,96.12755204675796,3.080537543694934,3.284948387142414,3.669835586083085,3.8832669112286364,0.5778200142085552,105.94147181639377,108.93587793940799,3.4016905293622766,59.26624946750937,60.59451527639037,-0.45026812463546806,3.8832669112286364,3.666145598033471,"Anthony Banda",14706,607455
2024,"Bryan Hoeing","- - -",2,3,0,34,2,53.2,7.211181234814141,2.347826448544139,0.6708075567268968,0.26174496644295303,0.81712062,0.483443708,0.097560975,94.64977866724918,2.180124559362415,4.946460611020312,3.3155481242291054,3.5017409104529493,0.5812072865664959,98.41153691708297,102.21031622726294,4.037049386189258,52.44834691815857,43.31437659846548,-0.02669547314578006,3.5017409104529493,3.658105317885213,"Bryan Hoeing",26304,663773
2024,"Danny Mendick","CHW",0,0,0,1,0,1,0,0,0,0.5,1,0.75,0,56.74022674560547,0,3.0569258630517697,3.166479778289795,4.678488184511662,0.006704874336719513,52.19333333333334,57.686666666666675,10.06716,20,20,3.99338,4.678488184511662,3.6557290840148924,"Danny Mendick",18889,664901
2024,"Randy Rodríguez","SFG",3,2,0,35,1,52.1,9.114651563961207,3.0955420405905985,0.6878982312423552,0.3006993006993007,0.625,0.409722222,0.06557377,97.8717519171227,4.29936394526472,3.272283489743008,3.338454336100384,4.107228624419184,0.5393635928630829,108.72818844944122,102.96965153296811,3.917582514220705,53.73031894197951,56.63782055745165,-0.10634000000000005,4.107228624419184,3.6544980930573514,"Randy Rodriguez",23974,678495
2024,"Drew Smith","NYM",1,1,2,19,0,17.2,11.716985348750185,4.584907310380507,1.0188682911956684,0.35555555555555557,0.82644628,0.255319148,0.08,95.13502903988487,3.056604873587005,4.337085144794868,3.5627063359769995,4.230643000250978,0.2208620309829712,101.24922619047621,95.60285714285712,3.919985817610063,53.704512798742144,52.656463993710695,-0.10473729559748428,4.230643000250978,3.650597532458048,"Drew Smith",17755,622098
2024,"Brandon Pfaadt","ARI",11,10,0,32,32,181.2,9.165138127885907,2.0807340614659897,1.1889908922662797,0.31485148514851485,0.64483112,0.414913957,0.1182266,93.88067346256685,4.706422281887357,3.732572940314249,3.606846775425454,3.5789809378818194,3.123135805130005,102.97356527977047,108.45778335724533,2.8369257418662848,65.32665331069003,56.96072020021452,-0.8267775187701107,3.5789809378818194,3.649859675330122,"Brandon Pfaadt",27782,694297
2024,"Matthew Boyd","CLE",2,2,0,8,8,39.2,10.436975459057173,2.9495800210378964,0.9075630833962759,0.27722772277227725,0.74879227,0.314285714,0.08,92.13120626206563,2.7226892501888273,3.0376591098230747,3.292530206539278,3.887498823955499,0.8919454216957092,90.90407185628742,91.39709580838323,4.377722989536623,48.79261251121076,40.009436711509714,0.20042040358744395,3.887498823955499,3.648401168305867,"Matthew Boyd",15440,571510
2024,"Nathan Eovaldi","TEX",12,8,0,29,29,170.2,8.753906771773504,2.214843882014983,1.212890697293919,0.27074235807860264,0.74481074,0.483263598,0.146496815,95.63152639314929,3.796875226311399,3.888923951016343,3.8344485681038374,3.473425029652539,2.6279804706573486,99.710285279574,101.3766755420312,3.8327290583301568,54.64087916507816,44.03325630575678,-0.16290916126572627,3.473425029652539,3.6356095543423566,"Nathan Eovaldi",9132,543135
2024,"Michael King","SDP",13,9,0,31,30,173.2,10.416507041990862,3.2648753415195237,0.8809981080290779,0.2899543378995434,0.75184017,0.404017857,0.103030303,93.8029189648717,2.9539348328033785,3.5290344688378044,3.3334663477855027,3.4974666620631862,3.902183450758457,95.65410858365465,100.10005022997524,3.814374861422239,54.83782138041957,50.653805602447974,-0.17514515220088497,3.4974666620631862,3.6298363705917778,"Michael King",19853,650633
2024,"Yuki Matsui","SDP",4,2,0,64,0,62.2,9.909576679906307,3.8776604399633374,1.1489364266558038,0.24836601307189543,0.74433657,0.385093167,0.109589041,92.21439268187066,3.7340433866313623,2.950118614409659,3.9164799456901114,4.018234441607012,0.33412423729896545,101.75664750957856,97.5516283524904,4.883236552706552,43.368056581196576,46.46324282051281,0.5374296866096866,4.018234441607012,3.629016091284658,"Yuki Matsui",33826,673513
2024,"JoJo Romero","STL",7,3,1,65,0,59,7.779663028953172,2.4406785973186422,1.2203392986593211,0.26993865030674846,0.80906149,0.487951807,0.153846153,95.39280598958334,3.355933071313133,4.9706409231866635,4.268174978468349,3.8380805811940673,-0.09259111434221268,108.05272727272732,102.4842059145674,4.090804420131291,51.87150660831512,55.0141534354486,0.009141498905908088,3.8380805811940673,3.624454819630255,"JoJo Romero",19574,668941
2024,"Joe Musgrove","SDP",6,5,0,19,19,99.2,9.12040157051218,2.0769231299186153,1.2642140790808962,0.3053435114503817,0.77281192,0.413043478,0.132075471,93.07288009129213,3.8829432428913244,4.3175637160260925,3.959121938983373,3.741124184854151,1.3782349824905396,108.1602907711757,104.29152970922881,3.973041883289124,53.135225603448276,50.34441210875332,-0.06936757294429709,3.741124184854151,3.6242298966183553,"Joe Musgrove",12970,605397
2024,"Tim Hill","- - -",4,0,0,62,0,67,4.164179934295527,2.5522393145682263,0.2686567699545501,0.31645569620253167,0.69327731,0.682203389,0.054054054,90.76869309793307,3.358209624431877,3.5642986980690123,3.5694649332216204,4.016395037659975,0.47385255992412567,116.37541858125478,110.17885675349427,3.2756417579471893,60.61888158576818,47.82689278085037,-0.5343008542448654,4.016395037659975,3.6176278758993163,"Tim Hill",16814,657612
2024,"Nick Sandlin","CLE",8,0,1,68,1,57.2,10.61272003919305,4.213874133209005,1.8728329480928911,0.2556390977443609,0.80385852,0.375886524,0.181818181,92.67956399114847,3.7456658961857823,4.498293814262718,5.23006423035511,4.2553683481444375,-0.6947419615462422,99.65022832693872,92.1697041403176,4.629113994023905,46.0949941932271,57.47315170318725,0.3680151693227093,4.2553683481444375,3.6150741073285753,"Nick Sandlin",20517,680704
2024,"Logan Webb","SFG",13,10,0,33,33,204.2,7.563518291238209,2.198697177685526,0.4837133790908157,0.31518151815181517,0.71668064,0.568181818,0.078571428,92.83568188968121,3.473941540743131,4.367291185973823,2.9466100605212424,3.28218585995796,4.439412593841553,108.93711062362898,112.37064243183956,3.1451944690818245,62.01867394128668,58.495243863210504,-0.6212649437851343,3.28218585995796,3.614297077813484,"Logan Webb",17995,657277
2024,"Grayson Rodriguez","BAL",13,4,0,20,20,116.2,10.028571647176943,2.7771429176797686,1.1571428823665701,0.3081967213114754,0.75968992,0.40625,0.122950819,96.25530133928571,3.857142941221901,3.7335579017860616,3.6636226462695065,3.573322863378851,2.0193307399749756,107.68981549815499,112.77544544016867,2.8417651197445455,65.27474767429483,58.79116201170836,-0.8235519372006385,3.573322863378851,3.613266514823055,"Grayson Rodriguez",24492,680570
2024,"Ranger Suarez","PHI",12,8,0,27,27,150.2,8.661505009575565,2.4491152096041255,0.8362832423038478,0.2992874109263658,0.73918269,0.518779342,0.127272727,92.02605879934211,3.4646020038302265,3.6492650988626765,3.3655948359811876,3.2615301697807766,3.4363789558410645,97.43481007255652,107.88209133589413,3.9421221800529573,53.46700711827008,41.855683036187116,-0.08998016328331862,3.2615301697807766,3.612807451001345,"Ranger Suarez",17277,624133
2024,"Max Fried","ATL",11,10,0,29,29,174.1,8.569789924980146,2.94263870917993,0.6711281266550717,0.2823779193205945,0.72471324,0.587866108,0.117117117,94.21763107416879,3.2523901522515013,3.7449676372517144,3.3328277754948985,3.326133318840467,3.370835781097412,103.51258076225045,104.28421778584386,3.8860852133044115,54.06832443600866,55.78659856832972,-0.12733898770788143,3.326133318840467,3.6100307144933352,"Max Fried",13743,608331
2024,"Calvin Faucher","MIA",2,3,6,53,0,53.2,10.565218642953747,4.360248963758689,0,0.34507042253521125,0.6835443,0.464285714,0,96.16922729863222,3.186335781208273,3.7041796736639094,2.495672245403843,3.7635055312544816,1.3354021310806274,100.34763358778635,93.25247328244278,4.333113923154702,49.27131549039435,56.00131424671385,0.1706811830131446,3.7635055312544816,3.6075545731903493,"Calvin Faucher",20116,676534
2024,"Joe Mantiply","ARI",6,2,1,75,2,59.2,7.994416559671293,2.7150848693223257,0.15083804829568476,0.2982456140350877,0.62682216,0.529761904,0.017857142,89.4680913289388,3.921789255687804,3.2529274280285807,2.512848235675161,3.714063302810929,1.1929107829928398,105.7322121126076,102.28735310301165,3.9090947986191016,53.8214124050633,47.12436939010357,-0.1119984695051783,3.714063302810929,3.602268699143924,"Joe Mantiply",14857,573009
2024,"Hunter Stratton","PIT",2,1,1,36,0,37.2,7.8849578816798065,1.6725668233866258,0.7168143528799824,0.30357142857142855,0.70093458,0.378378378,0.068181818,95.57860456194196,3.584071764399912,3.30214933393648,3.2461258174986822,3.9769676929394824,0.6573249697685242,105.57563139931743,100.04791808873719,3.916653761301989,53.74029933092223,55.81582748643761,-0.10695905967450271,3.9769676929394824,3.601698159730794,"Hunter Stratton",23455,676702
2024,"Sam Moll","CIN",3,2,0,48,0,37.2,9.079648469813112,3.3451336467732515,0.7168143528799824,0.25263157894736843,0.69587629,0.46875,0.081081081,93.44672914431331,3.3451336467732515,2.917210825555866,3.458515255389047,3.9083643422822494,0.4328012764453888,106.34045088566833,100.6133655394525,4.2359323237179485,50.31415104166665,46.0943729326923,0.10589362179487179,3.9083643422822494,3.6001283213131408,"Sam Moll",14874,594580
2024,"John King","STL",3,3,0,56,0,60,5.700001811981777,2.1000006675722336,0.7500002384186549,0.2789473684210526,0.75757576,0.61658031,0.111111111,93.03410339355469,2.8500009059908886,3.87758829176114,3.733146625095001,3.7838196125365764,0.2556123733520508,102.23775700934573,107.70577102803736,3.435346421911423,58.90510039627041,46.527370932400935,-0.42783011655011655,3.7838196125365764,3.5940408009155664,"John King",22051,667463
2024,"Erik Miller","SFG",4,5,0,73,10,67.1,11.6287147379219,5.079208736103818,0.9356437145454402,0.2847682119205298,0.70707071,0.506410256,0.129629629,97.13850008666799,3.8762382459739664,3.149409570171,3.6714303543936833,3.5325459846146083,0.4310218244791031,102.86291433933161,103.85090663475421,3.8728402786263403,54.21044919343118,67.82208316249759,-0.13616846687383796,3.5325459846146083,3.5911464246541622,"Erik Miller",26252,669062
2024,"David Festa","MIN",2,6,0,14,13,64.1,10.772020778616579,3.2176165962101466,1.2590673637344052,0.3192771084337349,0.68548387,0.362068965,0.128571428,94.77882295496323,4.8963730811893535,4.0237099404073895,3.7571533563380344,3.583690999556508,1.0596416080370545,96.72889408926804,102.73931491972172,3.897266733393994,53.9483160054595,60.42357064604186,-0.11988363967242947,3.583690999556508,3.584677457708394,"David Festa",30056,701581
2024,"Chase Silseth","LAA",0,1,0,2,2,8,13.5,4.5,3.375,0.2631578947368421,0.64102564,0.238095238,0.3,94.17409261067708,6.75,6.086329082524485,6.541479778289795,3.5564902860671284,-0.10449181497097015,95.1157317073171,87.94499999999998,4.599438383233534,46.41348532934132,45.04650101796407,0.3482289221556886,3.5564902860671284,3.5799396063806554,"Chase Silseth",30074,681217
2024,"Tanner Bibee","CLE",12,8,0,31,31,173.2,9.690979454405417,2.2802304598600984,1.1401152299300492,0.28507795100222716,0.77102804,0.346153846,0.10576923,94.68333164915117,3.4721691093324223,3.7446510296258944,3.558034503720317,3.7221290344117035,3.2966694831848145,102.76879522304176,99.4640604144713,3.678101146161935,56.30015263582194,54.66344186470381,-0.26599427970557316,3.7221290344117035,3.5784903942583415,"Tanner Bibee",30134,676440
2024,"Reynaldo López","ATL",8,5,0,26,25,135.2,9.818181450089535,2.786240681782165,0.6633906385195631,0.2873900293255132,0.86956522,0.39367816,0.075187969,95.70626747157566,1.9901719155586892,3.9124874054558996,2.915865537071293,3.439922898462065,3.5334625020623207,97.95946930644263,98.48644246144282,4.096044114312705,51.81527149267832,40.727127132735006,0.01263468587623997,3.439922898462065,3.578383661237745,"Reynaldo Lopez",16400,625643
2024,"Derek Law","WSN",7,4,1,75,0,90,7.6000012885201835,2.4000004069011105,0.7000001186794906,0.2918287937743191,0.781893,0.484732824,0.09589041,95.47489627471751,2.6000004408095365,3.718464246647318,3.3220353602185706,3.5373311039891107,1.1202858686447144,95.19153338224517,102.35137197358777,4.728905601750548,45.024141013858504,40.23818434719183,0.4345423121808899,3.5373311039891107,3.57810982517377,"Derek Law",13133,571882
2024,"Cristopher Sánchez","PHI",11,9,0,31,31,181.2,7.579816938197533,2.179816635821513,0.5449541589553782,0.3131868131868132,0.71225071,0.573770491,0.093220338,,3.319266240910031,3.5964410251469223,2.995837566899727,3.1907934967201372,4.654372692108154,106.63715619389589,110.74886175942552,3.1591077555396723,61.86938398141529,58.58040625446747,-0.6119903466761972,3.1907934967201372,3.577777788602064,"Cristopher Sanchez",20778,650911
2024,"Tyson Miller","- - -",5,1,1,58,0,62,7.83871088315762,1.5967744391617373,1.0161291885574693,0.20253164556962025,0.81858407,0.306748466,0.086419753,,2.3225810024170723,3.3943244752326285,3.6664798551990265,4.174103818828874,0.544001841917634,104.09277569246872,109.24577518553095,2.6051259226042056,67.81407152459595,66.66216221972073,-0.9813112234900708,4.174103818828874,3.5730055461118035,"Tyson Miller",19976,668338
2024,"Carlos Estévez","- - -",4,5,26,54,0,55,8.181818465556004,1.9636364317334412,0.8181818465556004,0.22916666666666666,0.75,0.32885906,0.067567567,96.92242747758964,2.4545455396668014,3.225368687785824,3.2392070535391824,4.091727484202306,1.1321791857481003,102.16021592525347,104.36257843760613,3.8591577101096224,54.35728414129111,47.416245992691834,-0.14528993909866014,4.091727484202306,3.565859602801709,"Carlos Estevez",14542,608032
2024,"Bailey Ober","MIN",12,9,0,31,31,178.2,9.621269204510886,2.166044899444859,1.3600747043025858,0.24660633484162897,0.70652174,0.33548387,0.115384615,91.7146841561284,3.9794778385149736,3.2542256493713024,3.8157335465988487,3.831460975046075,2.9579076766967773,96.8207458048477,104.42365444375392,3.6202635335558018,56.92080463477939,48.02547110863923,-0.30455297738227655,3.831460975046075,3.5648284910230355,"Bailey Ober",21224,641927
2024,"Michael Tonkin","- - -",4,4,2,57,0,79.1,9.64285915209937,3.4033620536821303,0.680672410736426,0.3033175355450237,0.65261044,0.410138248,0.08,93.22137601163752,3.6302528572609387,4.329451045624828,3.443790760441672,3.890017287873473,0.6205148547887802,102.70475345717448,97.56339351688985,4.063310349061283,52.166529288724874,51.10884195663416,-0.009187978354653,3.890017287873473,3.5642552077330243,"Michael Tonkin",10315,543859
2024,"George Kirby","SEA",14,11,0,33,33,191,8.434554973821989,1.0837696335078535,1.036649214659686,0.2906764168190128,0.71587125,0.412811387,0.096069868,96.18291523552503,3.5340314136125652,3.398079554381694,3.26072061598613,3.5761652496238656,4.146920680999756,104.14894967916244,112.03644714623438,3.2681774806332102,60.69898620410912,53.41501295048838,-0.5392763354664871,3.5761652496238656,3.5619932917794506,"George Kirby",25436,669923
2024,"Dennis Santana","- - -",3,1,3,62,0,71.2,8.665117970245674,2.6372098170312923,0.5023256794345319,0.2804232804232804,0.64136126,0.361256544,0.050632911,95.70514166845034,3.893024015617622,3.262653122309772,3.012991376240355,3.954135710038356,1.1523423865437508,104.50024937941943,97.39099875621093,4.246291789387698,50.20298396699099,51.27984092309987,0.11279955004645395,3.954135710038356,3.5609232315918034,"Dennis Santana",17878,642701
2024,"Gus Varland","- - -",1,0,0,26,0,26.1,9.22784954942684,2.7341776442746197,0.6835444110686549,0.36363636363636365,0.74585635,0.384615384,0.064516129,95.34033396121542,3.4177220553432743,3.450231500750569,3.128505088785981,3.921122704043214,0.4225006103515625,99.33025769093814,107.47295151661399,3.484257582417582,58.38027191208792,54.44243789010989,-0.3952234065934066,3.921122704043214,3.5605871593599394,"Gus Varland",24737,681402
2024,"Gregory Soto","- - -",3,5,2,66,0,53,11.037737835171148,4.584906485378784,0.6792454052413014,0.37142857142857144,0.71428571,0.507042253,0.1,98.21607607886905,4.415095134068459,4.544383195171132,3.675913832220771,3.8359202053304755,0.4572862312197685,118.37935830492243,104.5055166175568,3.7547075368713303,55.478099255469594,65.22091327048534,-0.21492322796029686,3.8359202053304755,3.55738398036329,"Gregory Soto",19677,642397
2024,"Ryne Stanek","- - -",7,3,7,63,0,55.1,10.89759249008216,4.066265854508268,1.301205073442646,0.2898550724637681,0.67901235,0.331034482,0.114285714,97.9493357977415,4.879519025409921,3.4385345346591842,4.14238358337178,4.175647236294451,-0.030892983078956604,107.45879420022719,103.56456555613153,3.8527999385875114,54.425485445240525,65.57635400204708,-0.14952823950870003,4.175647236294451,3.557028181725155,"Ryne Stanek",15947,592773
2024,"Angel Zerpa","KCR",2,0,0,60,0,53.2,8.217393446059326,3.186336234186269,1.0062114423746114,0.32515337423312884,0.78212291,0.584337349,0.142857142,96.00045955882354,3.85714386243601,4.391842611369698,3.967722223143652,3.6976169302858017,0.1956883668899536,111.07156677181912,107.61106203995797,3.526250010482181,57.929644119496864,51.38419011530399,-0.36722846960167727,3.6976169302858017,3.5560885948058827,"Angel Zerpa",22717,672582
2024,"Sean Burke","CHW",2,0,0,4,3,19,10.421052631578947,3.3157894736842106,0.9473684210526315,0.2222222222222222,0.92592593,0.319148936,0.105263157,95.2273408203125,1.4210526315789473,3.9661576219398205,3.3243745151319004,3.4679618687221883,0.4160543605685234,99.64588996763753,103.56653721682846,4.186055922330097,50.849415372168295,54.61285631067961,0.07264210355987055,3.4679618687221883,3.5554285295502495,"Sean Burke",29878,680732
2024,"Tanner Scott","- - -",9,6,22,72,0,72,10.500000834465093,4.500000357627897,0.3750000298023248,0.24705882352941178,0.79691517,0.5,0.0625,97.17322716346153,1.7500001390775155,2.9854005734123277,2.9164797584215782,3.3828187329641146,1.6380876302719116,123.68567112203931,118.34224120245983,2.3492343724815536,70.56001078906972,73.49408515435572,-1.1519058879105832,3.3828187329641146,3.5521634865544804,"Tanner Scott",17586,656945
2024,"Brock Burke","- - -",2,1,0,34,1,34,10.85294330738862,4.235294949224826,1.0588237373062066,0.3626373626373626,0.66801619,0.47368421,0.125,95.89228549068922,5.823530555184137,3.4477371711753046,3.872362269827266,3.7660172195087345,0.38153183832764626,103.20900869565216,101.06619130434783,3.5891833565217386,57.254309582608684,57.15902413913044,-0.3252730086956522,3.7660172195087345,3.5487096091992174,"Brock Burke",17968,656271
2024,"Robert Suarez","SDP",9,3,36,65,0,65,8.169231728096799,2.2153848754160808,0.9692308829945353,0.2556818181818182,0.80756014,0.417582417,0.094594594,99.23254751461988,2.769231094270101,3.0362601311122615,3.4895567392879734,3.8109201933222305,0.8877625465393066,116.13734693877555,111.3736734693877,3.0083149122807025,63.48750925696594,63.373416150670806,-0.7125182456140352,3.8109201933222305,3.5338147135086957,"Robert Suarez",30115,663158
2024,"Ben Joyce","LAA",2,0,4,31,1,34.2,8.567309263542848,3.6346160511999956,0.25961543222857114,0.2777777777777778,0.84507042,0.588888888,0.05,102.43585205078125,2.076923457828569,3.2436508160632935,3.195325937426303,3.6926385706839735,0.6263366192579269,127.92023822550833,112.05086025878008,3.6900244916820713,56.1721931608133,63.767256691312376,-0.2580452865064694,3.6926385706839735,3.53216128857119,"Ben Joyce",31461,690829
2024,"Wes Parsons","- - -",0,0,0,4,0,9,7,2,2,0.2962962962962963,0.65217391,0.517241379,0.285714285,95.11398703835228,6,6.65875634997795,5.166479778289795,3.4535974275734693,-0.026787646114826202,99.24337719367527,92.51665387187303,4.8876171621621625,43.321043243243246,57.49289722972972,0.54035,3.4535974275734693,3.520977001608982,"Wes Parsons",14764,641149
2024,"Craig Kimbrel","BAL",7,5,23,57,0,52.1,12.55414134752226,5.331210709221781,1.2038217730500795,0.28448275862068967,0.61933535,0.319672131,0.129629629,93.97601241099683,5.331210709221781,4.298507292962367,4.179218730220814,4.000526749847051,0.17800724506378174,106.40561330561327,104.98149688149692,3.997825455486541,52.869241055900645,60.41984944099378,-0.052844296066252586,4.000526749847051,3.519511908278926,"Craig Kimbrel",6655,518886
2024,"José Ruiz","PHI",5,1,1,52,0,51,9.17647127461686,3.0000002243939736,1.411764811479517,0.30935251798561153,0.79584775,0.452054794,0.16,96.44954563284519,3.705882630133732,4.237534517541332,4.225303386899433,3.6684488415437824,0.07569360733032227,105.00337320574167,108.27418660287087,4.102614007398275,51.74477959309494,44.223750764488265,0.017014401972873027,3.6684488415437824,3.519305605209292,"Jose Ruiz",14552,614179
2024,"John McMillon","MIA",2,1,0,10,0,12,9.750000774860444,3.7500002980232474,0.7500000596046495,0.21428571428571427,0.75471698,0.464285714,0.083333333,95.3456962477993,1.500000119209299,2.133917605573077,3.3331464582019397,3.761821565158509,0.11566467583179474,95.51027932960896,89.711843575419,5.426487333333333,37.53852555555555,51.40859616666667,0.8995967777777778,3.761821565158509,3.518991191942144,"John McMillon",27942,669111
2024,"Brenan Hanifee","DET",1,1,0,21,3,29.1,7.0568198642951465,1.8409095298161253,0.6136365099387084,0.2808988764044944,0.86092715,0.538461538,0.076923076,95.63884049755032,1.8409095298161253,3.049996837708153,3.098297943852161,3.552123684840213,0.515727236866951,98.64089485458611,98.00129753914989,4.573100738255032,46.6960615883669,33.291824921700226,0.3306719463087248,3.552123684840213,3.51763245589259,"Brenan Hanifee",22304,669724
2024,"Robbie Ray","SFG",3,2,0,7,7,30.2,12.619566263909237,4.402174278107873,1.7608697112431495,0.23728813559322035,0.76687117,0.28125,0.176470588,94.33300125838926,4.695652563315065,3.7628381943902003,4.959958187889299,4.092837001139525,0.051781922578811646,104.96615929203537,89.54920353982301,4.749607447183099,44.80199559859155,50.09442785211268,0.44834434859154926,4.092837001139525,3.512566423398341,"Robbie Ray",11486,592662
2024,"Daniel Hudson","LAD",6,2,10,65,0,63,9.000000544956785,2.7142858786377606,1.4285715150725056,0.225,0.78846154,0.388235294,0.12345679,95.22395573954184,3.0000001816522617,3.7869622836940944,4.182352855674688,4.062871592947487,0.2646166682243347,101.01190990990993,103.26571171171175,4.364164339430894,48.93812305894309,51.40045095528457,0.19138115853658536,4.062871592947487,3.511379763075226,"Daniel Hudson",7146,543339
2024,"Austin Voth","SEA",2,5,0,68,0,61,9.000001125648515,2.6557380370766106,1.3278690185383053,0.2356687898089172,0.66176471,0.347560975,0.128571428,93.7398961715368,3.6885250514952928,3.354419624044674,4.117299569341915,3.9343583732730645,-0.005453586112707853,100.52117163412122,99.88637204522095,4.2328075,50.347710124481345,45.54821975103736,0.10380985477178425,3.9343583732730645,3.5101093437327724,"Austin Voth",15047,608723
2024,"Andrew Kittredge","STL",5,5,1,74,0,70.2,8.533021017511732,2.547170452988577,1.2735852264942884,0.2631578947368421,0.81818182,0.451776649,0.14084507,,2.801887498287434,3.997488406889215,3.9589328081084636,3.6384506072106406,0.29568716883659363,99.46218536585364,110.90885853658543,2.760287431102363,66.14905565944883,55.25264232283464,-0.8778699212598424,3.6384506072106406,3.5020868786553385,"Andrew Kittredge",12828,552640
2024,"Shota Imanaga","CHC",15,3,0,29,29,173.1,9.034615649725566,1.4538461965075624,1.4019231180608638,0.26406926406926406,0.80168776,0.372427983,0.122171945,91.9415578358209,2.907692393015125,3.360244518184616,3.720325948387914,3.6231366634688884,3.0945682525634766,97.47049535603716,105.71236068111455,3.611900115651504,57.010568700848125,47.76775042020046,-0.31012859676175786,3.6231366634688884,3.4984301265741466,"Shota Imanaga",33829,684007
2024,"Cole Ragans","KCR",11,9,0,32,32,186.1,10.771019972008446,3.236136045401641,0.724508069866039,0.29046563192904656,0.74747475,0.407407407,0.080645161,95.54908834226646,3.1395349694195023,3.254923066167714,2.9947445320993267,3.457536477955223,4.855106353759766,109.89063665594854,109.7062958199356,3.5008154586273244,58.20258213277743,61.90188634701732,-0.38418475625400905,3.457536477955223,3.4946125197414393,"Cole Ragans",21846,666142
2024,"Gabe Speier","SEA",0,2,0,29,0,23.2,12.549299145899798,5.3239450921999145,0.7605635845999877,0.32075471698113206,0.62111801,0.396226415,0.086956521,93.25717706549658,5.704226884499908,3.099221995301296,3.5045080381120117,3.8753332085660626,0.1911366879940033,104.55453681710205,94.05192399049884,4.779311394799054,44.48324349881797,42.5081798108747,0.46814671394799057,3.8753332085660626,3.4841125843962817,"Gabe Speier",17170,642100
2024,"Tyler Holton","DET",7,2,8,66,9,94.1,7.346290891429581,1.62190837862731,0.6678446264935983,0.20080321285140562,0.7771261,0.472440944,0.076086956,92.07029335171569,2.194346629907537,2.77003399198014,3.166479778289795,3.676424451392295,1.4913952946662903,100.80810326339122,100.6182967221712,3.9228255447761193,53.67405465671642,49.94878169402985,-0.10284452985074628,3.676424451392295,3.483038033309753,"Tyler Holton",26231,663947
2024,"Paul Sewald","ARI",1,2,16,42,0,39.2,9.756303146509966,2.2689077084906897,1.3613446250944137,0.2815533980582524,0.73232323,0.266055045,0.098360655,91.39078083444149,4.31092464613231,3.7615760269664524,3.947992433436588,4.306795299621884,0.3462543785572052,117.023821656051,107.67216560509553,2.746808346581876,66.29369674085851,65.32834627980922,-0.8868559618441971,4.306795299621884,3.4817514520742505,"Paul Sewald",13892,623149
2024,"Ian Hamilton","NYY",0,1,1,35,0,37.2,9.796462822693094,3.3451336467732515,0.4778762352533216,0.33980582524271846,0.72265625,0.438095238,0.058823529,96.42869668111314,3.823009882026573,3.759959653095221,3.033736379608317,3.708292822267249,0.6335269808769226,106.50538709677419,98.60383870967743,4.31513264516129,49.46428727419356,47.69682806451613,0.15869353225806448,3.708292822267249,3.480460423065235,"Ian Hamilton",19261,641656
2024,"Casey Legumina","CIN",0,0,0,6,0,9.1,6.750000919614645,1.9285716913184698,1.9285716913184698,0.37142857142857144,0.46052632,0.621621621,0.222222222,93.56762989457832,8.678572610933115,4.729848797052172,5.4164800848280095,4.088773724227745,-0.06299145519733429,97.20107784431137,97.65928143712574,3.99595156626506,52.889377650602405,48.02881204819277,-0.05409475903614456,4.088773724227745,3.4798635325872302,"Casey Legumina",25921,668984
2024,"Lake Bachar","MIA",0,1,0,10,0,9.1,10.607146469915413,3.8571441708783323,1.9285720854391661,0.34782608695652173,0.80357143,0.36,0.2,94.2095107041396,3.8571441708783323,5.439140395419532,4.880766076457943,3.7150604003729555,-0.03529643639922142,95.50713114754095,96.27213114754099,4.431137267080746,48.21945757763976,52.29028950310559,0.2360293788819876,3.7150604003729555,3.4791947090148927,"Lake Bachar",19222,669199
2024,"Bryan Baker","BAL",1,1,0,19,0,23.1,8.871429780064961,2.700000367845858,1.157143014791082,0.2833333333333333,0.57017544,0.412698412,0.115384615,96.24721598756906,5.014286397428021,3.5312430711006164,3.766479860033319,3.7798606573606737,0.15411415696144104,102.2066483516483,105.51752747252743,4.131603112391931,51.433673688760805,53.691577694524476,0.03634011527377521,3.7798606573606737,3.4753132062571814,"Bryan Baker",19804,641329
2024,"Jay Jackson","MIN",1,2,0,20,0,26.1,9.911393601549559,3.075949738411932,2.3924053520981694,0.30434782608695654,0.47794118,0.355263157,0.21875,92.03648639547414,7.5189882494513895,4.6811765940547065,5.444961066002337,3.826641971873295,-0.2672027051448822,93.59672566371681,92.42557522123893,4.914351677704194,43.03415556291392,36.47492668874172,0.5581733333333334,3.826641971873295,3.4752167010611097,"Jay Jackson",7432,543351
2024,"Luis García","- - -",5,1,4,60,0,59,8.084746938846434,2.2881359260886134,1.2203391605805938,0.3028571428571429,0.63421829,0.50273224,0.153846153,96.44981206849565,4.881356642322375,3.5392522236277113,4.047835838709113,3.617741490099073,0.2668987810611725,105.26506200983368,111.04922370445207,3.6928480658889953,56.14189949326336,58.4020497779444,-0.2561631419105162,3.617741490099073,3.471811021907649,"Luis Garcia",6984,472610
2024,"Taylor Rogers","SFG",1,4,0,64,0,60,9.600001831055037,3.3000006294251687,1.0500002002716446,0.2987012987012987,0.81845238,0.4625,0.118644067,,2.4000004577637593,3.2074921592232903,3.7498132228851535,3.719954816641616,0.1651354432106018,103.85272222222228,94.38392592592594,4.13133602661597,51.43657182509506,46.76273823193917,0.03616230038022816,3.719954816641616,3.467815999764912,"Taylor Rogers",13449,573124
2024,"Brock Stewart","MIN",0,0,0,16,0,15.2,11.48936286777769,4.595745147111075,1.1489362867777688,0.35135135135135137,0.69306931,0.358974358,0.142857142,97.2030505164195,5.1702132904999605,4.035707381060809,3.8047777153885556,3.496359664126141,0.09695982187986374,115.82973977695167,104.61026022304834,3.514922608695652,58.05121778656125,60.99194415019764,-0.3747799604743083,3.496359664126141,3.466508105616105,"Brock Stewart",16727,592779
2024,"Alex Vesia","LAD",5,4,5,67,0,66.1,11.804022363254866,4.4773877929587425,0.9497489257791272,0.1925925925925926,0.83916084,0.220588235,0.079545454,93.43581713623395,1.7638194335898076,2.7080762583495566,3.4529119940009605,4.086933317762603,1.1170735359191895,114.07636363636358,108.66380000000004,3.413212833638026,59.14261783363803,59.371847321755034,-0.4425862340036561,4.086933317762603,3.461899606330906,"Alex Vesia",25007,681911
2024,"Joel Payamps","MIL",3,7,6,68,0,59,9.000001163806097,2.7457630669238937,1.067796748248181,0.21476510067114093,0.73170732,0.385620915,0.111111111,94.83736221104452,3.0508478521376596,4.020750825292666,3.7258018845150325,3.7979464631997284,0.5345836877822876,102.48938547486031,104.87738547486036,3.5984919,57.15441961111112,54.09428154444445,-0.3190670222222222,3.7979464631997284,3.4608592793148807,"Joel Payamps",14332,606303
2024,"Tommy Kahnle","NYY",0,2,1,50,0,42.2,9.703127313405828,4.00781345553719,1.054687751457155,0.2336448598130841,0.79545455,0.585585585,0.166666666,94.03273122902685,2.10937550291431,3.2869059084446843,4.010229979455519,3.5499232803346,0.05636248737573624,91.77918562874254,85.17029940119764,5.325068707015132,38.626830701513065,55.65541982118294,0.8319842228335624,3.5499232803346,3.45940278074653,"Tommy Kahnle",11384,592454
2024,"James McArthur","KCR",5,7,18,57,0,56.2,7.782353814333053,2.223529661238015,1.2705883778502944,0.3468208092485549,0.66395664,0.533333333,0.166666666,94.78899619020062,4.923529964169891,4.411593658481019,4.172362244087945,3.6178281259647087,0.08969410508871078,102.29949058693241,106.20640088593576,3.7198231526548673,55.852442057522126,55.82997095132742,-0.23817930309734509,3.6178281259647087,3.4586058238454696,"James McArthur",21527,663704
2024,"Dylan Cease","SDP",14,11,0,33,33,189.1,10.64788760998921,3.0897888153986544,0.8556338258027043,0.26269315673289184,0.6935123,0.397849462,0.091370558,96.92338346541787,3.470070515755412,3.3068118444664107,3.0978178046142695,3.4351364194456018,4.746432781219482,109.77129559748427,113.06290566037734,3.353024015056462,59.78850425031369,67.22065060225849,-0.4827123337515684,3.4351364194456018,3.457713576221004,"Dylan Cease",18525,656302
2024,"Yency Almonte","CHC",1,0,1,17,0,15.2,11.489363567167821,4.595745426867128,0.574468178358391,0.2222222222222222,0.68181818,0.432432432,0.071428571,94.41108842329545,3.446809070150346,3.292135586070375,3.3579691710759256,3.879338469779127,0.21572545170783997,112.83835205992509,105.07468164794008,4.202424402985075,50.67374619402985,62.00384104477612,0.08355417910447763,3.879338469779127,3.4556647106719045,"Yency Almonte",15068,622075
2024,"Pablo López","MIN",15,10,0,32,32,185.1,9.615108177544798,1.9910072488855388,1.2625899627079027,0.30861723446893785,0.72170301,0.428846153,0.138297872,95.10556640625,4.079136802594762,3.7023843764854183,3.6466956188069033,3.356718526512719,3.2251782417297363,93.67378823529408,106.12797310924367,3.12930053248493,62.18925328533155,56.27553585063632,-0.6318618184862692,3.356718526512719,3.4550697763795433,"Pablo Lopez",17085,641154
2024,"Braxton Garrett","MIA",2,2,0,7,7,37,8.27027027027027,0.972972972972973,1.2162162162162162,0.30973451327433627,0.5952381,0.512820512,0.142857142,90.82284322599085,5.351351351351352,4.480114960428012,3.815128426938444,3.4886498922834526,0.5972195267677307,95.67165247018738,98.49798977853493,4.111265297113753,51.65193955857385,50.57370872665535,0.022782275042444813,3.4886498922834526,3.4529196995391054,"Braxton Garrett",21844,666129
2024,"Tim Herrin","CLE",5,1,0,75,0,65.2,9.319799480867971,3.426396867966166,0.2741117494372933,0.2356687898089172,0.78549849,0.496774193,0.039215686,95.62600038109755,1.9187822460610529,3.2720974117474673,2.8619111678039135,3.6402732374534814,0.9686737060546875,100.78560079443888,96.73360476663358,4.1358673689416445,51.38793518298714,55.428926834817005,0.039183184965380764,3.6402732374534814,3.445492607927897,"Tim Herrin",25139,682120
2024,"Caleb Ferguson","- - -",1,4,1,62,0,54.1,11.098162885703749,4.14110555436707,0.9938653330480969,0.3401360544217687,0.66579634,0.467105263,0.133333333,93.91943971256266,4.638038220891119,4.121954227387537,3.7370320991137027,3.553726122117466,0.2722612712532282,101.50760711871514,98.97924317141569,3.3962577869799695,59.32457674432559,53.56614759296847,-0.45389000800047413,3.553726122117466,3.4342845405391427,"Caleb Ferguson",19349,657571
2024,"Jack Neely","CHC",0,0,0,6,0,6,10.5,3,3,0.35294117647058826,0.55555556,0.315789473,0.285714285,96.3527362530048,9,5.486201523289065,6.166479778289796,3.5971562522153064,-0.06581269949674606,108.09510204081633,90.15163265306123,5.682423571428572,34.79214581632653,49.61859285714285,1.0702204081632651,3.5971562522153064,3.4321589254621525,"Jack Neely",30106,680891
2024,"Ben Brown","CHC",1,3,0,15,8,55.1,10.40963879343145,3.0903615167999616,0.813253030736832,0.2706766917293233,0.72222222,0.386861313,0.080645161,96.7000759956532,3.578313335242061,4.227760345792166,3.112262909574006,3.631742220049449,1.292245864868164,99.72332454776534,93.68784569748411,4.4829998822143695,47.662947762073024,46.91941726737337,0.27060429917550055,3.631742220049449,3.430769524174509,"Ben Brown",23590,676962
2024,"Will Vest","DET",3,4,2,69,0,70.1,8.06161370635949,2.303318201816997,0.38388636696949946,0.2871287128712871,0.75835476,0.485294117,0.053571428,96.27974390360983,2.815166691109663,3.907440115921077,2.8252474520946844,3.474619261951478,1.1541478633880615,97.74420689655177,102.43610344827583,3.839939342560553,54.56349895328721,49.48571696366781,-0.158102223183391,3.474619261951478,3.4269013709911853,"Will Vest",19769,676684
2024,"Tyler Ferguson","OAK",4,2,2,48,0,51.1,10.870130947175554,4.207792624713117,0.7012987707855196,0.24347826086956523,0.66793893,0.372881355,0.078431372,96.08382985561708,3.681818546623978,3.6890386220140585,3.283362906754048,3.7725661120566074,0.6693741679191589,113.5270904645477,109.0544743276284,3.1785156776556773,61.66112534798534,59.129731184371224,-0.5990510378510379,3.7725661120566074,3.422846975664142,"Tyler Ferguson",19481,621053
2024,"Spencer Schwellenbach","ATL",8,7,0,21,21,123.2,9.242587791146493,1.6738544818611758,1.0188679454807157,0.2787878787878788,0.74523397,0.416422287,0.112,96.16492344034609,3.3477089637223516,3.4286303376259455,3.2877735813232136,3.3443858529273034,2.6549742221832275,107.04770212765958,112.52041489361697,2.87793489136195,64.88659679915209,53.03768715421303,-0.7994382988871226,3.3443858529273034,3.4207714448166087,"Spencer Schwellenbach",31846,680885
2024,"Kenley Jansen","BOS",4,2,27,54,0,54.2,10.207317548022273,3.2926830800071847,0.658536616001437,0.2595419847328244,0.73033708,0.305970149,0.055555555,,3.2926830800071847,3.3310303665253325,3.001845624289436,4.042051866241064,1.4145267009735107,120.06796482412055,113.70479899497487,3.625799315589352,56.86139978453738,43.45577027883397,-0.30086212927756656,4.042051866241064,3.420406850484008,"Kenley Jansen",3096,445276
2024,"Ryan Brasier","LAD",1,0,0,29,4,28,8.035715380493624,1.6071430760987249,0.9642858456592349,0.24675324675324675,0.65789474,0.423076923,0.096774193,94.63082198409347,3.5357147674171947,3.5315370845467577,3.3093369406096813,3.5904891429449814,0.383012555539608,100.607382729805,103.4968860167131,3.3598824767346933,59.71490444353741,48.69958019809524,-0.4781399972789117,3.5904891429449814,3.418018818337862,"Ryan Brasier",5615,518489
2024,"Pierce Johnson","ATL",6,6,2,58,0,56.1,10.704143703144817,3.9940834713226927,0.9585800331174462,0.3088235294117647,0.75075075,0.450704225,0.113207547,95.58000742364253,3.6745567936168775,3.7803389247256898,3.610266830658983,3.648191905226945,0.4612372815608978,105.24126775956285,103.16120218579235,3.485563446019629,58.366249105779715,50.33415983642313,-0.39435322791712096,3.648191905226945,3.4175238051456063,"Pierce Johnson",13435,572955
2024,"Luis Peralta","COL",0,0,0,15,0,12.1,10.216219639413557,3.6486498712191278,0,0.25,0.92857143,0.333333333,0,95.07078296076642,0.7297299742438256,3.0884571707166524,2.5989120205445975,4.070055827649571,0.28973159193992615,94.44477777777776,82.26344444444446,5.167337692307692,40.31941137362637,45.506651868131875,0.7268304395604396,4.070055827649571,3.4161093453039086,"Luis Peralta",24203,678821
2024,"Framber Valdez","HOU",15,7,0,28,28,176.1,8.62570913349315,2.80718344581138,0.6635160871917808,0.27608695652173915,0.77133479,0.605603448,0.139784946,95.94760131835938,2.9092628438408847,3.4488451971603906,3.2458748656460767,3.0849114306362346,3.6534717082977295,107.29225980015373,110.37486548808609,3.7982110031847123,55.01129185907642,54.90953501194269,-0.185921548566879,3.0849114306362346,3.4147841475661296,"Framber Valdez",17295,664285
2024,"Seranthony Domínguez","- - -",3,4,11,63,0,58.2,10.431819651491592,3.221591362960639,1.8409093502632223,0.2631578947368421,0.73883162,0.358024691,0.155844155,97.90028135926573,4.44886426313612,3.728423937527204,4.683525446562266,4.00894547560023,-0.11808723211288452,117.96256639315948,110.40049817183248,3.914355803416992,53.76495041396037,65.13354734605,-0.10849144810382766,4.00894547560023,3.410144451715227,"Seranthony Dominguez",19249,622554
2024,"Stephen Kolek","SDP",3,0,0,42,0,46.2,7.521429596142033,2.314286029582164,0.771428676527388,0.35947712418300654,0.64327485,0.559210526,0.129032258,95.78136685363248,5.207143566559869,4.575215976722092,3.573622690901472,3.463742545778873,0.26706352829933167,109.21974874371853,117.71527638190965,2.7512698748435542,66.24581867334166,54.77271493116397,-0.8838816770963704,3.463742545778873,3.409734266338003,"Stephen Kolek",21487,663568
2024,"Justin Wilson","CIN",1,5,2,60,0,46.2,9.835716429730319,2.5071434036567477,1.9285718489667292,0.3383458646616541,0.71428571,0.382978723,0.158730158,95.62091796875,5.592858362003514,4.128314514844739,4.730765833562809,3.9862627339592462,0.11949363350868225,108.810282208589,104.49413496932512,3.801008068459658,54.9812594376528,51.37952105134476,-0.18405616136919314,3.9862627339592462,3.4088077657440476,"Justin Wilson",4301,458677
2024,"Brendon Little","TOR",1,2,1,49,0,45.2,7.0948920913790054,3.7445263815611414,1.3795623511014732,0.26153846153846155,0.78125,0.708955223,0.35,,3.7445263815611414,4.138663260821949,4.896407170940849,3.565899607214159,-0.30625560879707336,116.77740259740263,112.65038961038961,4.421539756097562,48.32242972740318,56.89958111908178,0.2296314347202296,3.565899607214159,3.3921597731946926,"Brendon Little",21574,663893
2024,"Tanner Banks","- - -",2,3,2,63,2,72.1,9.70507031867897,3.1105994611150543,0.7465438706676131,0.3165829145728643,0.63205418,0.497536945,0.088235294,93.6517807387249,3.9815673102272697,3.3538682671836395,3.249429097252863,3.592515383108407,1.1209091879427433,100.88672264910342,106.20032913033435,3.9343719676320275,53.55016293867119,47.4582152044293,-0.09514662691652466,3.592515383108407,3.3881388246348214,"Tanner Banks",16990,621383
2024,"A.J. Minter","ATL",5,4,1,39,0,34.1,9.174758640735018,2.883495572802434,1.572815766983146,0.2222222222222222,0.94202899,0.458823529,0.166666666,94.75761640311245,2.6213596116385762,3.2009771559447504,4.448033366201988,3.7615954768597613,-0.04955713078379631,108.47973025048174,106.1943737957611,3.2823004214559393,60.547416724137925,62.92514622605363,-0.5298610344827585,3.7615954768597613,3.3837406192474493,"A.J. Minter",18655,621345
2024,"Michael Grove","LAD",4,4,0,39,2,51,9.529412477486739,2.823529622959034,1.0588236086096376,0.29850746268656714,0.62080537,0.45323741,0.125,94.99964735243056,5.117647441613249,3.592459463261173,3.8723621840295537,3.7660171466369157,0.3966157492250204,94.63710746753043,106.8769020932141,3.8209486457073756,54.767286795646925,58.463357593712196,-0.17076228536880292,3.7660171466369157,3.382531955433456,"Michael Grove",23221,675627
2024,"Hunter Gaddis","CLE",6,3,0,78,0,74.2,7.955358226688689,1.6875002299036612,0.48214292282961746,0.20526315789473684,0.81227437,0.381443298,0.044444444,95.49272792779126,1.5669644991962568,2.719621079918741,2.8182654451350713,3.94434715962253,1.6267188787460327,99.11908239700377,109.94529962546818,3.547275720930234,57.70402512558139,54.222752799999995,-0.3532115069767442,3.94434715962253,3.3823924630052264,"Hunter Gaddis",25636,683769
2024,"Ray Kerr","ATL",1,2,0,10,2,22.1,10.880597634420687,2.820895682997956,1.6119403902845462,0.4032258064516129,0.74850299,0.328125,0.16,95.28862017463236,5.641791365995912,5.013185737046839,4.420211192955553,3.784399671182591,0.11500735580921173,101.23540469973891,91.51744125326368,5.42457866840731,37.559004595300266,39.607022558746735,0.8983236814621409,3.784399671182591,3.378427353834509,"Ray Kerr",23809,678061
2024,"Ryan Pressly","HOU",2,3,4,59,0,56.2,9.211765739414634,2.8588238501631626,0.6352941889251472,0.3333333333333333,0.7320442,0.487804878,0.085106382,93.94649767801857,3.4941180390883098,3.909386365269461,3.0958915350758898,3.4323220744534573,0.855274498462677,102.42701244813277,103.01711618257261,3.4958089251844044,58.25630017913596,59.02290663856692,-0.38752248682824,3.4323220744534573,3.3778254546867585,"Ryan Pressly",7005,519151
2024,"Grant Holmes","ATL",2,1,0,26,7,68.1,9.219512881359035,1.9756099031483647,0.9219512881359035,0.31382978723404253,0.76502732,0.438144329,0.093333333,94.53659018987342,3.556097825667057,3.5163518956632243,3.195748073151252,3.5235622019413335,1.1822115778923035,89.6093942319205,91.06265482818486,4.3016870703125,49.608572167968745,43.541778007812496,0.14973029296874996,3.5235622019413335,3.369085380710592,"Grant Holmes",16944,656550
2024,"Anthony Veneziano","- - -",1,0,0,12,0,13.1,9.450002253056109,2.0250004827977377,0.6750001609325793,0.38461538461538464,0.69892473,0.325,0.058823529,95.03732110757744,3.3750008046628963,4.120112688980284,2.941479724645602,3.8942906697463138,0.15544422529637814,104.13876033057852,107.41206611570249,3.6255792975206615,56.86375326446281,53.81552305785124,-0.3010088429752065,3.8942906697463138,3.3662724791033183,"Anthony Veneziano",27453,685107
2024,"Ryan Zeferjahn","LAA",0,0,0,12,0,17,9.529412833877208,3.176470944625736,0,0.18421052631578946,0.73333333,0.394736842,0,97.48545053842905,2.1176472964171573,1.6625699005687722,2.4605973461507427,4.150489283881833,0.3786185085773468,115.74076923076922,105.26326923076923,3.954907115384616,53.32981375000001,50.59867543269232,-0.0814570673076923,4.150489283881833,3.3657954902648926,"Ryan Zeferjahn",25420,666171
2024,"Nick Avila","SFG",1,0,0,8,0,11.2,10.800000588553324,2.314285840404284,1.5428572269361893,0.4166666666666667,0.46511628,0.243243243,0.125,94.99170547876602,8.485714748149041,7.659866116079898,3.766479810987202,3.611519902503974,0.026663120836019516,95.0734222222222,94.30613333333332,4.826429288888889,43.97760715555556,37.888337155555554,0.49955875555555557,3.611519902503974,3.3417591671744096,"Nick Avila",25667,687014
2024,"Michael Kopech","- - -",6,8,15,67,0,67.2,11.704434927180756,4.52216804004711,1.197044481188941,0.24475524475524477,0.79545455,0.375838926,0.132352941,98.8300672380156,3.458128501212496,3.48643407885304,4.02362274012879,3.8140153986112293,0.3981586694717407,127.33876906504221,112.45157809748474,2.5563982547993023,68.33695785340312,73.50369265270507,-1.0137962478184992,3.8140153986112293,3.3382846907825994,"Michael Kopech",17282,656629
2024,"Nate Pearson","- - -",2,2,2,60,1,66.1,10.04020264096902,2.8492466954101276,1.6281409688057873,0.3142857142857143,0.76819407,0.370967741,0.162162162,97.75615038861974,4.477387664215915,4.492202089897906,4.372510125553341,3.7075143698689983,0.1330196801573038,112.84400377714825,106.9110103871577,3.5145324923647645,58.055369781451525,60.13137590766221,-0.37503992617024157,3.7075143698689983,3.3373148009699265,"Nate Pearson",20160,663878
2024,"Tyler Rogers","SFG",3,4,1,77,0,70.1,6.526066822653446,0.7677725673709936,0.8957346619328259,0.273972602739726,0.81196581,0.544642857,0.106060606,,2.81516608036031,3.0670987520317983,3.564584072482162,3.6895967091621196,0.5832422375679016,119.02858291457292,120.22936683417085,2.28237018108652,71.27751133802815,55.42476803822936,-1.1964816800804832,3.6895967091621196,3.329631805251373,"Tyler Rogers",15541,643511
2024,"Amir Garrett","LAA",0,0,0,6,0,5.1,18.56250442564593,8.43750201165724,1.6875004023314482,0.42857142857142855,0.78947368,0.25,0.166666666,95.73661081414474,5.0625012069943445,3.367624919157053,4.2914800465107605,3.5549893279172897,-0.0019282883731648326,107.81695238095239,89.60666666666667,2.6217804807692313,67.63534538461539,31.920224615384612,-0.97020875,3.5549893279172897,3.3248019976839767,"Amir Garrett",14375,607237
2024,"Jonathan Loáisiga","NYY",1,0,0,3,0,4,6.75,2.25,0,0.4375,1,0.5625,0,98.49819946289062,0,4.289765960562785,2.416479778289795,3.1724839814007284,0.14712072908878326,133.44557377049182,125.90852459016392,1.9252424590163935,75.1097568852459,73.41012606557376,-1.4345657377049181,3.1724839814007284,3.321316584014893,"Jonathan Loaisiga",19753,642528
2024,"Zack Wheeler","PHI",16,7,0,32,32,200,10.08,2.34,0.9,0.2463768115942029,0.80116959,0.426,0.102564102,95.46789937258687,2.565,2.821236140494097,3.126479778289795,3.300687974356115,5.392975807189941,110.06214125918824,113.34263342921062,2.965565360331632,63.946247908163265,59.391417267219396,-0.7410182334183674,3.300687974356115,3.3169765272525167,"Zack Wheeler",10310,554430
2024,"Trevor Megill","MIL",1,3,21,48,0,46.1,9.712231281992004,2.7194247589577607,0.7769785025593603,0.2543859649122807,0.75471698,0.333333333,0.068965517,98.8547137605042,2.7194247589577607,2.8903740815458505,3.1017315697431815,3.8721594434007445,0.9825382828712463,117.34851127819552,114.84917293233082,2.8261398952095806,65.44240504491019,68.31412124251496,-0.833967994011976,3.8721594434007445,3.3120251559280844,"Trevor Megill",17722,656730
2024,"Nick Pivetta","BOS",6,12,0,27,26,145.2,10.627003030458571,2.2242564482355145,1.7299772375165114,0.27932960893854747,0.75516693,0.335064935,0.150537634,94.05257329686154,4.139588389771652,3.43740227356557,4.06579334223687,3.4976026633627244,2.0111301988363266,102.78113221790605,108.60930283601922,3.25573008714597,60.83254071459693,54.16626838344227,-0.5475745403050108,3.4976026633627244,3.305198365101914,"Nick Pivetta",15454,601713
2024,"Hunter Harvey","- - -",2,4,1,49,0,50.2,9.769738435828055,2.842105726786343,0.8881580396207321,0.3333333333333333,0.67692308,0.44680851,0.116279069,97.96389996963339,4.440790198103661,5.124334279136306,3.521742994138088,3.5220659178922187,0.6854808628559113,105.5819087715133,108.94194198302394,3.6667625827814563,56.421828852097136,51.29302552980133,-0.273552880794702,3.5220659178922187,3.3046955968262055,"Hunter Harvey",15507,640451
2024,"Eddy Alvarez","NYM",0,0,0,1,0,1,9,0,0,0.3333333333333333,1,0.333333333,0,63.52572866586539,0,4.939599133436694,4.166479778289795,5.678488184511662,-0.00036955144605599344,27.390769230769227,30.53384615384615,13.0851,20,20,6.00534,5.678488184511662,3.2969690840148926,"Eddy Alvarez",16959,657193
2024,"Yusei Kikuchi","- - -",9,10,0,32,32,175.2,10.554080078374009,2.254269531303186,1.2808349609677194,0.3093681917211329,0.71910112,0.425887265,0.135135135,95.57594159388647,4.047438476657994,3.6971066657237213,3.456802369442478,3.1990503021500785,3.6429601907730103,103.91337339323513,110.27727834192368,3.168513475734792,61.76844509911141,63.11864784688995,-0.6057195420369105,3.1990503021500785,3.295339773332474,"Yusei Kikuchi",20633,579328
2024,"John Brebbia","- - -",0,6,2,59,0,55.1,10.89759249008216,3.090362049426284,1.7891569759836379,0.31690140845070425,0.67092652,0.296052631,0.159420289,94.00000919358003,5.855422830491906,4.79231901067639,4.5219017297925514,3.8230205094717924,0.12382979318499565,98.85622187981511,98.18354585665874,3.716951959798995,55.88325768844222,44.517453467336686,-0.2400936783919598,3.8230205094717924,3.285854307282864,"John Brebbia",12777,605154
2024,"Jesus Tinoco","- - -",1,0,3,32,0,40.2,9.295083202427836,2.655738057836525,0.6639345144591312,0.23529411764705882,0.71428571,0.466666666,0.073170731,96.64663668032046,3.319672572295656,3.251662032901145,3.166479778289795,3.731865377728999,0.6832907497882843,109.46398792559047,113.3670964775615,3.653264161490683,56.56668802795031,56.40017535714285,-0.2825522670807454,3.731865377728999,3.2851945638413906,"Jesus Tinoco",16300,622786
2024,"Joe Ryan","MIN",7,7,0,23,23,135,9.8,1.5333333333333334,1.2666666666666666,0.26453488372093026,0.70915619,0.356545961,0.116564417,94.0268952404318,3.6,2.89194254763638,3.4405538523638692,3.4365343724687896,3.138313055038452,105.00798287345387,113.25613701236917,2.8013266104218366,65.70868306699752,52.85828486352356,-0.8505105707196029,3.4365343724687896,3.279291674150377,"Joe Ryan",21390,657746
2024,"Declan Cronin","MIA",3,4,0,56,0,70.1,9.213271807859847,3.1990527110624467,0.12796210844249786,0.3645320197044335,0.61776062,0.576354679,0.020833333,93.99001593338816,4.350711687044928,3.6273799612429385,2.5835412842739713,3.4305993070637726,1.313233494758606,92.68567246111617,93.8247758462946,4.5934043938012765,46.47820810391979,45.851722151321795,0.3442078304466728,3.4305993070637726,3.276340068709158,"Declan Cronin",25645,686539
2024,"Jose A. Ferrer","WSN",1,0,1,31,0,32,7.031251676381034,1.6875004023314482,0.28125006705524136,0.2736842105263158,0.68452381,0.572916666,0.04,98.43917262300532,3.3750008046628963,2.7732769098146908,2.7602296814322242,3.5352364335690663,0.6362960338592529,118.56122362869198,112.84776371308013,3.010093941299791,63.46842444444443,60.945801278826,-0.7113323480083857,3.5352364335690663,3.272389919998578,"Jose A. Ferrer",24017,678606
2024,"Adam Ottavino","NYM",2,2,1,60,0,56,11.250002299036769,3.6964293268263666,0.9642859113460087,0.30935251798561153,0.7082153,0.433566433,0.1,93.21128558168317,4.339286601057039,3.1980490439746965,3.666479880469207,3.8936317906988376,0.45945456624031067,107.4381274900398,99.42788844621518,3.6959146999999994,56.109001449999994,55.98044082000002,-0.25411857,3.8936317906988376,3.270367975301104,"Adam Ottavino",1247,493603
2024,"José Leclerc","TEX",6,5,1,64,0,66.2,12.015001833343785,4.320000659179788,0.9450001441955787,0.3141025641025641,0.71776156,0.352201257,0.102941176,95.58239483890215,4.320000659179788,3.57887119966856,3.481479826354988,3.658728427747282,0.8075965046882629,103.9434949832776,100.28372909698996,4.514285176268271,47.32720623387792,53.9705911177988,0.2914622269991402,3.658728427747282,3.2638381519073922,"Jose Leclerc",14524,600917
2024,"Luis Guerrero","BOS",0,0,0,9,0,10,8.100001544952688,1.8000003433228193,0,0.24,0.875,0.416666666,0,97.54955267137096,0,2.613408853862141,1.9664795494079155,3.6296891134840177,0.3145105242729187,111.79766081871341,118.12467836257308,2.7464544360902257,66.29750879699249,61.02138285714286,-0.8870924812030077,3.6296891134840177,3.2540585527886674,"Luis Guerrero",31184,692285
2024,"Ryan Borucki","PIT",0,0,0,14,0,11,10.636365480659741,3.2727278402029976,1.6363639201014988,0.3870967741935484,0.55555556,0.5,0.25,,7.363637640456744,7.1355530107510345,4.530116378374378,3.266122272819605,-0.04742337390780449,100.23248554913297,105.8960693641618,4.159315114942529,51.13631764367816,57.612030229885065,0.0548155172413793,3.266122272819605,3.24766219007338,"Ryan Borucki",16350,621366
2024,"Sean Guenther","DET",3,0,0,17,0,21,5.142858544174888,0.8571430906958146,0,0.15789473684210525,0.84615385,0.631578947,0,90.4781494140625,0.8571430906958146,2.2334509897318844,2.595051051159252,3.747057769796642,0.3977787494659424,93.660658436214,108.51909465020576,3.0793152263374486,62.72561765432099,46.23219934156379,-0.6651845267489712,3.747057769796642,3.2360891963842238,"Sean Guenther",20045,674944
2024,"Ryan Thompson","ARI",7,5,2,67,0,66.1,7.0552777343592314,2.035176269526701,0.6783920898422336,0.2964824120603015,0.73972603,0.614213197,0.111111111,92.50521484375,3.256282031242722,3.976426872715763,3.302158196258242,3.347993053486448,0.8844500780105591,117.86314491264132,113.89465570400819,3.1320594591836732,62.15963719387757,57.32615913265307,-0.6300218673469389,3.347993053486448,3.2327580624707557,"Ryan Thompson",16647,657044
2024,"A.J. Puk","- - -",4,9,3,62,4,71.1,11.10280571746928,3.5327109101038623,0.6308412339471182,0.26900584795321636,0.67567568,0.367816091,0.070422535,95.72936915600394,3.154206169735591,2.7544515139075494,2.872087202447806,3.465815301392606,1.7042057365179062,108.5261757787358,118.35111822270659,2.620294893435635,67.65129879795397,61.049927621483384,-0.9711984910485932,3.465815301392606,3.2254566979989807,"A.J. Puk",19343,640462
2024,"Porter Hodge","CHC",3,1,9,39,0,43,10.88372286130734,3.9767448916315287,0.41860472543489774,0.18888888888888888,0.80110497,0.413043478,0.055555555,,1.8837212644570398,2.709152392816433,2.7478750528548974,3.409091510265791,0.8960046768188477,105.46890625000003,96.39640625000001,4.02499493001555,52.57770884914462,69.86093311041991,-0.03473177293934682,3.409091510265791,3.2243303635411635,"Porter Hodge",26413,687863
2024,"Collin Snider","SEA",3,4,0,42,0,41.2,10.152001549072502,2.8080004284668623,1.080000164794947,0.2980769230769231,0.83333333,0.308411214,0.108695652,94.23020973342294,1.9440002966309047,3.9618109928907685,3.4064798149108944,3.5157371120511756,0.4611671268939972,113.74397037037038,112.97208888888893,2.993950509259259,63.64164537037036,59.024269413580264,-0.7220942592592593,3.5157371120511756,3.223583639295465,"Collin Snider",23307,676092
2024,"Bryan Hudson","MIL",6,1,0,43,0,62.1,8.951872388207125,2.454545654830986,1.0106952696362883,0.14788732394366197,0.94240838,0.412162162,0.116666666,91.43294404517454,1.7326204622336372,2.9919649405918816,3.5996348938482043,3.5951510064231633,0.7269054055213928,99.86728060671723,99.12613217768153,3.2966964262648006,60.39293427341228,58.08814214208827,-0.5202642734122714,3.5951510064231633,3.219562986761758,"Bryan Hudson",19924,663542
2024,"Danny Young","NYM",4,1,0,42,0,37.2,11.469029646079719,4.3008861172798944,0.7168143528799824,0.29213483146067415,0.64257028,0.533333333,0.15,,4.539824234906556,4.8221792552213785,3.6443560135431166,3.4117940425350093,0.15668828785419464,111.46958152958153,96.36741702741702,4.231035786350147,50.366734391691395,64.50957179525223,0.10262854599406529,3.4117940425350093,3.217497577861862,"Danny Young",18439,664849
2024,"Edgardo Henriquez","LAD",0,0,1,3,0,3.1,13.50000128746045,5.40000051498418,0,0.2857142857142857,0.75,0.428571428,0,98.78361430921052,2.70000025749209,1.1945129882487562,1.9664796638488666,3.780889924350753,0.15860697627067566,114.54169491525424,99.28745762711866,4.165627627118644,51.06858728813559,59.520078305084745,0.05902271186440673,3.780889924350753,3.2157851955759127,"Edgardo Henriquez",26944,683618
2024,"Anthony Bender","MIA",5,2,1,59,0,53,10.018870087865453,3.0566044335860703,0.509434072264345,0.3263888888888889,0.69321534,0.5,0.073170731,95.77737630208334,4.07547257811476,3.385336574277247,2.9211967064588142,3.3550146238125613,0.8830666542053223,117.48951295336781,113.26014507772021,3.010618869109947,63.46279871204188,63.81649123560209,-0.7109823246073298,3.3550146238125613,3.207498132127901,"Anthony Bender",19742,669622
2024,"Brusdar Graterol","LAD",0,0,0,7,0,7.1,8.590909463314986,2.454545560947139,0,0.16666666666666666,0.6,0.444444444,0,97.53387858072917,2.454545560947139,2.781355570341585,2.0755706400910663,3.1064855072040225,0.15206800401210785,117.76237623762377,124.00376237623763,2.7550628712871292,66.20512495049505,54.99946910891089,-0.8813537623762375,3.1064855072040225,3.197885464651477,"Brusdar Graterol",20367,660813
2024,"Trent Thornton","SEA",4,3,1,71,0,72.1,9.58064684549619,2.3640557151224364,0.9953918800515522,0.2972972972972973,0.72559367,0.38095238,0.109589041,95.617680102323,3.608295565186877,3.411115356424243,3.470627297194436,3.5587832618279474,0.5645291209220886,108.4801587301587,110.4088888888889,2.965455833333334,63.94742024561407,60.76243620175436,-0.7410912017543859,3.5587832618279474,3.1962546695300276,"Trent Thornton",17948,663423
2024,"Nick Mears","- - -",1,5,0,54,0,57.2,11.705204957694143,3.7456655864621258,1.0924857960514534,0.36,0.59840426,0.407643312,0.111111111,96.85981674071083,5.930637178565033,3.223688749184906,3.3919133552527936,3.4657260238195904,0.7764229327440262,108.92502887317215,105.96372142056318,3.647193978599222,56.63181397859922,58.980579834630355,-0.2865990758754864,3.4657260238195904,3.1939752235412597,"Nick Mears",25376,683232
2024,"Emilio Pagán","CIN",4,5,1,38,1,38,10.421053677714868,2.605263419428717,1.4210527742338457,0.35051546391752575,0.72769953,0.31372549,0.125,94.76647123448988,4.500000451740511,4.174481627147576,3.7717429969449516,3.629016758897378,0.47526509314775467,105.84249465414375,106.800888652608,2.7693692760942756,66.05159772727272,55.81311599326599,-0.8718150168350168,3.629016758897378,3.193921502201817,"Emilio Pagan",14771,641941
2024,"Adrian Morejon","SDP",3,2,2,60,0,63.2,10.036652021021185,2.968587217485139,0.5654451842828836,0.33714285714285713,0.76826196,0.514124293,0.070175438,96.95414881552419,2.8272259214144184,3.2985651187056733,2.789516322101206,3.326445464190468,1.1192816495895386,124.34494806421151,123.76379603399432,2.2044396146616543,72.11376957706766,65.7105630733083,-1.2484353853383454,3.326445464190468,3.1921768061432063,"Adrian Morejon",20039,670970
2024,"Josh Sborz","TEX",2,2,0,17,0,16.1,9.367348761918352,2.204082061627848,0.551020515406962,0.3191489361702128,0.64516129,0.458333333,0.0625,95.32390348179133,3.8571436078487333,4.036453575693497,2.6154592628828333,3.3006921207101674,0.3639289140701294,102.08492957746479,103.25978873239437,4.161053732394366,51.11768330985916,49.025901373239435,0.055973626760563375,3.3006921207101674,3.1915772273647853,"Josh Sborz",18323,622250
2024,"Logan Gilbert","SEA",9,12,0,33,33,208.2,9.488818353954882,1.595846723165139,1.121405805467395,0.2364341085271318,0.69462647,0.451492537,0.128712871,96.76760925876727,3.2348244388482548,3.0704950096826504,3.2671187608317407,3.1110118748995474,4.012938499450684,96.24569078947366,110.85804605263158,3.4249351873767266,59.01683398093359,57.11184974030242,-0.4347713740959894,3.1110118748995474,3.1911980098513055,"Logan Gilbert",22250,669302
2024,"Brant Hurter","DET",6,1,0,10,1,45.1,7.544117858665631,1.1911765039998363,0.7941176693332243,0.23622047244094488,0.78488372,0.53125,0.093023255,92.2227783203125,2.580882425332979,2.2810669587716284,3.0341268334009244,3.321252462062087,0.7648656517267227,105.48894860547878,102.47426676597972,3.415264294573643,59.12060831007752,50.623661100775195,-0.4412181395348837,3.321252462062087,3.1864725944180914,"Brant Hurter",30133,676428
2024,"Justin Bruihl","PIT",0,0,0,7,0,5.2,7.941178698028873,1.5882357396057745,1.5882357396057745,0.42105263157894735,0.52083333,0.6,0.2,,9.529414437634648,3.579364144587483,4.754715517895569,3.7947226658794144,-0.04239675775170326,103.9126530612245,97.0116326530612,3.401492323232323,59.26837505050505,57.889016969696975,-0.4503993939393939,3.7947226658794144,3.166626205943477,"Justin Bruihl",23779,677865
2024,"Blake Snell","SFG",5,3,0,20,20,104,12.548076923076923,3.8076923076923075,0.5192307692307693,0.26576576576576577,0.70866142,0.420353982,0.065217391,96.10436625608273,3.1153846153846154,2.554713072060103,2.4260951629051797,3.013641060716831,3.0745391845703125,105.40034032898467,111.28287010777085,3.354897705749718,59.76838050169109,65.88670493799323,-0.4814626211950394,3.013641060716831,3.161739851251199,"Blake Snell",13543,605483
2024,"Jake Cousins","NYY",2,1,1,37,0,38,12.552635359302931,4.7368435318124265,1.1842108829531066,0.20833333333333334,0.81578947,0.421052631,0.166666666,94.64202880859375,2.3684217659062132,3.527636794702417,4.061216889854364,3.544381265431777,0.11773710697889328,105.50139751552798,99.25732919254654,3.771906449044587,55.29356261146497,74.035436433121,-0.20345743630573246,3.544381265431777,3.15632717697398,"Jake Cousins",21620,664776
2024,"Daysbel Hernández","ATL",3,0,0,16,0,18,13.00000275505972,5.000001059638354,0,0.2702702702702703,0.71428571,0.361111111,0,97.50884726821192,2.500000529819177,2.415116116394976,2.110923999032809,3.454931756062397,0.500784158706665,111.88936555891237,102.55383685800605,3.272500999999999,60.652589363636366,60.462502818181825,-0.5363944242424242,3.454931756062397,3.1529522410403175,"Daysbel Hernandez",20271,678226
2024,"Aroldis Chapman","PIT",5,5,14,68,0,61.2,14.302704177310446,5.691892478725586,0.7297298049648187,0.32231404958677684,0.69230769,0.448,0.106382978,97.87747637599469,3.7945949858170573,2.976871813829896,3.0367500351849386,3.1350915873633136,1.0912429094314575,105.26880212954738,116.60894409937883,2.7645553982300886,66.10326369911503,72.36550722123894,-0.8750245663716815,3.1350915873633136,3.150984408394061,"Aroldis Chapman",10233,547973
2024,"Evan Phillips","LAD",5,1,18,61,0,54.2,10.37195242578837,2.7987808133079732,0.9878049929322258,0.2978723404255319,0.625,0.397260273,0.101694915,96.25171991604478,3.6219516407514947,3.2622324121052926,3.2762358886155982,3.481269375273975,0.8947124481201172,115.7042622950819,116.90107103825144,2.7872350381679385,65.85988183206108,62.713611112322795,-0.8599049945474374,3.481269375273975,3.149753686582016,"Evan Phillips",17734,623465
2024,"Bryan King","HOU",1,0,0,28,0,26.1,10.936711765333476,3.417722426666711,0.3417722426666711,0.30158730158730157,0.82278481,0.43548387,0.04347826,92.06101490495392,2.392405698666698,3.1428184492674114,2.710783454734234,3.5377277253581587,0.4097328186035156,100.81918072289149,101.56067469879521,3.490883350125944,58.30915534005039,57.07964793450882,-0.3908062216624685,3.5377277253581587,3.144547453451421,"Bryan King",25890,687911
2024,"Yoshinobu Yamamoto","LAD",7,2,0,18,18,90,10.5,2.2,0.7,0.30472103004291845,0.75657895,0.478991596,0.093333333,95.62048625627091,3,3.4451073018592613,2.6109242227342397,2.8598201168080175,2.8732681274414062,96.99475476839238,105.34730245231607,3.6416558548168254,56.691223337856165,48.7942110990502,-0.290290630936228,2.8598201168080175,3.142984721468253,"Yoshinobu Yamamoto",33825,808967
2024,"Jackson Rutledge","WSN",0,0,0,3,1,8.1,9.720001483154523,2.160000329589894,1.080000164794947,0.3333333333333333,0.83333333,0.454545454,0.166666666,96.14960588727679,3.2400004943848413,4.769638974430758,3.6464798515319936,3.1751258320888223,0.1358586885035038,99.80651593011305,94.8998942886507,4.514618633093525,47.32354863309352,43.66952280575539,0.2916857553956834,3.1751258320888223,3.139698834516709,"Jackson Rutledge",26215,671131
2024,"Justin Martinez","ARI",5,6,8,64,0,72.2,11.27064377959978,4.458716220501012,0.24770645669450067,0.3220338983050847,0.7537155,0.588571428,0.064516129,100.63514655363475,2.4770645669450064,3.093809841432485,2.588498046002627,2.8757310301507397,1.3910722732543945,121.3837883959044,118.50076791808871,3.128603590831919,62.1967189728353,72.7426592359932,-0.6323258658743635,2.8757310301507397,3.1391331296046876,"Justin Martinez",24453,679885
2024,"Jeff Criswell","COL",1,0,0,13,0,19.2,12.355933801157521,4.11864460038584,1.8305087112825957,0.34782608695652173,0.98360656,0.395833333,0.235294117,95.4199282997533,2.7457630669238937,5.063160896284427,4.590208775954036,3.253131123686617,-0.0059058042243123055,93.52165289256199,93.45052341597798,5.030554491525423,41.787196299435024,51.42552822033898,0.6356414689265536,3.253131123686617,3.127341841909667,"Jeff Criswell",27608,676105
2024,"Ben Casparius","LAD",2,0,0,3,0,8.1,12.960000494384785,4.320000164794928,0,0.42857142857142855,0.76923077,0.238095238,0,95.59963541666667,2.160000082397464,3.512088035757323,1.7264797233581524,3.3594488643705973,0.2541302442550659,101.17461538461538,95.26730769230768,3.9548637179487183,53.3301889102564,46.46327987179487,-0.08148544871794873,3.3594488643705973,3.1247276250650016,"Ben Casparius",30085,676508
2024,"Jimmy Herget","ATL",0,1,0,8,0,12.1,10.945946228077508,2.1891892456155015,1.459459497077001,0.34375,0.75757576,0.264705882,0.105263157,92.30914713541667,4.378378491231003,2.9974068382211763,3.571885194144518,3.793087339160767,0.07780291885137558,102.7398941798942,96.25354497354495,4.197402116402116,50.72764100529101,43.01891904761904,0.08020608465608464,3.793087339160767,3.122767543499508,"Jimmy Herget",17556,623474
2024,"Brent Headrick","MIN",0,0,0,1,0,3,15,6,3,0.2,1,0.5,0.333333333,92.43966542119566,3,5.348853928708233,6.166479778289796,3.3451548511783287,-0.034049708396196365,102.04835820895522,99.61283582089553,3.76916,55.32307,47.18456,-0.20529,3.3451548511783287,3.1090249350214965,"Brent Headrick",27702,687396
2024,"Nick Robertson","- - -",0,0,0,9,0,13.1,9.450000901222316,1.350000128746045,2.0250001931190673,0.3333333333333333,0.859375,0.333333333,0.166666666,94.53605604663338,4.050000386238135,4.608044489811047,4.441479899883283,3.5576911639981406,-0.023989655543118715,95.84755760368667,95.14552995391705,4.287131290322581,49.76475695852535,49.91346829493088,0.1400248847926267,3.5576911639981406,3.1030781763359476,"Nick Robertson",26226,687798
2024,"Jason Adam","- - -",7,2,4,74,0,73.2,9.895928455881702,2.8099549936454213,0.6108597812272656,0.20958083832335328,0.79032258,0.429411764,0.073529411,95.55576760165663,1.9547512999272498,3.2366074427081823,3.0307331602392917,3.5440803306491606,1.2961198687553406,109.2253327067908,104.52999773936678,4.149896774259833,51.23740137331171,64.25785391993851,0.04853619576122242,3.5440803306491606,3.101437031864299,"Jason Adam",11861,592094
2024,"Reed Garrett","NYM",8,5,4,53,0,57.1,13.02907179019623,4.709303056697433,0.9418606113394866,0.3492063492063492,0.73369565,0.442748091,0.130434782,96.95459276758982,3.7674424453579465,3.166337219041949,3.3060146836734225,3.1586725681162053,0.9044510722160339,114.68036679536682,102.77619691119693,4.891378457502624,43.28068951731374,59.87623364113327,0.5428573767051418,3.1586725681162053,3.0991016140703302,"Reed Garrett",16866,657585
2024,"Jack Flaherty","- - -",13,7,0,28,28,162,10.777778031567657,2.1111111608225306,1.3333333647300194,0.2853470437017995,0.80892608,0.395121951,0.154838709,93.40228853798587,3.166666741233796,3.5991857092253405,3.4751217608661884,2.9958705333118116,3.3211296796798706,98.6686623638344,104.39617178102735,4.259171725353156,50.06478202691514,43.80220659077031,0.12138601789500743,2.9958705333118116,3.095200344407547,"Jack Flaherty",17479,656427
2024,"Kyle Bradish","BAL",2,0,0,8,8,39.1,12.127119036112608,3.432203500786587,0.45762713343821165,0.2777777777777778,0.78199052,0.549450549,0.071428571,,2.74576280062927,2.692997801185986,2.505462807767934,2.9207908391830824,1.3752909898757935,97.12234769687964,106.76621099554235,3.605845983333334,57.07548691666665,57.926612933333345,-0.3141636166666667,2.9207908391830824,3.092767882601048,"Kyle Bradish",24586,680694
2024,"Trevor McDonald","SFG",0,0,0,1,0,3,3,3,0,0,1,0.875,0,93.75360107421875,0,1.674388475661558,3.499813111623129,4.003815913697085,0.009168939664959908,94.75487179487179,87.4897435897436,5.19077,40.06797,52.12861,0.74245,4.003815913697085,3.0836090840148924,"Trevor McDonald",26448,686790
2024,"Hoby Milner","MIL",5,1,1,61,1,64.2,8.907218946890787,1.9484541446323596,0.8350517762710112,0.3131868131868132,0.58073654,0.519337016,0.115384615,88.92195041363055,4.731960065535731,3.2020488869512667,3.135551934724202,3.1452081815608537,0.8988485410809517,105.40213160263393,106.49042711639589,3.193717598086124,61.49799200956939,47.00451111961721,-0.5889164497607655,3.1452081815608537,3.0814180897268595,"Hoby Milner",13346,571948
2024,"Yennier Cano","BAL",4,3,5,70,0,60,9.750003099442514,3.6000011444095437,0.9000002861023859,0.3137254901960784,0.77903683,0.628930817,0.181818181,96.58121888827434,3.1500010013583504,3.7274664627422913,3.549813233481552,3.081417708004651,0.6054456233978271,111.63201990049753,122.00220895522386,3.079005,62.72894921626986,57.3683726388889,-0.665391517857143,3.081417708004651,3.079301902633931,"Yennier Cano",25911,666974
2024,"Ryan Helsley","STL",7,4,49,65,0,66.1,10.718593786697294,3.1206032543549087,0.4070352070897707,0.2919254658385093,0.78488372,0.368098159,0.044776119,99.82438497340425,2.0351760354488535,2.7306181467802455,2.412710876271701,3.351975720405567,2.2538928985595703,129.10971982758616,121.19028017241378,2.5229133659066236,68.69627389793702,72.11397861020629,-1.0361194136807819,3.351975720405567,3.0790250983214267,"Ryan Helsley",18138,664854
2024,"Ricky Vanasco","- - -",1,0,0,4,0,4,2.25,0,0,0.21428571428571427,0,0.642857142,0,94.99277750651042,6.75,4.154412003611784,2.666479778289795,3.4224839814007284,0.04995678924024105,90.26831275720166,102.59522633744855,3.907234888888889,53.84131444444445,48.012684888888884,-0.11323733333333333,3.4224839814007284,3.05735576297436,"Ricky Vanasco",23391,676568
2024,"Steven Cruz","KCR",0,0,0,5,0,5.2,6.352941889251472,0,0,0.07142857142857142,1,0.428571428,0,97.99254977318549,0,1.30420250588665,1.7547149140116902,3.3556651708095657,0.09642843157052994,119.31880000000004,115.26060000000001,4.050046463414635,52.30888999999999,48.01101975609757,-0.018030853658536534,3.3556651708095657,3.037938963103238,"Steven Cruz",23165,674444
2024,"Joe Jiménez","ATL",1,5,3,69,0,68.2,10.747573213579981,3.0145632184431657,0.26213593203853613,0.25903614457831325,0.72254335,0.419161676,0.028169014,94.636664388668,2.6213593203853613,2.569237803615505,2.336382660167764,3.521129259993768,1.8246062994003296,103.64860294117652,105.44049632352937,3.6332429201101935,56.78151001836545,47.234822268135886,-0.2958997520661157,3.521129259993768,3.037028733626935,"Joe Jimenez",15761,641729
2024,"Sonny Gray","STL",13,9,0,28,28,166.1,10.983968271747605,2.1102205054096386,1.1362725798359592,0.29876543209876544,0.67917206,0.423076923,0.142857142,92.57662771507665,3.8416834842072904,3.6564511125509465,3.124395608666241,2.819376976380927,3.8114938735961914,97.32378487666801,107.14019409623934,3.1572851729686247,61.88893606596942,57.9481038294449,-0.6132050965406275,2.819376976380927,3.0309612324089628,"Sonny Gray",12768,543243
2024,"Gregory Santos","SEA",0,1,0,8,0,7.1,7.3636385980723205,1.22727309967872,0,0.30434782608695654,0.55555556,0.565217391,0,,4.90909239871488,2.973335599307836,2.348297711837315,3.379212847084088,0.1935652643442154,106.73118644067797,108.25440677966102,3.1661501785714288,61.793791428571424,62.84074535714286,-0.6072958928571428,3.379212847084088,3.0285646679562976,"Gregory Santos",21894,666619
2024,"Aaron Ashby","MIL",1,2,0,14,2,28.1,10.48235411726493,3.176470944625736,0.6352941889251472,0.24324324324324326,0.625,0.586666666,0.111111111,96.47104317801339,2.8588238501631626,3.022610990392711,2.813538562220269,2.856461554518226,0.6034631431102753,108.65441737953702,110.19618384804986,4.071869669421487,52.07469632231405,52.13574960743802,-0.0034816322314050355,2.856461554518226,3.010957052348232,"Aaron Ashby",23550,676879
2024,"Troy Taylor","SEA",0,0,1,21,0,19.1,11.63793179991701,3.258620903976763,1.8620690879867217,0.24444444444444444,0.85365854,0.3125,0.181818181,97.11894323470744,3.7241381759734433,3.1683499917860964,4.356135028947978,3.3870410826349295,-0.00576270604506135,108.69365853658535,101.23878048780487,4.221089148936171,50.47345209726442,47.11160860182371,0.09599805471124613,3.3870410826349295,3.0088048368709526,"Troy Taylor",31883,700187
2024,"Raisel Iglesias","ATL",6,2,34,66,0,69.1,8.826923724462342,1.6875001237942713,0.5192308073213142,0.19883040935672514,0.7231405,0.444444444,0.058823529,95.70596655009025,1.9471155274549283,2.2856490516174386,2.647248970968481,3.380180346222837,1.5774812698364258,107.48685032139579,109.4008631772268,3.203601702586207,61.39193702586208,55.432823545258636,-0.5823272413793104,3.380180346222837,3.00868320401202,"Raisel Iglesias",17130,628452
2024,"Bryan Abreu","HOU",3,3,1,78,0,78.1,11.834043321587961,3.6765959834059685,1.0340426203329287,0.2857142857142857,0.82938389,0.404371584,0.116883116,96.89746418189368,3.102127860998786,3.253697061877807,3.4856287351826745,3.478283806353638,0.8758917450904846,108.98872110939908,101.01909090909095,3.6849449187935037,56.22670104408351,62.48969124516629,-0.2614318484145397,3.478283806353638,3.0083191941580703,"Bryan Abreu",16609,650556
2024,"Michel Otañez","OAK",1,0,1,36,0,34,14.558826796324515,5.2941188350270965,0.5294118835027096,0.352112676056338,0.74152542,0.383561643,0.0625,98.09764840612449,3.441177242767613,2.519196050275536,2.7253032087042035,3.3836642093511315,0.6855605244636536,124.46376039933445,101.65088186356073,4.181972890365448,50.89318882059801,62.77194006644518,0.06992046511627904,3.3836642093511315,2.9885798839624855,"Michel Otanez",22533,671305
2024,"Yosver Zulueta","CIN",0,0,0,12,0,16.1,11.020409021214778,3.8571431574251727,1.1020409021214779,0.3333333333333333,0.64356436,0.634146341,0.2,95.93956580528847,4.959184059546651,3.3621691870195325,3.7787247239128385,3.112607369741817,0.059607602655887604,107.90759581881532,97.25414634146337,4.732314652777777,44.987586979166664,55.4247678125,0.4368146180555555,3.112607369741817,2.9799237929816074,"Yosver Zulueta",27765,691172
2024,"Kevin Ginkel","ARI",8,3,5,72,0,70,9.90000215802921,1.9285718489667292,0.7714287395866917,0.33157894736842103,0.71246819,0.438144329,0.086956521,96.1226097020934,3.2142864149445485,3.234488756348698,2.852193995495217,3.2283166493307176,1.2588701248168945,94.93951137320974,107.16588037068234,3.6915317890295363,56.15603643881858,50.4346026413502,-0.25704079324894513,3.2283166493307176,2.9734867784333203,"Kevin Ginkel",19876,656464
2024,"Brooks Raley","NYM",1,0,0,8,0,7,11.571430147910819,3.8571433826369397,0,0.15384615384615385,1,0.307692307,0,,0,3.333685322506421,1.8807653174108157,3.6087751599441784,0.3008638024330139,132.38453781512607,122.24084033613447,2.7540091596638656,66.21642932773109,70.50754411764706,-0.8820556302521009,3.6087751599441784,2.970313084014893,"Brooks Raley",10061,548384
2024,"Kaleb Ort","HOU",1,1,0,22,0,24.2,9.486488198084892,1.4594597227822912,2.5540545148690095,0.16071428571428573,1,0.338709677,0.205882352,97.55764124076354,2.5540545148690095,3.030898557364,5.234047718898041,3.6289779351769167,-0.2159852683544159,114.52000000000002,114.05342465753426,3.0411209289617487,63.13548642076503,63.90579617486339,-0.6906477322404371,3.6289779351769167,2.9699604388711056,"Kaleb Ort",20061,672391
2024,"Josh Maciejewski","NYY",0,0,0,4,0,7,9,2.5714285714285716,1.2857142857142858,0.17647058823529413,0.86956522,0.555555555,0.25,90.75949928977273,2.5714285714285716,3.827308763046711,3.8807654925755095,2.887627438988005,0.0118892015889287,85.62104166666666,81.46083333333333,5.6754215624999995,34.867212187499995,42.684749374999996,1.0655538541666667,2.887627438988005,2.9462434895907856,"Josh Maciejewski",21310,656671
2024,"Andrés Muñoz","SEA",3,7,22,60,0,59.1,11.679777033054464,3.9438208163560526,0.910112496082166,0.20833333333333334,0.85271318,0.523809523,0.162162162,98.56423539959016,2.1235958241917205,2.9152054241927443,3.3518730645287547,2.9801479137674898,0.6240898370742798,113.63221871713986,102.71184016824391,4.149382583783784,51.24291254054056,62.47359353513514,0.04819357837837833,2.9801479137674898,2.9417176575830655,"Andres Munoz",20373,662253
2024,"Yimi García","- - -",3,0,5,39,0,39,11.307694519765711,2.7692313109630313,1.3846156554815157,0.20238095238095238,0.76923077,0.272727272,0.122448979,96.56106770833334,3.461539138703789,2.9256069880421895,3.730582452745228,3.630285302480226,0.40387779474258423,122.17623493208833,120.70557717883413,2.996934951612903,63.60963572580644,59.650960193548386,-0.7201047096774195,3.630285302480226,2.9141772901805147,"Yimi Garcia",12095,554340
2024,"Nick Nelson","PHI",0,0,0,4,0,5.1,13.500000804662752,3.375000201165688,0,0.5333333333333333,0.72727273,0.333333333,0,94.79094989483173,5.062500301748532,3.155886031401577,1.8539797000586942,3.8384908515109766,0.12834660708904266,93.82333333333334,90.82104166666666,4.097702812500001,51.797513437499994,49.5508396875,0.013739687500000005,3.8384908515109766,2.902066358321999,"Nick Nelson",20153,656793
2024,"Tyler Glasnow","LAD",9,6,0,22,22,134,11.283582089552239,2.3507462686567164,1.007462686567164,0.2532894736842105,0.69811321,0.485714285,0.136363636,96.41026368261826,3.4925373134328357,2.652902212316274,2.8978230618718848,2.6838001117555064,3.8963849544525146,107.53906514172051,111.7330979612133,3.4570621272365805,58.6720797862823,67.70315613320079,-0.4133530119284294,2.6838001117555064,2.9002358520346823,"Tyler Glasnow",14374,607192
2024,"Josh Winder","MIN",0,0,0,4,0,9,10,1,0,0.28,0.6,0.4,0,95.11592511432927,3,2.9230567472167555,1.9442575560675728,4.128269698388047,0.20035511255264282,95.66425531914894,97.60468085106383,4.890521418439715,43.28983397163121,45.819282765957446,0.5422865957446809,4.128269698388047,2.897097508606577,"Josh Winder",24606,680739
2024,"Tarik Skubal","DET",18,4,0,31,31,192,10.6875,1.640625,0.703125,0.27253218884120173,0.8,0.45702306,0.087719298,96.99477782943677,2.390625,2.6851972148481353,2.4946047782897955,2.8256122650811455,5.9618635177612305,112.19324152542373,112.02959745762715,3.2587515585774054,60.80011138075314,58.99699554393305,-0.5455598396094838,2.8256122650811455,2.8893415627543417,"Tarik Skubal",22267,669373
2024,"Clay Holmes","NYY",3,5,30,67,0,63,9.714287478907899,3.1428577137643203,0.5714286752298764,0.3218390804597701,0.70528967,0.649717514,0.117647058,97.45304870605469,3.1428577137643203,3.252546246439863,3.023622609482326,3.014230319070536,1.1604137420654297,125.77850138760412,121.90016651248845,3.664826156682027,56.44260840552995,60.02342128110599,-0.2748441382488478,3.014230319070536,2.873685002746116,"Clay Holmes",13649,605280
2024,"Luke Weaver","NYY",7,3,4,62,0,84,11.035716290376989,2.7857147917456477,1.0714287660560182,0.22340425531914893,0.79411765,0.364102564,0.109890109,95.77221421142208,2.8928576683512492,3.3007142521648434,3.3331464752318425,3.423536550772711,0.9817817211151123,100.21408491947291,101.97685212298681,4.063209505094613,52.16761122270742,56.07538969432314,-0.009255320232896672,3.423536550772711,2.866379321068716,"Luke Weaver",16918,596133
2024,"Joely Rodríguez","BOS",0,1,0,14,0,13.2,7.902441046339163,1.3170735077231939,1.9756102615847908,0.34782608695652173,0.50561798,0.591836734,0.333333333,,5.926830784754372,4.76043643199118,4.922577788587387,3.064631629498595,-0.11061926931142807,101.64758064516128,97.45887096774193,3.44680016064257,58.78220955823293,50.45945843373494,-0.42019493975903616,3.064631629498595,2.8657759590148926,"Joely Rodriguez",11487,570257
2024,"Kirby Yates","TEX",7,2,33,61,0,61.2,12.405406684401918,4.086486907802985,0.4378378829788912,0.16806722689075632,0.88114754,0.454545454,0.058823529,93.3921148838141,1.16756768794371,1.8576134852330684,2.5016148448774045,3.1196542932023377,1.8954391479492188,96.68236097560971,94.00003902439022,4.4194752525252525,48.34459283838382,46.82695946464645,0.22825543434343434,3.1196542932023377,2.8491652202237674,"Kirby Yates",9073,489446
2024,"Kevin Kelly","TBR",5,2,1,68,0,70.2,8.023586926914017,1.1462267038448595,0.8915096585460018,0.26804123711340205,0.75949367,0.567839195,0.129629629,92.21830055930398,2.6745289756380055,3.3512266909446633,3.2655364070171284,3.133203174661399,0.7703973054885864,121.68229795520934,115.37758519961045,2.4473906679574062,69.5066906679574,61.13503804453049,-1.0864680058083251,3.133203174661399,2.834466191963464,"Kevin Kelly",25679,687330
2024,"Lucas Erceg","- - -",2,6,14,61,0,61.2,10.508109841524664,2.3351355203388144,0.43783791006352774,0.2948717948717949,0.67365269,0.465408805,0.061224489,98.84966603562286,3.356757310487046,3.1863028595214757,2.5340472415313657,3.103048609526815,1.674403429031372,111.37495697145567,115.11779000961734,3.376640031678986,59.5350729250264,59.78398630411826,-0.4669679303062302,3.103048609526815,2.832863559848881,"Lucas Erceg",19360,668674
2024,"Eduard Bazardo","SEA",2,0,0,23,0,27.2,10.734940745796363,2.9277111124899173,0.6506024694422039,0.28125,0.53435115,0.553846153,0.09090909,94.5596348786157,4.8795185208165295,2.3818942732208837,2.6966002170259813,2.959161142493741,0.2841310501098633,104.89731818181812,101.8926818181818,3.1857092063492063,61.58393798185941,49.55861961451247,-0.5942560317460318,2.959161142493741,2.813153983413542,"Eduard Bazardo",20997,660825
2024,"Sean Hjelle","SFG",3,4,0,58,0,80.2,8.367769650264728,1.5619836680494157,1.115702620035297,0.31759656652360513,0.74157303,0.589958158,0.188679245,,3.9049591701235395,3.5767035352863297,3.625157522082084,3.007014206896298,0.30424395203590393,106.74772689425475,109.71127393838468,3.7643329942100894,55.37479590570719,48.948988990901555,-0.20850604631927214,3.007014206896298,2.813068949686937,"Sean Hjelle",21481,663546
2024,"Matt Andriese","MIA",0,1,0,4,0,6,10.5,1.5,3,0.3125,0.57692308,0.5,0.25,91.60909016927083,6,4.769384477979463,5.666479778289796,3.349157653252284,-0.0854489654302597,91.60249999999999,93.37954545454545,3.9500885393258423,53.38154606741573,46.47476617977529,-0.08466887640449439,3.349157653252284,2.8124051179987415,"Matt Andriese",12022,542882
2024,"Chris Sale","ATL",18,3,0,29,29,177.2,11.397749245462858,1.975609869213562,0.4559099698185143,0.31353919239904987,0.7981756,0.448356807,0.062937062,94.94208480046949,2.380863175718908,2.7822302887056574,2.0858042942755386,2.6442501166237466,6.4253740310668945,104.22758179231862,109.77763157894734,3.341738516678495,59.90960780695529,47.75242788147624,-0.4902360220014194,2.6442501166237466,2.803292149652315,"Chris Sale",10603,519242
2024,"J.B. Bukauskas","MIL",0,0,0,6,0,6,9.000002861023859,1.5000004768373099,1.5000004768373099,0.14285714285714285,1,0.466666666,0.2,,1.5000004768373099,7.170163815114796,3.8331466568841552,2.9264867071829412,0.0162214208394289,98.39318181818182,98.01931818181816,4.6571755681818185,45.79388125,42.354167045454545,0.3867219318181819,2.9264867071829412,2.775125782453653,"J.B. Bukauskas",20491,656266
2024,"Andrew Nardi","MIA",3,2,0,59,0,49.2,12.684566356390905,3.2617456345005182,1.2684566356390905,0.32456140350877194,0.63909774,0.316666666,0.114754098,94.23304219600726,5.073826542556362,2.8087916579435905,3.327553636783648,3.3523693354139605,0.7101933360099792,106.45112831858401,109.07225663716818,2.7900269536423834,65.82993005518766,62.20668377483444,-0.8580438079470198,3.3523693354139605,2.769727582240861,"Andrew Nardi",25942,677053
2024,"Michael McGreevy","STL",3,0,0,4,3,23,7.043478260869565,0.782608695652174,0.391304347826087,0.234375,0.79545455,0.625,0.09090909,93.14202168782552,1.9565217391304348,3.5571693450029445,2.5577841261158816,2.715701189961122,0.6208943575620651,90.93254228870002,109.66874692811207,3.631196237942123,56.803466495176856,41.56601482315112,-0.2972625080385852,2.715701189961122,2.766830581498455,"Michael McGreevy",29869,700241
2024,"Justin Slaten","BOS",6,2,2,44,0,55.1,9.433735806911956,1.4638555562449587,0.6506024694422039,0.2847682119205298,0.70610687,0.5,0.088888888,96.57988937762605,2.9277111124899173,3.258495652181224,2.606238762936786,2.896125144040805,1.4673744440078735,108.06471604938271,110.72822222222226,3.7760106527093593,55.2495009729064,60.52930960591134,-0.20072115763546794,2.896125144040805,2.764214895805359,"Justin Slaten",25648,686580
2024,"Ryan Burr","TOR",0,2,0,34,4,32.2,12.94898249009772,3.30612318896112,1.10204106298704,0.32894736842105265,0.71428571,0.325,0.111111111,94.05966362847222,4.1326539862014,3.558874175827628,3.074643023040875,3.1491012832976812,0.46346278488636017,92.74371929824561,92.05371929824562,4.5733992426157775,46.692861270248365,49.92073237725376,0.33087080847615574,3.1491012832976812,2.7617917475877194,"Ryan Burr",17536,621114
2024,"Seth Halvorsen","COL",2,1,2,12,0,12.1,9.486487464542643,1.4594596099296373,1.4594596099296373,0.21428571428571427,0.97560976,0.466666666,0.142857142,100.06078125,1.4594596099296373,2.6941825633334386,3.8962095832546138,3.504435301276725,0.18439456820487976,113.77114285714283,123.95961904761904,2.5368131843575417,68.54709067039107,64.86444810055866,-1.0268523463687151,3.504435301276725,2.753858572042303,"Seth Halvorsen",33294,678020
2024,"Nabil Crismatt","LAD",1,1,0,5,0,7,7.714285714285714,0,1.2857142857142858,0.3157894736842105,0.71428571,0.45,0.166666666,90.9429867393092,2.5714285714285716,5.481301086030033,3.309336921146938,2.7482012693371094,0.06269049644470215,89.661914893617,104.45106382978727,3.036828817204301,63.18154892473118,53.67874086021505,-0.6935084946236559,2.7482012693371094,2.747323767666372,"Nabil Crismatt",17732,622503
2024,"Fernando Cruz","CIN",3,8,0,69,3,66.2,14.715003087330512,4.72500099134466,1.2150002549171983,0.3358208955223881,0.69767442,0.357142857,0.176470588,94.80318019701087,4.860001019668793,3.9394538145339615,3.271479800319677,2.673166105548196,1.1860056519508362,104.08015470580555,95.94474033536652,4.0383498595258995,52.43438300263391,55.04217088674277,-0.02582846356453048,2.673166105548196,2.7426362166724356,"Fernando Cruz",7048,518585
2024,"Dylan Lee","ATL",4,2,0,52,0,59.2,11.463689105273899,2.5642462472323193,1.0558661018015434,0.3,0.83629893,0.351724137,0.106060606,92.5487733004386,2.1117322036030868,2.615517568324432,2.998881984353042,3.1462432632862205,0.7830778956413269,104.50185011709597,105.40016393442629,3.6423463962920044,56.68382876013904,48.5214055388181,-0.2898309501738123,3.1462432632862205,2.727364191515293,"Dylan Lee",19996,669276
2024,"Nick Pratto","KCR",0,0,0,1,0,1,9,0,0,0.3333333333333333,1,0.333333333,0,78.68641764322916,0,2.590274909570445,1.166479778289795,2.6784881845116617,0.029633302241563797,83.9,78.94,8.24919,20,20,2.7814,2.6784881845116617,2.7268540840148927,"Nick Pratto",22117,668472
2024,"Marc Church","TEX",0,0,0,1,0,1,9,0,0,0.3333333333333333,1,0.333333333,0,96.6734619140625,0,4.1429379445172865,1.166479778289795,2.6784881845116617,0.01836901716887951,109.95333333333333,120.05866666666667,1.76934,76.78267,52.46674,-1.5385,2.6784881845116617,2.7268540840148927,"Marc Church",26353,687847
2024,"Paul Skenes","PIT",11,3,0,23,23,133,11.503759398496241,2.1654135338345863,0.6766917293233082,0.28378378378378377,0.8559322,0.513157894,0.106382978,98.86830223321343,1.962406015037594,2.5029111064749023,2.4446752670115997,2.5358691781759264,4.267452239990234,108.49213714285713,115.33996952380954,3.6231785707569344,56.88952263751763,52.235115166901736,-0.3026091067230842,2.5358691781759264,2.7140478644684807,"Paul Skenes",33677,694973
2024,"Robert Garcia","WSN",3,6,0,72,0,59.2,11.312852537270988,2.4134085412844777,0.6033521353211194,0.32903225806451614,0.57228916,0.467532467,0.08,94.6184765625,4.223464947247836,2.5169577258637332,2.378770046065,2.7743079346531694,1.5273667573928833,103.2522799575822,105.70759278897137,3.078841656118145,62.73070765822788,59.15541710970464,-0.6655004852320675,2.7743079346531694,2.7127469874712973,"Robert Garcia",23363,676395
2024,"Orion Kerkering","PHI",5,3,0,64,2,63,10.57142985164459,2.4285717226751085,0.2857143203147186,0.3141025641025641,0.76502732,0.53548387,0.051282051,97.73459216270327,2.285714562517749,3.196443661632161,2.4204479419124745,2.943754796438939,1.4712743405252695,119.36292550037128,123.16851809405883,2.3631937110465535,70.41021010533093,66.87156361044384,-1.1425992232907412,2.943754796438939,2.7101565829354635,"Orion Kerkering",31776,689147
2024,"Keegan Akin","BAL",3,1,1,66,0,78.2,11.09746013842505,2.1737293054647004,1.0296612499569635,0.24731182795698925,0.70977918,0.37037037,0.097826086,93.92152652877698,3.317797360972438,2.4681040799559932,2.9885136363219247,3.2695065817620836,1.4354134798049927,111.18338461538463,109.31023481781381,3.0316475632377746,63.23714299325465,56.85954322091064,-0.6969634654300167,3.2695065817620836,2.700322545864837,"Keegan Akin",19362,669211
2024,"David Robertson","TEX",3,4,2,68,0,72,12.375001311302324,3.3750003576279064,0.6250000662273901,0.3,0.76923077,0.487804878,0.092592592,,3.0000003178914727,3.1665192535608204,2.6525908349472744,2.8838193863377555,1.8453360795974731,111.79049586776861,109.18715702479338,4.31239871966527,49.49362358995816,55.18746510460253,0.15687061924686196,2.8838193863377555,2.6917242015388076,"David Robertson",8241,502085
2024,"Cole Sands","MIN",9,1,4,62,0,71.1,10.72430097710101,1.5140189614730837,0.7570094807365418,0.2896174863387978,0.6851312,0.367021276,0.074074074,95.65833216028528,3.2803744165250146,3.3961273183401213,2.633769402956673,3.257218311809954,1.5190880298614502,98.58461005199305,105.98093587521667,4.130410493934145,51.44650367417679,42.32158824956671,0.03554495667244372,3.257218311809954,2.6757039152068054,"Cole Sands",21461,663485
2024,"Blake Treinen","LAD",7,3,1,50,0,46.2,10.800000588553324,2.1214286870372603,0.9642857668351182,0.2545454545454545,0.8974359,0.447368421,0.111111111,94.19412157012195,1.9285715336702365,2.4293812344523458,2.9950511975191074,3.0602021642120674,1.0153526067733765,104.83355102040817,110.77425850340131,3.488133500678425,58.338645088195385,55.5350834192673,-0.39263887381275436,3.0602021642120674,2.6727748010898034,"Blake Treinen",12572,595014
2024,"Sam Hentges","CLE",0,0,0,25,0,23.2,10.267609219589229,1.9014091147387462,1.1408454688432477,0.26785714285714285,0.79787234,0.47368421,0.15,95.04112413194444,3.042254583581994,2.648721588320794,3.166479778289795,2.7963459078059314,0.26144957542419434,100.19342857142858,109.39960000000002,3.276539202279202,60.609243076923065,51.850906125356126,-0.5337017094017094,2.7963459078059314,2.6522857782212736,"Sam Hentges",18548,656529
2024,"Emmanuel Clase","CLE",4,2,47,74,0,74.1,7.991031116741125,1.210762290415322,0.2421524580830644,0.19473684210526315,0.85062241,0.57368421,0.04347826,,0.605381145207661,2.4544813801537,2.2247757746334336,2.810682301936149,2.242258071899414,127.97877016129034,128.20959677419353,2.4102338617886176,69.90541351626017,68.29077097560975,-1.1112393089430894,2.810682301936149,2.6356106529051515,"Emmanuel Clase",21032,661403
2024,"Aaron Bummer","ATL",4,3,0,56,0,55.1,11.222894145297808,2.9277115161646456,0.3253012795738495,0.38562091503267976,0.72890026,0.597315436,0.071428571,93.72344970703125,3.5783140753123446,2.8104488916814727,2.226720526187563,2.521953763445943,1.0976227521896362,114.08185185185184,106.46197530864197,3.3598178358974353,59.71560772307692,54.627717148717956,-0.47818314871794876,2.521953763445943,2.635418423998699,"Aaron Bummer",16258,607481
2024,"Mark Leiter Jr.","- - -",4,5,0,60,0,58,13.344831096999359,3.4137940015579753,1.2413796369301728,0.34306569343065696,0.66860465,0.458333333,0.166666666,91.8655029296875,4.500001183871877,3.414261261580962,3.287169465213562,2.7453831761040255,1.1324023008346558,88.77805774554116,93.4194613843762,4.271366402247164,49.93393293996827,47.953948804756735,0.12951573732988228,2.7453831761040255,2.6304549751281736,"Mark Leiter Jr.",15551,643410
2024,"Jacob deGrom","TEX",0,0,0,3,3,10.2,11.812500704079909,0.843750050291422,0.843750050291422,0.37037037037037035,0.94827586,0.37037037,0.083333333,97.67597903481013,1.687500100582844,2.4871645870966574,2.322729727998373,2.8049892137428785,0.3932059109210968,115.98374269005849,131.4156725146199,1.6734205813953487,77.81200674418604,64.12770674418606,-1.6024484302325581,2.8049892137428785,2.589846397415837,"Jacob deGrom",10954,594798
2024,"Hunter Bigge","- - -",0,0,1,19,1,17.1,12.461540104193311,2.5961541883736063,1.0384616753494427,0.35714285714285715,0.88541667,0.295454545,0.111111111,97.53692454537429,2.5961541883736063,3.942396898957267,2.7626335712094563,2.832796156150084,0.28120114002376795,103.84954074074072,111.0195398148148,3.2060733666666668,61.365392799999995,68.3736922,-0.5806800666666667,2.832796156150084,2.588800437455275,"Hunter Bigge",26259,685801
2024,"Andrew Wantz","LAA",0,0,0,1,0,1.1,20.250004827977378,6.750001609325793,6.750001609325793,0,1,0,0.5,94.89863804408482,6.750001609325793,5.986729449273405,10.666481566429564,3.1844923919171366,-0.0722869485616684,104.70342857142857,123.7845714285714,3.06018,62.93095,60.86250999999999,-0.67794,3.1844923919171366,2.5701735186859485,"Andrew Wantz",24933,681806
2024,"Danny Coulombe","BAL",1,0,1,33,0,29.2,9.707868497310509,1.516854452704767,0.9101126716228602,0.1791044776119403,0.82278481,0.485714285,0.107142857,90.85235236672794,2.1235962337866736,2.9425028277431955,2.8294010110220693,2.941858421747514,0.5361840128898621,105.68051282051287,106.09098290598288,4.476781158798284,47.72964723175966,52.02132343347639,0.26645944206008587,2.941858421747514,2.5687753725526123,"Danny Coulombe",13293,543056
2024,"Drew Rasmussen","TBR",0,2,1,16,4,28.2,10.988373067844574,1.8837210973447842,0,0.3333333333333333,0.67741935,0.533333333,0,97.48515963692196,2.8255816460171763,2.0620132099616617,1.3525261289948178,2.5656492602123038,0.976460188627243,128.48157835912554,118.63470510930976,2.3157036086956526,70.91981365217393,66.22540702173914,-1.1742593695652173,2.5656492602123038,2.546713904614672,"Drew Rasmussen",25385,656876
2024,"Garrett Crochet","CHW",6,12,0,32,32,146,12.883561643835616,2.0342465753424657,1.1095890410958904,0.3181818181818182,0.73637703,0.450867052,0.144,97.27986666341654,3.5753424657534247,2.8508351995356422,2.6870277234952744,2.378815742520845,4.625381946563721,115.6855108877722,115.8363400335008,2.4546369614896317,69.42896232754971,69.67515871773168,-1.0816373973762168,2.378815742520845,2.5324797444409644,"Garrett Crochet",27463,676979
2024,"Justin Topa","MIN",0,0,0,3,0,2.1,7.714286765273879,0,0,0.16666666666666666,1,0.5,0,,0,1.0636703841605823,1.4521938304511552,2.748201212351177,0.06193465366959572,97.34700000000001,92.75899999999999,1.548437,79.1531765,54.233124999999994,-1.6857695,2.748201212351177,2.5238228340148927,"Justin Topa",15145,623437
2024,"Nick Hernandez","HOU",0,0,0,5,0,8,11.250001341104667,1.1250001341104667,4.500000536441867,0.3157894736842105,0.74074074,0.391304347,0.444444444,90.87237079326923,7.875000938773267,4.163764873804252,7.541480299830499,2.7424891847457777,-0.13798926770687103,87.03294964028777,89.39841726618704,4.024448723404255,52.5835790070922,45.98497574468085,-0.035096950354609954,2.7424891847457777,2.503088939894021,"Nick Hernandez",19281,663321
2024,"Jhoan Duran","MIN",6,9,23,58,0,54.1,10.932516360840252,2.4846628092818754,0.6625767491418334,0.32116788321167883,0.61514196,0.608695652,0.137931034,100.42614032033426,3.644172120280084,2.816137326162552,2.8535963134172624,2.7035639763129105,1.193232536315918,124.95506678539624,114.96336598397147,3.983908448471122,53.01858725934315,51.73580011325027,-0.06212263873159682,2.7035639763129105,2.5020077025154035,"Jhoan Duran",21029,661395
2024,"Clayton Beeter","NYY",0,0,0,3,0,3.2,12.272729400761241,2.454545880152248,0,0.4444444444444444,0.6,0.333333333,0,95.03036678538604,4.909091760304496,3.5468192467628015,1.2573885381713799,2.4944865395871965,0.08838222920894623,104.55019607843138,108.66627450980391,3.1424482352941174,62.04814705882353,57.169082941176484,-0.6230947058823528,2.4944865395871965,2.4774490801299596,"Clayton Beeter",27494,690925
2024,"Ryan Walker","SFG",10,4,10,76,1,80,11.137501062154872,2.0250001931190673,0.5625000536441854,0.2542372881355932,0.82857143,0.469273743,0.086206896,94.84207153320312,1.9125001823902303,2.6137226304616377,2.5164797163009585,2.800185837868136,1.7019689865410328,111.32352110040814,109.54935714261234,2.8596110489931554,65.08323305147789,55.14710690972699,-0.8116542567948661,2.800185837868136,2.445474578882208,"Ryan Walker",20423,676254
2024,"Chris Martin","BOS",3,1,2,45,0,44.1,10.150376230982049,0.6090225738589229,1.0150376230982048,0.35294117647058826,0.67391304,0.462809917,0.131578947,94.89652286022168,3.4511279185338966,3.37153736872868,2.7830211206749174,2.6128629075936445,0.8968307375907898,104.29587786259545,109.06418320610696,3.2879610030395137,60.486679133738605,41.82960352583585,-0.5260874772036472,2.6128629075936445,2.434122666148168,"Chris Martin",11847,455119
2024,"Jeff Hoffman","PHI",3,3,10,68,0,66.1,12.075377810329863,2.1708544378121104,0.8140704141795414,0.2781456953642384,0.80204778,0.375796178,0.09375,96.85885847107438,2.1708544378121104,2.928357682004927,2.5182385225542343,2.801181328141988,2.0313034057617188,114.90598726114642,110.0605095541401,3.341040110998991,59.917093370333,66.18339017154392,-0.49070167507568113,2.801181328141988,2.394337756721309,"Jeff Hoffman",17432,656546
2024,"Jeremiah Estrada","SDP",6,3,1,62,0,61,13.868855060925418,3.393443259588134,0.5901640451457624,0.2900763358778626,0.72390572,0.350746268,0.068965517,97.22673473324515,2.9508202257288123,2.5699237478468095,2.068118916490737,2.653307346946776,1.6306425333023071,107.00978000000005,121.11625999999995,3.0527728585657377,63.01045343625495,67.83449749003982,-0.6828797111553788,2.653307346946776,2.38890368396469,"Jeremiah Estrada",22210,669093
2024,"Josh Hader","HOU",8,8,34,71,0,71,13.30986058515743,3.1690144250374837,1.521126924017992,0.22962962962962963,0.68965517,0.303448275,0.157894736,,3.80281731004498,2.696703568328289,3.5045079836271267,2.925812694299904,0.9495227932929993,113.08558899398109,119.41007738607044,2.5140549523809526,68.79133114285712,76.76060781818182,-1.0420248831168828,2.925812694299904,2.3818619705685755,"Josh Hader",14212,623352
2024,"Matt Strahm","PHI",6,2,3,66,0,62.2,11.345745831930468,1.5797873943194323,0.5744681433888844,0.23357664233576642,0.82278481,0.314285714,0.057142857,93.56609806459566,1.8670214660138744,2.483135638190294,2.2888201147789995,3.1479785280435646,2.053710460662842,115.10006066734073,111.29842264914052,2.752924224318659,66.2280863312369,52.89990120545073,-0.8827790461215933,3.1479785280435646,2.371325891962523,"Matt Strahm",13799,621381
2024,"Nick Loftin","KCR",0,0,0,1,0,1,0,0,0,0.3333333333333333,1,0.666666666,0,56.32548904418945,0,14.039698366650653,3.166479778289795,3.166479778289795,0.00551127502694726,31.762500000000003,37.605,10.3431,20,20,4.17734,3.166479778289795,2.3160624232535594,"Nick Loftin",27630,679845
2024,"Devin Williams","MIL",1,0,14,22,0,21.2,15.784615847796392,4.569230903309482,0.41538462757358924,0.25,0.92592593,0.432432432,0.071428571,94.68864010167464,1.2461538827207677,2.101044831657164,2.058787438093557,2.4357774962530936,0.8337991833686829,114.80117647058822,105.4080818414322,3.3564702557544757,59.75152017902815,76.58426240409207,-0.4804150639386188,2.4357774962530936,2.305961528383932,"Devin Williams",15816,642207
2024,"Edwin Díaz","NYM",6,4,20,54,0,53.2,14.086958190604996,3.354037664429761,1.1739131825504163,0.28431372549019607,0.73170732,0.440366972,0.155555555,97.59613669397463,3.521739547651249,2.483024330124616,3.017411437648472,2.5895923487040653,1.0761754512786865,114.59342105263163,113.50451754385968,3.493142614879649,58.28491554704595,70.41176431072209,-0.3892997045951859,2.5895923487040653,2.256044671176436,"Edwin Diaz",14710,621242
2024,"Alek Jacob","SDP",0,0,0,7,0,14.2,11.659092172610995,1.2272728602748415,0.6136364301374208,0.24242424242424243,0.77586207,0.294117647,0.066666666,87.13965363198139,2.454545720549683,2.871929556388166,2.280116045869076,2.9401247146679528,0.24821563065052032,107.07422413793104,106.17431034482757,4.0108950000000005,52.728995638297874,63.81706749999999,-0.04413271276595744,2.9401247146679528,2.240345889620685,"Alek Jacob",29628,689690
2024,"Mason Montgomery","TBR",0,0,0,9,0,9.2,15.827588809373266,4.655173179227431,0,0.4,0.81818182,0.6,0,97.22341202445652,1.8620692716909724,3.531971936578408,1.200962213727102,1.8266209674524752,0.316844642162323,122.39506329113925,119.64620253164554,2.186015974842767,72.31145993710692,72.57441861635219,-1.2607174842767297,1.8266209674524752,2.2178459590072626,"Mason Montgomery",29770,682254
2024,"Tony Santillan","CIN",3,3,0,29,1,30,13.800002632141615,2.700000514984229,1.2000002288818796,0.2698412698412698,0.77868852,0.323076923,0.133333333,97.27961570338199,3.000000572204699,2.409090045300169,2.733146362304672,2.5118213929788173,0.7582406485453248,103.79306219640749,116.06051609169268,3.044270455445545,63.10168621782178,51.007621306930695,-0.6885482178217821,2.5118213929788173,2.1875751521931344,"Tony Santillan",19926,663574
2024,"Cade Smith","CLE",6,1,1,74,0,75.1,12.305311811550412,2.0309737941393884,0.11946904671408168,0.30303030303030304,0.79022989,0.436363636,0.016949152,96.09155939826303,1.9115047474253068,2.497331961244542,1.4009927546261436,2.4126101284819432,2.6926159858703613,104.04350515463913,108.14058419243983,2.8958336277873067,64.69453138936535,56.95735162092624,-0.7875056089193825,2.4126101284819432,2.1587212387582637,"Cade Smith",27867,671922
2024,"Erik Sabrowski","CLE",0,0,1,8,0,12.2,13.500002710443338,2.842105833777545,0,0.25,1,0.208333333,0,92.67867667214912,0,1.5720720403095032,1.1138477872282349,2.6656461999107384,0.3921062648296356,104.31646464646462,107.29333333333332,3.7045646969696966,56.01619732323232,52.81178606060605,-0.2483519191919192,2.6656461999107384,2.1494723964190254,"Erik Sabrowski",24978,681870
2024,"Griffin Jax","MIN",5,5,10,72,0,71,12.042254815142437,1.90140865502249,0.5070423080059974,0.26875,0.77054795,0.52173913,0.076923076,97.09996285467791,2.0281692320239895,2.380353069292193,1.9411275339419682,2.3161196463997125,2.6004717350006104,109.60176194939089,129.09900656044996,1.7303174403056345,77.20148233046801,78.07562514804205,-1.5645168576886344,2.3161196463997125,2.147908752252176,"Griffin Jax",20253,643377
2024,"Dedniel Núñez","NYM",2,0,1,25,0,35,12.342859833387067,2.057143305564511,0.7714287395866917,0.27631578947368424,0.75539568,0.525641025,0.107142857,96.4945122722672,2.314286218760075,2.354676524560921,2.2236224299060607,2.318943461376176,0.9354884624481201,110.64208897485493,114.16661508704065,2.793243818181818,65.79541036363635,68.27246555555554,-0.8558994141414142,2.318943461376176,2.1251654101896875,"Dedniel Nunez",23055,673380
2024,"Edwin Uceta","TBR",2,0,5,30,0,41.2,12.312001878662397,1.7280002636719152,0.4320000659179788,0.26373626373626374,0.83850932,0.34065934,0.051282051,94.21927806712964,1.5120002307129259,1.9353554360857144,1.7024795549010892,2.493719543858397,1.656965970993042,102.9037724550898,106.61143712574852,3.5780083234421363,57.37422124629081,61.64605989614244,-0.33272256676557865,2.493719543858397,2.0969607957052285,"Edwin Uceta",20539,670955
2024,"Kris Bubic","KCR",1,1,1,27,0,30.1,11.571429784107186,1.4835166389881007,0.5934066555952403,0.32,0.67375887,0.561643835,0.105263157,93.16292081823671,2.6703299501785813,1.8650076644290685,1.9466994306773566,2.036638771472684,0.9188834428787231,94.9852132701422,109.60205371248028,2.8302836188436835,65.39793920770879,65.8052774732334,-0.8312058886509632,2.036638771472684,2.0857459609632145,"Kris Bubic",21455,663460
2024,"Sean Reynolds","SDP",0,0,0,9,0,11,17.181821161065738,4.090909800253747,0,0.45454545454545453,0.9375,0.38095238,0,96.94927201704546,0.8181819600507494,1.9041287397661701,0.9846612181544634,2.359214553060926,0.24861708283424377,107.76053333333334,100.91271111111114,4.080370177777778,51.983469066666665,61.3931396888889,0.0021855111111111587,2.359214553060926,2.026006885777914,"Sean Reynolds",22253,669308
2024,"Mason Miller","OAK",2,2,28,55,0,65,14.400001690204526,2.907692648983606,0.8307693282810303,0.2564102564102564,0.70564516,0.406504065,0.113207547,101.11999322755418,2.492307984843091,1.7763250263281847,2.1818642781048703,2.2147326747283302,2.33666729927063,129.13345703124995,120.41171875000002,2.6981238926829265,66.81612360000001,75.06959302439023,-0.9193124585365853,2.2147326747283302,1.9135996845798815,"Mason Miller",31757,695243
2024,"Kodai Senga","NYM",1,0,0,1,1,5.1,15.187500905245596,1.687500100582844,1.687500100582844,0.125,0.76923077,0.222222222,0.333333333,95.9504815463362,3.375000201165688,4.53000086950204,3.353979789465667,1.7669844233731715,0.14582286775112152,107.05123287671233,107.54739726027398,4.45301,47.98478,50.25211,0.25061,1.7669844233731715,1.6592553483702999,"Kodai Senga",31838,673540
2024,"Zach Logue","LAD",0,0,0,2,0,2,18,0,4.5,0.7142857142857143,0.43478261,0.5,0.5,91.49906158447266,18,2.7011286841852495,5.666479778289795,0.6784881845116617,-0.0043881358578801155,90.73069767441861,95.02976744186046,2.9234183720930234,64.39849488372093,38.81117558139535,-0.7691144186046511,0.6784881845116617,1.6450068661262818,"Zach Logue",20231,656657
2024,"Shane Bieber","CLE",2,0,0,2,2,12,15,0.75,0,0.4166666666666667,1,0.5,0,92.47847316576087,0,2.78507361867924,0.08314644495646206,0.5871492470304176,0.7693706154823303,90.35951807228915,98.25397590361446,4.216480000000001,50.52288999999999,47.52937500000001,0.09292500000000001,0.5871492470304176,1.3374920492290854,"Shane Bieber",19427,669456
2024,"Gavin Hollowell","CHC",0,0,0,1,0,1.1,6.750001609325793,0,0,0.4,1,1,0,94.226318359375,0,1.4926967878779636,1.6664794206618412,1.6664794206618412,0.021689239889383316,89.7562962962963,78.04148148148148,6.31734,27.97887,55.22093,1.4935,1.6664794206618412,0.5565624287025595,"Gavin Hollowell",25427,668970
2024,"Chasen Shreve","COL",0,0,0,1,0,1,0,0,0,0.25,1,1,0,89.29976399739583,0,7.53775646520876,3.166479778289795,3.166479778289795,0.01566561497747898,87.682,83.05,6.19464,29.295619999999996,39.32747,1.4117,3.166479778289795,-1.1832709159851076,"Chasen Shreve",10855,592741