Season,Name,Team,W,L,SV,G,GS,IP,K/9,BB/9,HR/9,BABIP,LOB%,GB%,HR/FB,vFA (pi),ERA,xERA,FIP,xFIP,WAR,Stuff+,Pitching+,botERA,botOvr,botStf,botxRV100,xFIP,SIERA,NameASCII,PlayerId,MLBAMID
2025,"Garrett Acton","TBR",0,0,0,1,0,1,0,18,0,0,1,0,0,93.83528406479779,0,3.329839607112616,9.135136318206786,13.760354262590408,-0.0399162620306015,82.77809523809522,32.06857142857143,8.48212,20,44.46368,2.88306,13.760354262590408,15.593841464929582,"Garrett Acton",27583,670183
2025,"Jacob Amaya","CHW",0,0,0,1,0,1,0,0,0,0,1,0,0,48.265848795572914,0,0.2603869089761358,3.1351363182067873,7.7603542625904085,0.0065490067936480045,27.120000000000005,74.02000000000001,,,,,7.7603542625904085,13.25016146492958,"Jacob Amaya",23296,676070
2025,"Michael Stefanic","TOR",0,0,0,1,0,1,0,0,0,0,1,0,0,61.37197004045759,0,0.43123565731247404,3.1351363182067873,7.7603542625904085,0.01780962385237217,59.99571428571429,107.74000000000001,11.87465,20,20,5.14475,7.7603542625904085,13.25016146492958,"Michael Stefanic",25353,683021
2025,"Miles Mastrobuoni","SEA",0,0,0,1,0,1,0,18,0,0.25,1,0.5,0,52.30771802819294,0,5.045020871381304,9.135136318206786,12.218614947795867,-0.029088027775287628,41.14608695652174,23.905217391304355,9.8663,20,35.85553,3.80585,12.218614947795867,11.72282812309758,"Miles Mastrobuoni",20017,670156
2025,"Kevin Newman","LAA",0,0,0,2,0,4,0,0,4.5,0.14285714285714285,0.83333333,0.0625,0.142857142,74.21334838867188,6.75,8.996561041137529,9.635136318206786,8.531223919987678,-0.09136925637722015,32.395,48.6609375,10.22725,20,20,4.04648,8.531223919987678,11.14725521492958,"Kevin Newman",17696,621028
2025,"Kyle Nelson","ARI",0,0,1,3,0,2,9,18,4.5,0,0.83333333,0,0.2,89.81915283203125,9,6.947676187144189,13.635136318206786,10.989484605193137,-0.16111581027507782,82.16090909090909,75.50181818181818,6.039393863636364,31.76235386363636,37.200500681818184,1.2545770454545453,10.989484605193137,10.616326749581477,"Kyle Nelson",20515,669459
2025,"Willi Castro","MIN",0,0,0,1,0,1,0,0,0,0.25,1,0,0,54.64143371582031,0,1.7540393069754199,3.1351363182067873,7.7603542625904085,0.005958920810371637,26.900000000000002,95.13666666666667,5.88305,33.44333,23.14582,1.15035,7.7603542625904085,10.523161464929581,"Willi Castro",17338,650489
2025,"César Salazar","HOU",0,0,0,1,0,1,0,0,0,0,1,0,0,57.90902432528409,0,1.7232515421739532,6.135136318206787,10.760354262590408,0.00013243786816019565,17.94909090909091,-10.853636363636367,7.572639999999999,20,20,2.27674,10.760354262590408,10.523161464929581,"Cesar Salazar",21587,663967
2025,"Luke Maile","KCR",0,0,0,1,0,1,0,9,0,0,1,0.333333333,0,67.17869215745192,0,2.4896757555528293,6.135136318206787,9.218614947795867,-0.01097555086016655,35.77384615384615,-1.8769230769230807,8.61964,20,20,2.97474,9.218614947795867,10.37153646492958,"Luke Maile",13355,571912
2025,"Brett de Geus","PHI",0,0,0,1,0,2,0,13.5,0,0.14285714285714285,0.75,0.714285714,0,,4.5,5.165196806552304,7.635136318206787,9.176875633001327,-0.034643836319446564,82.31574468085105,91.09106382978725,4.9904,43.0407,42.27695,0.55525,9.176875633001327,10.177981464929582,"Brett de Geus",23592,676969
2025,"Adam Ottavino","NYY",0,0,0,3,0,1.2,16.200016608255247,21.60002214434033,0,0,1,0,0,93.90928955078125,0,5.521689968775423,6.735140008930175,8.58522908339474,-0.02886117994785309,108.18682926829268,66.16780487804878,6.137299047619047,30.70975333333333,56.38041738095238,1.3198471428571428,8.58522908339474,10.03613676474516,"Adam Ottavino",1247,493603
2025,"Alex Jackson","BAL",0,0,0,1,0,1,0,18,0,0.5,0.4,0.166666666,0,62.0361328125,27,14.17754871412963,9.135136318206786,12.218614947795867,-0.02671143040060997,14.532499999999994,9.331666666666669,9.74509,20,20,3.72504,12.218614947795867,9.99572396492958,"Alex Jackson",17276,656577
2025,"Jon Berti","CHC",0,0,0,4,0,3.2,0,9.818183520608992,0,0.26666666666666666,0.625,0.133333333,0,56.036295572916664,7.363637640456744,16.40025047276015,6.407864158409785,9.35118517883021,-0.0378059558570385,33.83573770491803,19.07344262295082,8.807995769230768,20,20,3.1003138461538455,9.35118517883021,9.666482777389797,"Jon Berti",12037,542932
2025,"Luke Little","CHC",0,0,0,2,0,2.2,13.500003218651585,20.250004827977378,0,0.2,0.71428571,0.5,0,,3.3750008046628963,4.676483683535475,6.885137212276672,8.041441974057115,-0.044134628027677536,85.98105263157895,88.02157894736841,3.6786015584415583,57.14462974025975,71.28987883116882,-0.3192841558441558,8.041441974057115,9.616623695321493,"Luke Little",28036,681432
2025,"Austin Nola","COL",0,0,0,1,0,1,0,0,18,0.6666666666666666,0,0.09090909,0.25,53.96361462823276,72,37.93225310591062,29.135136318206786,15.46905083656311,-0.10278909653425217,2.6041379310344803,44.208275862068966,6.95105,21.96061,20,1.86235,15.46905083656311,9.486921792395432,"Austin Nola",15941,543592
2025,"Drey Jameson","ARI",0,1,1,3,0,3,0,9,0,0.4,0.71428571,0.4,0,98.46729736328125,3,11.020667577314192,6.135136318206788,7.676875633001329,-0.1323206126689911,100.74075471698112,80.78188679245284,6.260088490566037,29.389583018867924,51.97869075471697,1.4017056603773586,7.676875633001329,9.24851648047332,"Drey Jameson",26260,686753
2025,"Robert Stock","BOS",0,0,0,2,0,2.2,3.3750008046628963,13.500003218651585,3.3750008046628963,0.3333333333333333,0.75757576,0.3,0.25,95.0364481608073,10.125002413988689,16.424095300549848,11.760138374567521,9.197746735837558,-0.10605541616678238,81.18271186440677,64.97728813559321,6.120942881355932,30.885564237288136,54.655042372881354,1.308943559322034,9.197746735837558,9.14111701566256,"Robert Stock",6576,476594
2025,"Jorge Mateo","BAL",0,0,0,1,0,1,0,18,9,0.5714285714285714,0.45454545,0.125,0.333333333,65.79702845982143,45,39.927222113796546,25.135136318206786,16.760354262590408,-0.10116728395223618,27.29428571428572,30.259428571428575,10.93504,20,20,4.51834,16.760354262590408,8.870144919417926,"Jorge Mateo",17273,622761
2025,"Jared Triolo","PIT",0,0,0,1,0,1,0,9,9,0.3333333333333333,0.76923077,0.142857142,0.25,81.13271586100261,0,8.634080149882399,19.135136318206786,12.302093577384948,-0.06665774434804916,58.338974358974376,46.58974358974359,9.19427,20,30.55643,3.3578299999999994,12.302093577384948,8.84856771492958,"Jared Triolo",25807,669707
2025,"Gary Sánchez","BAL",0,0,0,1,0,1,0,9,9,0.25,0,0.2,0.333333333,79.14365234375,36,31.72804817168969,22.135136318206786,13.760354262590408,-0.08863035589456558,51.618947368421054,47.550526315789476,7.559810000000001,20,25.66404,2.26819,13.760354262590408,8.655998183949418,"Gary Sanchez",11442,596142
2025,"Reese McGuire","CHC",0,0,0,1,0,1,0,9,9,0.25,1,0.2,0.5,40.485923767089844,9,15.699663870927786,19.135136318206786,9.218614947795867,-0.07685588300228119,-18.551764705882366,-8.694117647058814,14.80202,20,20,7.09633,9.218614947795867,8.568883674155359,"Reese McGuire",15674,624512
2025,"Enrique Hernández","LAD",0,0,0,5,0,5.1,1.6875004023314482,13.500003218651585,1.6875004023314482,0.37037037037037035,0.45454545,0.464285714,0.1,84.18043823242188,15.187503620983033,9.34115142681419,9.697637882829085,10.15089920613477,-0.1404625028371811,61.86991999999999,48.52784,7.600172542372881,20,20,2.2950962711864404,10.15089920613477,8.519465332658088,"Enrique Hernandez",10472,571771
2025,"José Caballero","TBR",0,0,0,1,0,1,0,9,18,0.5,0,0.25,0.4,72.46510968889508,54,26.00665917291952,32.13513631820679,13.843832892179488,-0.12526458501815796,57.298750000000005,74.90458333333333,8.55148,20,20,2.9293,13.843832892179488,8.449346647007284,"Jose Caballero",23401,676609
2025,"Anthony Seigler","MIL",0,0,0,1,0,1,0,0,0,0.25,1,0.25,0,69.72774436257102,0,0.3580140596490219,3.1351363182067873,7.7603542625904085,0.005860093981027603,33.480000000000004,70.66,5.950900000000001,32.71389,20,1.19558,7.7603542625904085,8.411161464929581,"Anthony Seigler",23802,678011
2025,"Cole Wilcox","TBR",0,0,0,1,0,1,9,27,0,0.5,0,0.375,0,95.85325792100694,27,9.725237037698308,10.135136318206786,13.218614947795867,-0.04786287993192673,88.74000000000001,80.99526315789474,5.82652,34.05113,46.35006,1.11266,13.218614947795867,8.364765636971248,"Cole Wilcox",27481,677961
2025,"Korey Lee","CHW",0,0,0,2,0,3,0,6,0,0.3333333333333333,0.83333333,0.333333333,0,74.3985262784091,3,8.01208486507506,5.135136318206788,8.732528052727382,-0.0020041405223309994,64.6796,67.9354,7.562616818181818,20,20,2.2700588636363634,8.732528052727382,8.362528798028233,"Korey Lee",25543,686676
2025,"Gregory Santos","SEA",1,1,0,8,0,7,0,10.28571568703184,0,0.2857142857142857,0.625,0.629629629,0,,5.14285784351592,6.775382730887846,6.563708213884068,7.885199235175394,-0.2317146211862564,95.71165562913907,87.72701986754967,5.661695190839694,35.823178931297704,54.26245465648856,1.002779465648855,7.885199235175394,8.349099734193864,"Gregory Santos",21894,666619
2025,"Mike Clevinger","CHW",0,2,0,8,0,5.2,4.764707218817324,12.705885916846196,0,0.25,0.61538462,0.5,0,94.34542992001488,7.941178698028873,4.894004968120527,6.311607797418336,8.216109838127675,-0.10716332495212555,86.58067226890756,70.74151260504202,6.115476052631579,30.944327543859647,43.069977192982456,1.3052986842105265,8.216109838127675,8.323413291846261,"Mike Clevinger",12808,605182
2025,"Amed Rosario","WSN",0,0,0,1,0,1,0,18,9,0.5714285714285714,0.53571429,0.5,0.5,50.059683663504465,36,18.85257169995176,22.135136318206786,12.218614947795867,-0.0881146788597107,46.935714285714276,30.02857142857143,3.6367,57.59516,20,-0.34722,12.218614947795867,8.29808146492958,"Amed Rosario",15518,642708
2025,"Casey Kelly","ARI",0,0,0,2,0,1.2,0,5.400002059937309,0,0.2,1,0.4,0,91.51065063476562,0,3.83879221143988,4.935137004852557,6.785224888358524,-0.013631325215101242,71.328,60.30479999999999,7.794936249999999,20,23.52265125,2.4249375,6.785224888358524,8.17549478688158,"Casey Kelly",9174,543391
2025,"Travis Jankowski","NYM",0,0,0,1,0,1,0,9,0,0.5,0.5,0.25,0,44.14247013972356,18,25.785009730925744,9.135136318206786,10.676875633001327,-0.027432043105363846,-2.6415384615384663,21.04769230769231,18.68077,20,20,9.68216,10.676875633001327,8.17549478688158,"Travis Jankowski",13768,608671
2025,"Emmanuel Rivera","BAL",0,0,0,1,0,1,0,18,9,0.7,0.23255814,0.363636363,0.2,58.276866319444444,72,17.465850757968767,22.135136318206786,16.84383289217949,-0.08863035589456558,38.652,15.331999999999994,7.9375,20,29.2466,2.51998,16.84383289217949,8.112859674005971,"Emmanuel Rivera",19890,656896
2025,"Hayden Harris","ATL",0,0,0,3,0,2.2,0,6.750001609325793,0,0.3,0.8,0.4,0,91.93297758556548,3.3750008046628963,11.208151515584678,5.385136854648718,7.119593997319384,-0.02617711015045643,98.654,91.166,3.9227672,54.5194464,48.679795999999996,-0.15650600000000003,7.119593997319384,8.012967009638025,"Hayden Harris",31913,802686
2025,"Matt Waldron","SDP",0,1,0,1,1,4.2,5.7857150739554095,11.571430147910819,1.9285716913184698,0.3333333333333333,0.75471698,0.5,0.25,89.70009765625,7.714286765273879,11.153541655923096,8.492279905202537,7.028056261256074,-0.1464466154575348,86.30576923076923,74.3921153846154,6.14327,30.64552,20,1.32383,7.028056261256074,7.826864694929454,"Matt Waldron",25550,663362
2025,"Leo Rivas","SEA",0,0,0,1,0,1,0,9,0,0.6,1,0.4,0,42.70837741427951,0,17.15527706043285,6.135136318206787,7.676875633001328,-0.01247958093881607,25.599999999999994,0.020000000000010232,,,,,7.676875633001328,7.782105899607803,"Leo Rivas",21009,660844
2025,"Jordan Weems","HOU",0,1,0,4,0,4.1,0,6.230769687855771,0,0.45,0.41666667,0.25,0,95.61150801809211,14.538462604996798,10.883865099560317,5.212059547492045,7.702561700246912,-0.01535276509821415,89.18285714285713,81.97734693877551,5.965655306122448,32.55516163265306,40.46832714285714,1.205419081632653,7.702561700246912,7.775586784813421,"Jordan Weems",13190,607179
2025,"Yilber Díaz","ARI",0,0,0,1,0,3,3,9,0,0.36363636363636365,0.57142857,0.363636363,0,94.59352022058823,9,13.146822772124793,5.468469651540121,7.524122071266175,-0.031100982800126076,82.18599999999999,47.86666666666667,9.02209,20,32.11761,3.24304,7.524122071266175,7.724943697222293,"Yilber Diaz",29271,700270
2025,"Xzavion Curry","MIA",0,1,0,3,0,3,3.0000009536746197,9.000002861023859,0,0.3333333333333333,0.42857143,0.363636363,0,90.91726539248512,6.000001907349239,4.211639140753917,5.468470393287047,8.038036734787756,-0.0675203949213028,97.755625,81.3515625,6.306792631578947,28.887440526315793,30.300306140350873,1.4328417543859648,8.038036734787756,7.650118496179582,"Xzavion Curry",25595,675540
2025,"Ryan Fitzgerald","MIN",0,0,0,2,0,2,0,0,0,0.25,1,0.125,0,50.16455078125,0,15.06462965662695,3.1351363182067873,6.218614947795868,0.011917841620743275,41.28583333333334,46.4175,8.74021,20,20,3.05512,6.218614947795868,7.58578646492958,"Ryan Fitzgerald",24622,680837
2025,"Will Wilson","CLE",0,0,0,1,0,2,0,0,4.5,0.14285714285714285,0,0.125,0.25,64.63127136230469,9,22.97879022323984,9.635136318206786,6.218614947795868,-0.058398034423589706,-7.887692307692301,32.19923076923077,16.15435,20,20,7.99788,6.218614947795868,7.58578646492958,"Will Wilson",25434,669717
2025,"Triston McKenzie","CLE",0,0,0,4,0,5.2,6.352941889251472,11.117648306190077,1.588235472312868,0.3333333333333333,0.55555556,0.210526315,0.125,94.00918363320707,11.117648306190077,11.635515070864495,7.723372127110628,7.60582761716184,-0.12151969969272614,95.41138211382115,60.280975609756105,7.246808048780489,20,53.71845918699187,2.0595192682926826,7.60582761716184,7.554703685001424,"Triston McKenzie",18000,663474
2025,"Vidal Bruján","ATL",0,0,0,2,0,2,0,4.500002145768235,4.500002145768235,0.3333333333333333,0.55555556,0.3,0.2,54.6103349165483,13.500006437304705,6.505412204212709,11.135140132905871,8.489487158346577,-0.07712613046169281,27.848695652173912,26.334782608695654,14.61299,20,20,6.97031,8.489487158346577,7.532525086999763,"Vidal Brujan",20536,660644
2025,"Javier Sanoja","MIA",0,0,0,8,0,9.1,0.9642858456592349,4.821429228296175,3.8571433826369397,0.45454545454545453,0.51282051,0.229166666,0.166666666,62.453423713235296,16.392859376206996,8.731777678072135,10.099422981301263,8.492466714699663,-0.27710676193237305,41.034105960264895,56.54172185430463,9.64846305882353,20,20,3.660623823529412,8.492466714699663,7.472464961300269,"Javier Sanoja",28253,691594
2025,"Mike Yastrzemski","SFG",0,0,0,1,0,1,0,9,0,0.4,0.5,0.6,0,75.14469909667969,18,10.814790730000393,9.135136318206786,12.218614947795867,-0.029040539637207985,38.938095238095244,22.944761904761908,15.19514,20,20,7.35841,12.218614947795867,7.4474267595117025,"Mike Yastrzemski",14854,573262
2025,"Kody Clemens","MIN",0,0,0,1,0,1,0,0,18,0.25,1,0.333333333,0.5,62.05961303710937,18,25.63338266895386,29.135136318206786,9.302093577384948,-0.11635494977235794,27.676,61.480000000000004,9.14569,20,20,3.3254399999999995,9.302093577384948,7.344828129736914,"Kody Clemens",20572,665019
2025,"Jake Bauers","MIL",0,0,0,5,0,5,1.8,5.4,0,0.34782608695652173,0.69230769,0.260869565,0,79.36506652832031,3.6,7.13316312955152,5.735136318206788,9.743658536672593,-0.010063506662845612,57.172151898734185,47.055443037974676,9.814289625,20,20,3.771175375,9.743658536672593,7.343532449837041,"Jake Bauers",15194,641343
2025,"Tyler Owens","DET",0,0,0,3,0,3,3,9,0,0.2727272727272727,0.83333333,0.454545454,0,95.31130052649456,3,7.160453750438549,5.468469651540121,6.496295861403148,-0.0241717342287302,94.83939393939393,97.28939393939396,4.237147121212121,51.139381060606055,49.140875151515154,0.05307924242424245,6.496295861403148,7.319117029868293,"Tyler Owens",26030,687074
2025,"Rich Hill","KCR",0,2,0,2,2,9,4,8,2,0.2413793103448276,0.70422535,0.483870967,0.181818181,88.5961681547619,5,6.815971015169925,7.801802984873454,6.797262147400114,-0.20495836436748505,90.08708333333334,81.91989583333334,5.55541,36.965971578947375,33.94342842105263,0.93192,6.797262147400114,7.315540049586525,"Rich Hill",4806,448179
2025,"Erik Swanson","TOR",1,0,0,6,0,5.1,5.0625012069943445,8.43750201165724,3.3750008046628963,0.3157894736842105,0.44642857,0.238095238,0.153846153,92.78456038135593,15.187503620983033,6.435828421157806,10.260138016939568,9.14312733043516,-0.24168382585048676,91.40140624999998,82.1365625,5.4806959375,37.769245,43.520785625,0.8821128125,9.14312733043516,7.271043674415157,"Erik Swanson",16587,657024
2025,"Abraham Toro","BOS",0,0,0,1,0,1,0,9,0,0.5714285714285714,0.6,0.428571428,0,43.900634765625,18,6.311969073651978,6.135136318206787,9.218614947795867,-0.010736167430877686,46.78133333333333,11.713333333333344,16.29559,20,20,8.09204,9.218614947795867,7.21494271492958,"Abraham Toro",19844,647351
2025,"Blas Castaño","SEA",0,0,0,1,0,3,3,6,3,0.2727272727272727,0.71428571,0.25,0.142857142,93.25042114257812,9,13.646605431438902,9.801802984873454,9.065861386060716,-0.09220737218856812,75.35600000000001,68.35,6.52432,26.54873,53.07061000000001,1.57786,9.065861386060716,7.2017474024295804,"Blas Castano",26117,680604
2025,"Doug Nikhazy","CLE",0,1,0,2,1,4,11.25,13.5,0,0.4166666666666667,0.45454545,0.25,0,90.35471515266262,13.5,8.633044236282856,5.135136318206787,7.447745290398598,0.006498273462057114,82.99555555555555,73.89185185185185,6.1311316666666675,30.776021666666665,42.370688333333334,1.3157349999999999,7.447745290398598,7.195700689294058,"Doug Nikhazy",30142,680951
2025,"Colin Poche","- - -",1,2,0,14,0,9.1,10.607147621487183,13.500006063710961,0.9642861474079257,0.4230769230769231,0.48780488,0.222222222,0.076923076,92.32161969866071,12.535719916303036,5.820606805243507,6.670852192035849,7.425418005137435,-0.19195498153567314,96.43710869077026,79.60095703271203,5.959372418032787,32.6227112704918,51.250783483606554,1.2012299590163933,7.425418005137435,7.17601908490102,"Colin Poche",19403,621363
2025,"Jose Trevino","CIN",0,0,0,2,0,2.1,3.8571433826369397,3.8571433826369397,0,0.4,0.8,0.1,0,56.152352792245374,3.8571433826369397,9.62781297885975,3.5637078051664473,7.528180869040428,0.02260509319603443,13.594893617021283,44.42382978723404,8.976465416666667,20,20,3.2126260416666668,7.528180869040428,7.145473963152665,"Jose Trevino",16725,624431
2025,"Tyler Wade","SDP",0,0,0,1,0,1,0,9,0,0.4,0.66666667,0.6,0,52.486239963107636,9,8.35718767979739,6.135136318206787,7.676875633001328,-0.011383757926523685,33.38105263157895,24.639999999999997,10.11458,20,20,3.9713699999999994,7.676875633001328,7.115383676367025,"Tyler Wade",15730,642180
2025,"Chayce McDermott","BAL",0,1,0,4,1,8.2,9.34615556022856,12.461540746971414,3.1153851867428535,0.34615384615384615,0.48076923,0.357142857,0.23076923,93.41712239583333,15.576925933714268,10.289238149394349,10.058214510968684,7.870823081995297,-0.3712010830640793,91.77191325014856,70.22021390374331,7.016151384615385,21.260629025641023,43.65280564102564,1.9057492307692308,7.870823081995297,7.007701670030427,"Chayce McDermott",29866,694646
2025,"Cody Poteet","BAL",0,0,0,1,0,2.2,3.3750008046628963,6.750001609325793,0,0.46153846153846156,0.375,0.384615384,0,92.43247680664062,16.87500402331448,5.492060606178748,4.635136675834741,9.260355722956515,-0.009831415489315987,76.02558823529412,88.96882352941176,5.17543,41.05139,34.47842,0.6786,9.260355722956515,6.97924349617958,"Cody Poteet",18769,547001
2025,"Weston Wilson","PHI",0,0,0,2,0,3,0,0,0,0.25,1,0.166666666,0,52.54621039496528,0,4.546050900076462,3.1351363182067877,5.704701842864355,0.03021027334034443,28.203666666666667,53.958666666666666,10.551,20,20,4.262313333333334,5.704701842864355,6.91416146492958,"Weston Wilson",19358,642215
2025,"Miguel Rojas","LAD",0,0,0,4,0,5,0,3.6,5.4,0.36363636363636365,0.71428571,0.36,0.3,57.46554432744565,12.6,12.68112774490943,12.735136318206788,8.018614947795868,-0.21338750422000885,37.450379746835445,40.9020253164557,11.708005217391305,20,20,5.033651304347827,8.018614947795868,6.855564519309591,"Miguel Rojas",7802,500743
2025,"Marc Church","TEX",0,0,0,5,0,4.2,9.64285845659235,11.571430147910819,0,0.3333333333333333,0.8,0.416666666,0,96.45143159906915,3.8571433826369397,7.990034282170894,4.849422266045427,6.831658797982417,-0.022725757211446762,90.7119191919192,84.7880808080808,4.993697575757576,43.00528545454545,51.593777777777774,0.5574474747474748,6.831658797982417,6.846790954113948,"Marc Church",26353,687847
2025,"Geoff Hartlieb","- - -",0,0,0,4,0,3.1,13.50000128746045,16.20000154495254,5.40000051498418,0.5454545454545454,0.53571429,0.307692307,0.333333333,94.91085111177884,21.60000205993672,18.491294281999703,13.335137290954684,8.310267578375937,-0.15694907307624817,97.06935779816511,68.83266055045871,5.9871934862385325,32.32359605504587,59.61202256880734,1.2197769724770642,8.310267578375937,6.768960080120094,"Geoff Hartlieb",19558,664129
2025,"Jonah Bride","MIN",0,0,0,4,0,6,3,4.5,1.5,0.4482758620689655,0.51136364,0.233333333,0.0625,72.83345389660494,15,7.764389333738516,7.135136318206788,9.079774490992229,-0.08631349354982376,49.384727272727275,46.74545454545455,8.254085221238938,20,20,2.7310368141592924,9.079774490992229,6.7623543053806845,"Jonah Bride",24703,681146
2025,"Luis F. Castillo","SEA",0,0,0,2,2,7,6.428571428571429,9,0,0.41379310344827586,0.63157895,0.37037037,0,92.5272549715909,7.714285714285714,6.78466328825289,4.7065648896353585,6.6888011515140535,0.00021117979486007243,94.31588516746412,85.05464114832535,5.697847514792899,35.434573668639054,37.085008284023665,1.0268783431952662,6.6888011515140535,6.74714659558918,"Luis F. Castillo",20638,622379
2025,"Kyle Farmer","COL",0,0,0,1,0,1,0,0,9,0.5,1,0.2,0.5,42.271327427455354,9,24.30601666741052,16.135136318206786,6.218614947795868,-0.057782791554927826,54.12,81.43999999999998,,,,,6.218614947795868,6.68856146492958,"Kyle Farmer",14813,571657
2025,"Troy Taylor","SEA",0,0,0,8,0,6.2,2.70000025749209,4.050000386238135,2.70000025749209,0.41379310344827586,0.59210526,0.233333333,0.133333333,96.86347198486328,12.150001158714405,11.405201974170382,8.235136804580735,7.804050221756832,-0.17353098094463348,99.27641791044775,99.20343283582088,3.7064191176470587,56.84552014705883,49.65806970588235,-0.3007391911764706,7.804050221756832,6.656643567765206,"Troy Taylor",31883,700187
2025,"Craig Yoho","MIL",0,0,0,8,0,8.2,7.269232102399991,9.34615556022856,1.0384617289142846,0.30434782608695654,0.6626506,0.434782608,0.1,92.93670563199628,7.269232102399991,4.415823025134492,6.4812907780417035,6.760220807806252,-0.15047289431095123,96.99444444444443,90.75,4.321833352272727,50.228892215909084,58.90337210227273,0.10953596590909093,6.760220807806252,6.614174554264902,"Craig Yoho",33248,684974
2025,"Ezequiel Duran","TEX",0,0,0,4,0,3.1,0,0,0,0.09090909090909091,1,0.363636363,0,41.5854833984375,0,2.02186853574634,3.1351363182067877,5.910267349494079,0.0433516763150692,35.653,58.25100000000001,13.651683333333333,20,20,6.329438333333332,5.910267349494079,6.612624271502953,"Ezequiel Duran",23733,677649
2025,"Chas McCormick","HOU",0,0,0,3,0,3,3,6,0,0.3,0.71428571,0.4,0,68.46773726851852,6,7.170653634879946,6.468469651540121,8.524122071266175,-0.0371120385825634,52.67949367088608,37.06126582278481,9.294502592592593,20,20,3.4246505555555555,8.524122071266175,6.604748136447981,"Chas McCormick",19599,676801
2025,"Joey Estes","ATH",0,2,0,3,2,11,4.909090909090909,4.909090909090909,3.272727272727273,0.3157894736842105,0.63218391,0.238095238,0.16,91.50446026141827,9.818181818181818,5.713294339233672,8.680590863661333,7.457271124558016,-0.33759961277246475,82.45344086021505,86.90817204301077,5.345500430107527,39.222751505376344,35.40701580645162,0.7919825268817205,7.457271124558016,6.58187617308249,"Joey Estes",26257,683155
2025,"Chase Petty","CIN",0,3,0,3,2,6,10.500001773238482,12.000002026558265,4.50000075995935,0.5238095238095238,0.4787234,0.25,0.333333333,96.47760504645271,19.50000329315718,11.072867778879496,11.801804448498867,7.614412713524687,-0.2830883674323559,95.1553846153846,92.04745562130176,5.37195023668639,38.93839834319526,47.569168994082844,0.8096166272189349,7.614412713524687,6.571953386778342,"Chase Petty",30170,695534
2025,"Tomás Nido","DET",0,0,0,1,0,1.2,0,0,0,0,1,0.4,0,54.164767795138886,0,1.4750229746463008,4.935137004852557,7.7102688301115085,0.004248898010700941,37.211111111111116,30.633333333333326,13.97317,20,20,6.54376,7.7102688301115085,6.5518281289709135,"Tomas Nido",13755,621512
2025,"Luis Guerrero","BOS",0,1,0,13,0,17.1,5.192308644571423,7.269232102399991,0,0.1875,0.65217391,0.458333333,0,96.56098090277777,4.153846915657138,6.315276181890046,4.404367320213135,5.91645807934665,-0.011946147307753563,97.44685121107264,94.05764705882355,5.21536214532872,40.62200636678201,43.193781487889275,0.7052234602076124,5.91645807934665,6.509164941577913,"Luis Guerrero",31184,692285
2025,"Cam Sanders","PIT",0,0,0,6,0,6.2,5.4000012874606345,6.750001609325793,2.7000006437303172,0.30434782608695654,0.71428571,0.24,0.153846153,95.49338600852273,8.10000193119095,9.300217010840122,8.085137498379035,7.191528949175509,-0.1742100864648819,100.45749999999998,94.81075,5.031278299319728,42.60120768707482,63.7614875510204,0.5825006802721088,7.191528949175509,6.500744511646293,"Cam Sanders",23479,676742
2025,"Michael Kopech","LAD",0,0,0,14,0,11,9.818183520608992,10.636365480659741,0,0.21428571428571427,0.84210526,0.285714285,0,97.36109293193718,2.454545880152248,4.57553756688032,4.49877291829137,5.760196212757266,0.029668323695659637,112.50299145299144,85.71102564102564,4.816089770642202,44.91482857798166,62.67839412844037,0.43904183486238557,5.760196212757266,6.407083487969538,"Michael Kopech",17282,656629
2025,"Pablo Reyes","NYY",0,0,0,1,0,1,0,0,9,0.5714285714285714,0.55555556,0.25,0.333333333,60.33860948350694,27,14.187287365376791,16.135136318206786,7.7603542625904085,-0.059893544763326645,40.58111111111111,69.69666666666666,6.70312,24.62633,20,1.69706,7.7603542625904085,6.396286464929581,"Pablo Reyes",16357,622569
2025,"Nate Pearson","CHC",0,1,0,11,0,14.2,4.295454731657493,6.136363902367847,1.2272727804735695,0.36363636363636365,0.59602649,0.350877192,0.074074074,97.66384475295608,9.204545853551771,6.0648617743978805,6.203318269390711,7.268792963267745,-0.1788475513458252,100.5389247311828,93.53168458781363,4.385925,49.539766964285704,56.79355964285714,0.15226460714285714,7.268792963267745,6.371467953190026,"Nate Pearson",20160,663878
2025,"Reynaldo López","ATL",0,0,0,1,1,5,1.8,3.6,1.8,0.38095238095238093,0.83333333,0.409090909,0.166666666,95.53247568558673,5.4,10.728844869166675,6.535136318206787,5.785223495960236,-0.07456795871257782,97.48645161290322,92.09956989247313,5.01797,42.74425,39.7988,0.57363,5.785223495960236,6.3555182649295805,"Reynaldo Lopez",16400,625643
2025,"Cooper Hummel","HOU",0,0,0,1,0,1,0,0,9,0.5714285714285714,0.43478261,0.25,0.333333333,77.38908835018383,36,23.104989791409626,19.135136318206786,10.760354262590408,-0.07498741894960403,48.654705882352935,42.984117647058824,9.28498,20,20,3.4183,10.760354262590408,6.34823553862684,"Cooper Hummel",19458,669450
2025,"Angel Perdomo","ATH",0,0,0,4,0,3.1,5.400002059937309,8.100003089905965,0,0.2,0.66666667,0.6,0,93.01161702473958,5.400002059937309,7.938150737255195,5.53513723373448,6.922703146363956,-0.03355323150753975,104.81685714285715,76.33514285714286,6.41330875,27.74217652777778,46.14441583333334,1.5038529166666668,6.922703146363956,6.3274895899295815,"Angel Perdomo",17759,622780
2025,"Vinny Capra","CHW",0,0,0,3,0,3,3,0,3,0.3076923076923077,0.27777778,0.214285714,0.125,52.2341194152832,6,5.935210482700478,6.801802984873454,6.579774490992229,-0.0401616208255291,13.69236363636364,39.73527272727273,11.37428875,20,20,4.811173437500001,6.579774490992229,6.236388140529382,"Vinny Capra",25040,681962
2025,"Miguel Castro","CHW",0,0,0,6,0,6,6.000001907349239,7.500002384186549,1.5000004768373099,0.23529411764705882,0.625,0.5,0.125,95.31077991832386,7.500002384186549,5.134868291568159,6.9684708701243565,6.857456587893254,-0.1330704689025879,87.54866666666665,77.61699999999999,5.471586666666667,37.86715352380953,49.373235047619055,0.876040761904762,6.857456587893254,6.216097691864642,"Miguel Castro",15684,612434
2025,"Joe La Sorsa","CIN",0,1,0,5,0,6.2,2.70000025749209,2.70000025749209,5.40000051498418,0.36,0.63829787,0.296296296,0.285714285,92.23270089285714,10.80000102996836,5.4705505795346285,11.235137090683057,6.672789216652193,-0.3763221800327301,100.47757575757576,101.61111111111111,3.5854922,58.14565689999999,39.8724451,-0.3813567999999998,6.672789216652193,6.2009585265916725,"Joe La Sorsa",25481,686747
2025,"Dugan Darnell","COL",1,0,0,9,0,11.2,3.8571433826369397,5.400000735691716,0.771428676527388,0.2571428571428571,0.76923077,0.428571428,0.076923076,93.86711090686275,3.8571433826369397,4.801276040036606,5.192279455613155,5.795931917196764,-0.04645712301135063,85.77387096774196,84.33311827956987,5.493944652406417,37.62683144385027,35.597561443850275,0.8909450802139037,5.795931917196764,6.197973969996538,"Dugan Darnell",27812,699911
2025,"Christian Roa","MIA",0,0,0,2,0,3,9,9,0,0.16666666666666666,1,0.5,0,96.90166558159723,0,11.210564013345278,4.135136318206788,5.162962528069815,0.00036632505361922085,109.89541666666666,69.93208333333332,5.836506341463415,33.94370121951219,65.58729902439025,1.1193175609756099,5.162962528069815,6.1899739651604975,"Christian Roa",27662,685005
2025,"Scott Kingery","LAA",0,0,0,1,0,2,4.5,0,9,0.6666666666666666,0.43478261,0.235294117,0.222222222,38.90773179796007,36,10.826443800320371,15.135136318206786,9.072963234782218,-0.10338827967643738,41.40512820512821,-5.157435897435896,,,,,9.072963234782218,6.1366892478689135,"Scott Kingery",17975,664068
2025,"Luis Peralta","COL",1,3,0,22,0,19,7.578949650899882,8.526318357262367,2.8421061190874557,0.3389830508474576,0.63829787,0.307692307,0.214285714,94.67532467532467,9.473687063624853,9.078677129776597,8.714085366785866,6.880858541756346,-0.7490718364715576,98.0387614678899,85.81454128440367,5.397985137614678,38.65849490825688,41.879383807339444,0.8269717431192659,6.880858541756346,6.117379770713457,"Luis Peralta",24203,678821
2025,"Kendall Graveman","ARI",1,0,0,19,0,17.2,4.58490582537762,6.11320776717016,1.0188679611950267,0.3620689655172414,0.6626506,0.423728813,0.095238095,94.11212277879902,7.132075728365186,6.969545037980232,5.795513772438246,6.156449197353071,-0.2351895570755005,91.90134146341464,83.35030487804876,6.337211913580247,28.560320370370373,38.3623937345679,1.4531233024691357,6.156449197353071,6.1173455839802315,"Kendall Graveman",15514,608665
2025,"Randy Dobnak","MIN",0,0,0,1,0,5.1,1.687500100582844,3.375000201165688,1.687500100582844,0.06666666666666667,1,0.5,0.2,92.4047607421875,1.687500100582844,5.72951469831068,6.322636508196604,5.330517056681558,-0.06237912178039551,84.1101265822785,94.48962025316456,6.0706,31.42689,35.82635,1.27538,5.330517056681558,6.041632382139419,"Randy Dobnak",23798,677976
2025,"Mason Thompson","WSN",1,1,0,14,0,10.2,9.281252212822965,10.125002413988689,0.8437502011657241,0.4166666666666667,0.45112782,0.459459459,0.076923076,94.78155226934524,11.812502816320137,5.943941274221975,5.6663869217039595,6.326631869024467,-0.11469832062721252,99.87679324894512,92.6273417721519,4.6871993750000005,46.30059004166666,48.76095120833332,0.35311441666666676,6.326631869024467,6.03564758098317,"Mason Thompson",21850,666168
2025,"Alec Burleson","STL",0,0,0,1,0,1,0,0,0,0.3333333333333333,1,0.333333333,0,51.36757114955357,0,9.96678409369381,6.135136318206787,7.676875633001328,-0.011837515980005264,31.080000000000002,-31.5,17.83225,20,20,9.11648,7.676875633001328,6.0321614649295805,"Alec Burleson",27615,676475
2025,"Christian Koss","SFG",0,0,0,4,0,4,0,0,0,0.25,1,0.375,0,83.52696736653645,0,5.810163540227249,3.1351363182067873,5.447745290398598,0.020038489252328873,22.161562500000002,45.53187500000001,9.177026451612903,20,20,3.346333548387097,5.447745290398598,6.0321614649295805,"Christian Koss",27653,683766
2025,"Seth Martinez","MIA",0,0,0,6,0,6.2,5.4000012874606345,4.050000965595475,2.7000006437303172,0.1111111111111111,0.71428571,0.2,0.153846153,90.08931732177734,5.4000012874606345,6.365497515697774,7.185137283802263,6.291528734598736,-0.14977799355983734,100.54633333333332,90.56983333333332,4.072033416666667,52.91455908333333,54.40033016666667,-0.05699475000000008,6.291528734598736,6.030114825129775,"Seth Martinez",21045,661527
2025,"Rolddy Muñoz","ATL",0,0,0,3,0,3.2,12.272729400761241,12.272729400761241,2.454545880152248,0.375,0.625,0.555555555,0.5,,12.272729400761241,7.763110625727117,9.680591998612783,6.976085701370133,-0.19797134399414062,102.29717948717949,61.47307692307692,7.092204358974359,20.442941794871796,52.43589153846153,1.9564517948717948,6.976085701370133,6.020054889305109,"Rolddy Munoz",27407,691548
2025,"Lucas Sims","WSN",1,0,0,18,0,12.1,9.486489665169733,10.216219639413557,1.4594599484876511,0.3333333333333333,0.49689441,0.405405405,0.153846153,95.06122967479675,13.864869510632687,7.567371616768077,8.243246137913566,7.760214443007434,-0.45076772570610046,107.51553191489361,77.35113475177306,5.424563727598566,38.37279014336918,62.199644731182794,0.8446902150537636,7.760214443007434,6.006601279531779,"Lucas Sims",13470,608371
2025,"Carson Palmquist","COL",0,4,0,9,7,34.1,7.0776705582322945,6.553398665029902,2.621359466011961,0.3181818181818182,0.6440678,0.316239316,0.175438596,90.40281751478041,8.912622184440666,6.282600254962694,7.795330924450274,6.568509673285101,-0.5999161750078201,93.19864519723168,84.56525204088192,5.065263078014184,42.23579838297872,46.707579333333335,0.6051573475177305,6.568509673285101,6.002485385801938,"Carson Palmquist",31612,687223
2025,"José Urquidy","DET",0,0,0,2,0,2.1,11.571430147910819,11.571430147910819,0,0.5,0.71428571,0.25,0,93.04116482204861,7.714286765273879,8.593688874709,4.420850779085767,6.403087311022757,-0.005838701967149973,99.09087719298246,79.28912280701756,5.027632857142857,42.640415714285716,43.61945732142858,0.5800685714285715,6.403087311022757,5.995870646648467,"Jose Urquidy",18413,664353
2025,"Bruce Zimmermann","MIL",0,1,0,1,1,6,1.5,3,3,0.21739130434782608,0.48387097,0.6,0.222222222,90.49951171875,7.5,4.3557006921562635,8.135136318206788,6.114411957065265,-0.15681925415992737,90.42131868131868,89.19934065934065,5.09786,41.88535,35.97536,0.62689,6.114411957065265,5.983656368427683,"Bruce Zimmermann",20370,669145
2025,"Eduarniel Núñez","- - -",1,0,0,10,0,12.2,7.815791631339925,7.815791631339925,1.4210530238799863,0.3333333333333333,0.70247934,0.2,0.125,97.97759261592742,7.105265119399932,5.520905458269816,6.766716268122307,6.6615448472498295,-0.19693053513765335,103.79642320987654,85.19309679012345,5.10099748,41.851610320000006,62.1001196,0.62897992,6.6615448472498295,5.9824567417690515,"Eduarniel Nunez",23162,674384
2025,"Alex Lange","DET",0,0,0,1,0,1,9,9,0,0.5,1,0.25,0,96.15384674072266,0,3.856936068870915,4.135136318206787,7.218614947795868,0.0002799195935949683,84.30999999999999,95.47,5.40253,38.60975,54.25298,0.8299999999999998,7.218614947795868,5.981300351177358,"Alex Lange",19883,656638
2025,"Blade Tidwell","NYM",1,1,0,4,2,15,6.00000076293955,6.00000076293955,2.40000030517582,0.3584905660377358,0.66901408,0.357142857,0.16,95.65446636105372,9.000001144409325,5.625858739011559,7.468470202552018,6.571368946470596,-0.28685423359274864,106.4595581279562,103.52080906148868,3.8872276375404526,54.901583559870545,56.27865372168284,-0.18020077669902915,6.571368946470596,5.912280143228138,"Blade Tidwell",31701,694918
2025,"Michael Fulmer","- - -",0,0,0,3,0,5.2,4.764706416938604,3.176470944625736,1.588235472312868,0.29411764705882354,0.75757576,0.222222222,0.09090909,93.52734375,4.764706416938604,9.757325655329382,5.429254222658708,6.127924735648595,-0.01686139777302742,94.18400000000001,88.93155555555556,4.950386,43.470960999999996,48.92908699999999,0.5285706666666666,6.127924735648595,5.891161465495406,"Michael Fulmer",13218,605242
2025,"Fraser Ellard","CHW",1,2,0,18,3,17,11.647062090442347,10.058826350836572,0.5294119132019248,0.22580645161290322,0.71428571,0.40625,0.083333333,95.0401611328125,4.235295305615399,5.449835387569347,4.841019149635211,5.164599933193323,-0.019691294990479946,101.96802881271738,88.5098181818182,4.758806787878789,45.53067818181818,53.92363496969697,0.4008534545454545,5.164599933193323,5.8790750896157,"Fraser Ellard",29530,686642
2025,"Michael Mercado","PHI",0,0,0,3,0,3,12,12,3,0.5454545454545454,0.625,0.363636363,0.25,96.60850232712765,15,9.47233185106637,8.801802984873454,6.524122071266175,-0.08516862243413925,100.51176470588233,83.83223529411764,5.726551294117646,35.12584164705882,54.41447388235294,1.0460175294117646,6.524122071266175,5.873441464929582,"Michael Mercado",23223,675650
2025,"Jake Rogers","DET",0,0,0,4,0,3.2,0,0,0,0.3333333333333333,0.83333333,0.4,0,75.82619018554688,2.454545880152248,9.278789011677608,3.9533182782575365,6.055690435700697,0.004288629628717899,40.18326530612245,56.32775510204082,6.499249183673469,26.818194489795918,20,1.5611471428571426,6.055690435700697,5.86931771492958,"Jake Rogers",19452,668670
2025,"Ben Joyce","LAA",1,0,0,5,0,4.1,2.076923686371931,2.076923686371931,2.076923686371931,0.23529411764705882,0.43478261,0.388888888,0.125,101.55207375919117,6.230771059115794,6.116352821254243,6.365906497007569,6.212194417677102,-0.15549089014530182,105.86571428571428,112.05142857142857,3.3742608450704226,60.416775492957754,53.465516619718315,-0.5221783098591549,6.212194417677102,5.867563964929582,"Ben Joyce",31461,690829
2025,"Jesse Hahn","SEA",0,1,0,3,0,5,5.4,9,1.8,0.3333333333333333,0.75471698,0.733333333,1,95.42062377929688,5.4,6.3201580504988994,8.135136318206786,5.843484181165696,-0.23180732131004333,100.98207792207792,89.71220779220778,5.4735021518987335,37.84657088607595,53.12716493670885,0.8773172151898734,5.843484181165696,5.85003986492958,"Jesse Hahn",13287,534910
2025,"Jose Corniell","TEX",0,1,0,1,0,1.2,5.400002059937309,5.400002059937309,5.400002059937309,0.3333333333333333,0,0.428571428,0.25,95.91178588867187,16.20000617981193,9.668184899270829,11.535139522553713,7.435312314100646,-0.21688124537467957,90.4058536585366,73.17804878048781,5.26663,40.07075,39.99419,0.7394,7.435312314100646,5.840223193200519,"Jose Corniell",27984,692030
2025,"Drew Sommers","DET",0,1,0,4,0,3,9.000002861023859,9.000002861023859,3.0000009536746197,0.5454545454545454,0.52083333,0.333333333,0.166666666,93.18505859375,18.000005722047717,6.98458373290287,9.468471664853206,8.218616563790718,-0.11525323987007141,100.93194805194805,102.51220779220782,4.0153876923076925,53.52364653846154,56.030835128205126,-0.0947602564102564,8.218616563790718,5.840045118392676,"Drew Sommers",32026,805427
2025,"Robinson Piña","- - -",0,0,0,2,0,2.1,3.8571433826369397,3.8571433826369397,3.8571433826369397,0.36363636363636365,0.43478261,0.333333333,0.2,93.32248202237216,7.714286765273879,12.000482350508088,9.135137135642026,6.867435358394765,-0.07806402671849355,86.39770491803279,95.08262295081967,4.458118196721312,48.76358606557376,49.429676885245904,0.20039213114754098,6.867435358394765,5.836207383688949,"Robinson Pina",23091,673820
2025,"Thomas Harrington","PIT",0,1,1,3,1,8.2,7.269231302498399,7.269231302498399,3.1153848439278855,0.45454545454545453,0.48076923,0.416666666,0.2,92.0967002776732,15.576924219639427,8.227694837944865,8.442829015269112,6.611223848816984,-0.288734570145607,98.02940000000002,82.4375,4.985905,43.089007,38.382013,0.5522515,6.611223848816984,5.8352332927401775,"Thomas Harrington",31989,802419
2025,"Bradley Blalock","COL",2,6,0,14,12,58.2,4.142045634098297,3.5284092438615122,2.607954658506335,0.33170731707317075,0.5733945,0.402714932,0.209876543,94.61918538411459,9.357954951110967,7.607326305319843,7.311272862873794,5.672878777618786,-0.9839500710368156,91.17647747534645,91.76772495333663,5.143443136495643,41.3952405517909,39.723144211035816,0.6572775411423039,5.672878777618786,5.763747909081306,"Bradley Blalock",26419,687134
2025,"Victor Mederos","LAA",0,2,0,5,3,17,7.411764705882353,6.352941176470588,2.1176470588235294,0.2916666666666667,0.69343066,0.326923076,0.16,,7.411764705882353,5.251115968476688,7.193959847618552,6.402400016434052,-0.2801579274237156,97.7808280254777,86.21382165605095,5.132945541401274,41.508148885350316,50.488885095541406,0.6502782802547771,6.402400016434052,5.756854858091285,"Victor Mederos",31533,682989
2025,"Noah Murdock","ATH",1,1,0,14,0,17,11.117649553556904,10.588237670054193,0,0.4727272727272727,0.47916667,0.425925925,0,,13.235297087567742,5.591546028143833,4.54690134088068,6.270022138191296,0.03846634551882744,104.52536708860758,88.3072405063291,3.9172450255102036,54.578798545918374,53.19308326530612,-0.16018887755102035,6.270022138191296,5.748765580114165,"Noah Murdock",27908,668716
2025,"Luis Gil","NYY",4,1,0,11,11,57,6.473684210526316,5.2105263157894735,0.7894736842105263,0.25609756097560976,0.78378378,0.313609467,0.0625,95.178961489899,3.3157894736842106,4.938018647126277,4.626364388382226,5.649858163532458,0.5621792674064636,97.54920372285419,95.51145811789036,4.452420824742268,48.82482881443299,64.19311429896906,0.19659567010309278,5.649858163532458,5.740658762200142,"Luis Gil",21052,661563
2025,"Kevin Herget","- - -",0,0,0,7,0,13,4.1538467632949185,3.4615389694124326,0,0.26666666666666666,0.70588235,0.311111111,0,92.12067286173503,2.7692311755299457,4.394791520252335,3.3659055828342828,5.9750032675988045,0.12419453635811806,93.10644252175673,90.5555236794171,4.68180125,46.35861402777778,41.95891342592592,0.3495148611111112,5.9750032675988045,5.701317073463612,"Kevin Herget",15369,643361
2025,"Wade Miley","CIN",1,0,0,3,2,12,5.25,4.5,2.25,0.3157894736842105,0.73033708,0.375,0.2,91.99969084366508,6.75,7.722687672061987,6.96846965154012,5.645643795033296,-0.12994886934757233,94.86316150296635,84.91192617007252,4.992271170731708,43.020591073170735,39.508958243902434,0.556494731707317,5.645643795033296,5.699265544541152,"Wade Miley",8779,489119
2025,"Robert Gasser","MIL",0,2,0,2,2,5.2,7.94117736156434,6.352941889251472,1.588235472312868,0.23529411764705882,0.52083333,0.352941176,0.111111111,93.02904369212963,3.176470944625736,4.97135130668979,6.841019086936813,6.995546251300917,-0.05664313584566116,104.45333333333335,74.67,5.826751176470588,34.04858529411765,54.63270882352941,1.1128141176470587,6.995546251300917,5.676511081042193,"Robert Gasser",29812,688107
2025,"Nick Raquet","STL",0,0,0,2,0,2,4.5,4.5,0,0,1,0.4,0,91.30806477864583,0,1.7863257677746338,3.6351363182067873,5.176875633001328,0.025604872032999992,101.81548387096774,108.16129032258063,3.707070740740741,56.838537037037035,57.09898111111111,-0.3003051851851852,5.176875633001328,5.670773708275622,"Nick Raquet",20333,675919
2025,"Paul Gervase","- - -",0,0,0,6,0,8.1,8.640001318359577,6.480000988769683,3.2400004943848413,0.22727272727272727,1,0.166666666,0.1875,93.68565673828125,4.320000659179788,4.139365232981559,8.055137068939324,6.335276290914912,-0.2114146649837494,92.13705882352942,79.60338235294118,5.123151764705882,41.613440000000004,40.22011500000001,0.6437483823529413,6.335276290914912,5.6673856468459,"Paul Gervase",31571,801434
2025,"Alex Carrillo","NYM",0,1,0,3,0,4.2,7.714286765273879,3.8571433826369397,7.714286765273879,0.18181818181818182,0.58823529,0.133333333,0.363636363,97.79629603794643,13.50000183922929,15.428939591157702,14.492280722637776,6.9835223702377665,-0.4834936261177063,93.69190476190477,90.06190476190477,5.5092825,37.46191464285714,57.48701178571429,0.9011710714285714,6.9835223702377665,5.6523680783675605,"Alex Carrillo",26463,692024
2025,"Ali Sánchez","TOR",0,0,0,1,0,1,9,0,0,0.6,0.33333333,0.2,0,54.80084228515625,18,5.898993044825104,1.1351363182067873,7.302093577384949,0.01780962385237217,34.477777777777774,61.45444444444445,3.19963,62.29432,20,-0.6386,7.302093577384949,5.649300363849691,"Ali Sanchez",18551,645305
2025,"Spencer Turnbull","TOR",1,1,0,3,1,6.1,5.684210811625571,5.684210811625571,1.4210527029063929,0.4583333333333333,0.75342466,0.48,0.111111111,,7.1052635145319645,5.987603683188181,5.819346979252197,5.957608117742128,-0.06981674954295158,96.78016000000001,111.60607999999999,3.06981856,63.69003096,52.204113039999996,-0.7251384000000001,5.957608117742128,5.619040598478054,"Spencer Turnbull",16207,605513
2025,"Erick Fedde","- - -",4,13,0,32,24,141,5.297872519590246,4.2765958893077896,1.212765998460418,0.2838137472283814,0.66701681,0.403930131,0.104972375,93.27163696289062,5.489361887768207,5.380752279337623,5.1989661752359195,5.426305303334141,-0.17644774576183408,88.50948146907113,94.92564204325451,4.440722166947723,48.95063278667791,44.71922516863406,0.1887956492411467,5.426305303334141,5.597046824175089,"Erick Fedde",17425,607200
2025,"Austin Hedges","CLE",0,0,0,3,0,3,3,3,0,0.42857142857142855,0.71428571,0.357142857,0,70.63630022321429,6,9.962503960815356,3.468469651540121,5.524122071266175,0.011791403405368328,58.921639344262296,67.27213114754099,6.703554642857143,24.621594464285714,20.370016785714288,1.697350714285714,5.524122071266175,5.596516933679579,"Austin Hedges",12976,595978
2025,"Tyler Heineman","TOR",0,0,0,3,0,3.1,0,0,2.70000025749209,0.5833333333333334,0.32051282,0.4,0.166666666,53.08968379579741,32.40000308990508,16.27846109209117,8.8351368618012,7.7102675211554725,-0.08210008591413498,12.870746268656713,11.901791044776113,10.505324,20,20,4.231864,7.7102675211554725,5.583733481946897,"Tyler Heineman",13897,623168
2025,"Sam Aldegheri","LAA",0,2,0,4,2,13.2,7.902439943457806,6.5853666195481715,1.9756099858644516,0.38636363636363635,0.67114094,0.404255319,0.15,91.74619618662588,7.902439943457806,7.261185064039826,7.305868510587297,6.708413779825985,-0.27213945239782333,91.2347449930135,81.4951577782953,6.112207171052631,30.97950601973684,38.476813486842104,1.3031203947368422,6.708413779825985,5.553041339737207,"Sam Aldegheri",26443,691951
2025,"Davis Daniel","ATL",0,1,0,3,2,10,8.1,6.3,0.9,0.2857142857142857,0.70512821,0.344827586,0.071428571,89.75086302398354,5.4,6.804241802401894,5.035136318206787,5.893571358919144,0.012015130021609366,81.38157209843335,85.7523350659736,4.858401584699454,44.45982289617486,35.47984087431694,0.46724939890710376,5.893571358919144,5.546664688678104,"Davis Daniel",27582,669721
2025,"Daysbel Hernández","ATL",4,3,0,39,0,37,8.027028682199155,7.297298801999232,0.7297298801999231,0.25,0.78467153,0.463917525,0.073170731,97.71250497611464,3.4054061075996414,4.217253944351326,5.000001567606591,5.6543614837943235,-0.35122784972190857,102.91179415855355,101.71574408901252,4.382800876216968,49.57335107093183,59.890790681502075,0.15018242002781643,5.6543614837943235,5.5456084443137295,"Daysbel Hernandez",20271,678226
2025,"Ryan Loutos","- - -",1,0,0,12,0,12,6.000000476837196,6.000000476837196,3.000000238418598,0.34782608695652173,0.36885246,0.4375,0.25,95.42671103789428,12.750001013279041,7.547399796288187,8.635136755307549,6.3574556606864405,-0.38940247148275375,82.09663658375521,90.25771223127155,4.577108051948052,47.48427181818182,38.634345108225105,0.2797204329004329,6.3574556606864405,5.532786033024503,"Ryan Loutos",29521,702795
2025,"Brady Basso","ATH",1,1,0,11,1,11.2,6.171429412219104,6.942858088746491,0,0.3076923076923077,0.80952381,0.589743589,0,92.83814808238637,2.314286029582164,4.142540653765231,4.07799358951804,5.399484610809367,0.06834767758846283,93.8802912621359,94.33097087378641,4.587437427184467,47.37318155339806,40.55164839805825,0.28660611650485435,5.399484610809367,5.52846394359887,"Brady Basso",25582,669620
2025,"Anthony Misiewicz","MIN",0,0,0,5,0,4.2,9.64285845659235,7.714286765273879,3.8571433826369397,0.25,0.64516129,0.214285714,0.25,91.95558384486607,9.64285845659235,10.53388862538721,9.135137135642026,6.206689847749101,-0.197532057762146,89.54293103448278,84.24155172413793,5.286067413793103,39.861799999999995,45.9448626724138,0.7523593103448276,6.206689847749101,5.5232824442383786,"Anthony Misiewicz",18152,664948
2025,"Roki Sasaki","LAD",1,1,0,10,8,36.1,6.935780059246801,5.449541475122486,1.4862385841243144,0.23529411764705882,0.79399142,0.388888888,0.136363636,96.40829014931955,4.458715752372943,5.666691888238808,5.804861182281945,5.525132636280106,-0.06505696475505829,90.8391010071726,84.3006472533608,5.454559567307692,38.05022887820513,58.11905408653847,0.8646885576923075,5.525132636280106,5.5225824486738775,"Roki Sasaki",35323,808963
2025,"Scott Alexander","- - -",1,1,0,21,0,17.2,4.075473192282736,4.584907341318078,2.54717074517671,0.3103448275862069,0.80769231,0.507936507,0.25,,6.113209788424104,9.04836097683692,7.606836070850345,5.672955340854404,-0.5522335395216942,97.68127795527155,100.3670287539936,5.004128530351439,42.893116293929715,36.64561488817891,0.5644000638977635,5.672955340854404,5.519164056111812,"Scott Alexander",10591,518397
2025,"Dom Hamel","NYM",0,0,0,1,0,1,0,0,0,0.6,1,0.4,0,91.9030990600586,0,10.204240568351711,6.135136318206787,7.676875633001328,-0.015600432641804218,82.61846153846153,47.24307692307691,6.88015,22.72287,47.62602,1.8150800000000002,7.676875633001328,5.5124948008882475,"Dom Hamel",30153,687589
2025,"Dylan Smith","DET",1,0,0,7,0,13,2.7692309723803428,3.4615387154754282,0,0.16666666666666666,0.85714286,0.527777777,0,94.90848894817073,1.3846154861901714,3.9253074383345545,4.365905639264717,5.551859045338464,-0.00324193574488163,93.71842424242425,81.16654545454546,5.227807333333334,40.48819090909092,52.26235175757576,0.7135200606060605,5.551859045338464,5.50801823062606,"Dylan Smith",30145,681916
2025,"McCade Brown","COL",0,5,0,7,7,25.2,8.064935864033474,5.961039551676916,2.1038963123565586,0.32,0.71100917,0.345679012,0.162162162,94.31919642857143,7.363637093247956,6.506708669606391,6.953318514705727,6.136864718772557,-0.3395610749721527,90.94345933562427,83.68373424971365,5.273693884462151,39.99481998007968,50.71234480079682,0.7441115537848605,6.136864718772557,5.470244320408944,"McCade Brown",30004,685326
2025,"Zach Agnos","COL",1,3,4,30,0,31.1,5.457447694404714,4.882979516046324,1.4361704458959776,0.26804123711340205,0.56097561,0.405940594,0.116279069,95.77554915787337,6.606384051121497,6.493879323387671,5.624498424426482,5.6658215333524,-0.37271127104759216,88.53221804511284,89.9274060150376,5.960125996204933,32.61461284629981,40.98763419354839,1.2017322201138523,5.6658215333524,5.4653252896707905,"Zach Agnos",31552,688642
2025,"Carson Whisenhunt","SFG",2,1,0,5,5,23.1,6.171428907744757,4.628571680808568,2.314285840404284,0.24242424242424243,0.79710145,0.436619718,0.206896551,92.52911658653846,5.014285987542615,6.600821193928884,6.906565095161916,5.4798695943721105,-0.41518330574035645,91.33700499168054,76.58279534109816,4.944219068627451,43.537212867647064,51.02044769607843,0.5244606862745098,5.4798695943721105,5.458448035763852,"Carson Whisenhunt",31676,687931
2025,"Rowdy Tellez","TEX",0,0,0,1,0,2,0,0,4.5,0.4444444444444444,0.65217391,0.4,0.5,56.64831012228261,13.5,15.026270912576042,11.135136318206786,6.176875633001328,-0.06927339732646942,39.332173913043476,61.630434782608695,-0.30955,80,20,-2.9780499999999996,6.176875633001328,5.451698658356208,"Rowdy Tellez",15679,642133
2025,"Austin Gomber","COL",0,7,0,12,12,57.2,5.306358615516205,2.6531793077581023,2.497109936713508,0.3235294117647059,0.6314433,0.331797235,0.153846153,89.39878484876094,7.491329810140524,6.041769516306551,6.499298316279152,5.672839703045151,-0.3645362854003906,90.20506958250496,88.72147117296221,4.750256066066067,45.62264970970971,35.52801246246246,0.3951517917917918,5.672839703045151,5.436249824433236,"Austin Gomber",16561,596295
2025,"Logan Gillaspie","SDP",0,0,0,3,0,7,5.14285784351592,5.14285784351592,1.28571446087898,0.2857142857142857,0.94339623,0.454545454,0.166666666,95.50745913856908,2.57142892175796,7.131511119910298,5.992279564604521,5.456627475737321,-0.16994941234588623,91.48767857142859,87.22428571428573,4.312142767857144,50.33311035714286,42.115172232142854,0.10307526785714287,5.456627475737321,5.434633889493377,"Logan Gillaspie",22461,670810
2025,"Randy Vásquez","SDP",6,7,0,28,26,133.2,5.251870349169945,3.5012468994466297,1.0773067382912707,0.26139088729016785,0.77351485,0.401392111,0.083333333,93.53729600694444,3.8379052551626516,5.369849737270606,4.848353283961655,5.506811754229897,0.8041343986988068,93.6617771591235,95.1422154425143,3.9155235784085622,54.59735016751978,43.02522021405305,-0.16133653792461616,5.506811754229897,5.42771038970793,"Randy Vasquez",24719,681190
2025,"Andrew Hoffmann","- - -",1,1,0,11,0,12,9.000002145767724,7.50000178813977,1.500000357627954,0.32432432432432434,0.56603774,0.333333333,0.1,94.6039488549326,6.000001430511816,6.105888808673571,5.801803620656482,6.20470257470598,-0.24379625171422958,94.26746677333793,94.22263534057191,4.246239715447154,51.041600609756095,56.72900154471545,0.059142479674796765,6.20470257470598,5.426704331827297,"Andrew Hoffmann",29633,694851
2025,"Nestor Cortes","- - -",2,4,0,8,8,34.1,7.601942029117549,5.242718640770723,3.40776711650097,0.24731182795698925,0.85427136,0.323809523,0.245283018,90.22163194444444,6.291262368924867,6.961028142894218,8.290476314964664,5.748112638789753,-0.9445662498474121,97.53475088016731,94.89989358796345,4.673030667779633,46.452914323873124,40.29019337228714,0.3436687479131887,5.748112638789753,5.423976376524015,"Nestor Cortes",17874,641482
2025,"Carlos Rodriguez","MIL",1,0,0,4,0,9.2,10.241379983926969,8.379310895940248,0.9310345439933608,0.41379310344827586,0.72815534,0.3,0.0625,93.92912688078704,6.517241807953526,3.9644461204133514,4.997205406193509,6.204222282481092,0.0050191087648272514,97.76221153846151,96.3906730769231,5.050780432692307,42.39154322115384,42.84031980769232,0.5955025000000002,6.204222282481092,5.42131386492958,"Carlos Rodriguez",30161,692230
2025,"Nick Hernandez","HOU",0,0,0,10,0,10.2,9.281250553205643,6.750000402331376,2.531250150874266,0.3,0.88607595,0.242424242,0.142857142,91.27475328947368,5.062500301748532,5.104709754722859,6.978886547312154,6.357935786302356,-0.17102913558483124,87.00904977375566,66.23683257918552,6.869492307692307,22.837458778280546,42.68676751131222,1.8079779185520362,6.357935786302356,5.390577510312858,"Nick Hernandez",19281,663321
2025,"Ian Anderson","LAA",0,1,0,7,0,9.1,7.714285977032729,6.7500002299036375,1.9285714942581822,0.4411764705882353,0.51886792,0.411764705,0.153846153,93.95607346754808,11.571428965549092,5.466489557443333,6.456565002762545,5.818273312343427,-0.13925153017044067,84.02504950495049,80.05970297029704,6.871510985221675,22.815764581280785,30.43240798029557,1.8093230049261086,5.818273312343427,5.380332155483268,"Ian Anderson",19951,666120
2025,"Michel Otañez","ATH",0,0,0,6,0,5.1,10.125002413988689,8.43750201165724,3.3750008046628963,0.35714285714285715,0.49019608,0.375,0.25,97.27781288296569,13.500003218651585,7.593201024141811,9.135137748718602,6.57274610998864,-0.26020923256874084,108.5359677419355,80.44532258064517,6.430931721311476,27.552665901639347,56.35924336065574,1.5156033606557375,6.57274610998864,5.37491656071105,"Michel Otanez",22533,671305
2025,"Alan Rangel","PHI",0,0,1,5,0,11,6.545454545454546,4.909090909090909,0.8181818181818182,0.2903225806451613,0.89041096,0.28125,0.058823529,92.67022383840461,2.4545454545454546,5.761030103824759,4.498772681843151,5.699642531980167,-0.002295450773090124,96.22298850574714,94.60827586206895,4.730699712643678,45.83285718390805,51.778646436781614,0.38211609195402296,5.699642531980167,5.365832539441463,"Alan Rangel",19524,660604
2025,"Bryse Wilson","CHW",0,2,0,20,5,47.1,5.323944234062973,3.612676444542731,2.091549520524739,0.34146341463414637,0.70247934,0.331360946,0.159420289,93.00607893770973,6.654930292578715,8.26502773631986,6.304150743244271,5.53048895702827,-0.5051878541707993,91.95841787505302,92.40177700965621,4.869595433255269,44.33954017564404,43.63149487119437,0.47471194379391096,5.53048895702827,5.3624216120169885,"Bryse Wilson",19990,669060
2025,"Jack Kochanowicz","LAA",3,11,0,23,23,111,5.8378382390916315,4.702703025934926,1.7027028197350593,0.3248587570621469,0.65268065,0.518716577,0.184210526,95.64657265183615,6.810811278940237,5.886520216883907,6.054055437752603,5.178003863003365,-0.5892732739448547,92.52889366272824,85.55448979591834,5.216913093447905,40.60531838882922,46.18047750805586,0.7062565843179379,5.178003863003365,5.352031485271885,"Jack Kochanowicz",27688,686799
2025,"Erik Miller","SFG",4,1,0,36,0,30,6.600002098084163,6.000001907349239,0,0.2891566265060241,0.89361702,0.475,0,97.25404659431138,1.5000004768373099,4.567040081595103,3.9684699164497372,5.150470433540063,0.0718797966837883,106.87484407484406,96.8672765072765,4.801842261410789,45.06800987551867,65.99064124481328,0.42954317427385885,5.150470433540063,5.345247768640519,"Erik Miller",26252,669062
2025,"Kyle Gibson","BAL",0,3,0,4,4,12.1,7.2972980496481865,5.108108634753731,5.108108634753731,0.4489795918367347,0.49618321,0.464285714,0.35,91.62433330829327,16.78378551419083,9.244945559789183,10.594596546736046,5.716335473184241,-0.6430528163909912,81.68342857142858,91.12264285714288,5.229336285714286,40.47179964285714,44.86431442857143,0.7145383928571428,5.716335473184241,5.318467841587165,"Kyle Gibson",10123,502043
2025,"Eli Morgan","CHC",0,1,0,7,0,7.1,4.90909239871488,3.6818192990361602,3.6818192990361602,0.36,0.46296296,0.428571428,0.23076923,92.08852288661859,12.2727309967872,5.3483384807778585,8.589683427889987,6.004584156053061,-0.2722642421722412,97.24212121212125,107.32954545454547,3.653007651515152,57.41977462121212,54.26864621212122,-0.33634674242424245,6.004584156053061,5.307234112204243,"Eli Morgan",20203,669212
2025,"Yosver Zulueta","CIN",1,0,0,7,0,7.1,6.1363647003806205,4.909091760304496,1.227272940076124,0.18181818181818182,0.52631579,0.363636363,0.1,97.69314340444711,6.1363647003806205,5.542217265418292,5.18059121833366,5.510235795666864,-0.04112483188509941,95.01014492753623,95.64637681159418,4.488690714285714,48.4348315,52.54354121428571,0.22077635714285712,5.510235795666864,5.304798183679581,"Yosver Zulueta",27765,691172
2025,"Brooks Kriske","- - -",0,1,0,16,0,18,9.000000476837183,7.500000397364319,0.5000000264909547,0.35185185185185186,0.5952381,0.388888888,0.05,93.3585195899906,7.500000397364319,4.575543718081196,4.357358605184676,5.348180118563112,0.01605823915451765,99.41095363204154,88.8860013412914,5.148176719160104,41.34434860892389,56.43841947506562,0.6604320209973752,5.348180118563112,5.302366526395701,"Brooks Kriske",21189,621139
2025,"Ben Lively","CLE",2,2,0,9,9,44.2,5.84328391478148,3.0223882317835242,1.2089552927134097,0.25,0.82959641,0.291044776,0.085714285,90.22509559599156,3.2238807805690923,4.615965463599837,4.590360281658114,5.260250290745492,0.36580759286880493,90.49253112033198,89.34107883817427,5.1175895138888885,41.67322581944445,26.87764334722222,0.6400407777777779,5.260250290745492,5.299153030518468,"Ben Lively",14932,594902
2025,"Adam Mazur","MIA",0,4,0,6,6,30,5.7,3.6,1.2,0.2815533980582524,0.61881188,0.429906542,0.1,94.72486812232906,4.8,5.0969620148106145,4.901802984873454,5.224122071266175,0.12701915204524994,98.7240490797546,95.82711656441718,4.276930327198364,50.7116045603272,47.909667055214726,0.07960255623721882,5.224122071266175,5.275193869074981,"Adam Mazur",31900,800049
2025,"Germán Márquez","COL",3,16,0,26,26,126.1,5.912928997952866,3.4195252036353927,1.6385224934086255,0.33642691415313225,0.61116965,0.370535714,0.125,94.87457857883817,6.696570190452643,5.7669902895302085,5.470228760504104,5.348962533370095,0.2983991801738739,85.57581730769233,85.18721153846153,5.51295887877336,37.4223600143747,39.184451145184475,0.9036213224724484,5.348962533370095,5.263829760170174,"German Marquez",15038,608566
2025,"Jackson Jobe","DET",4,1,0,10,10,49,7.163265306122449,4.959183673469388,1.2857142857142858,0.2727272727272727,0.78220859,0.432432432,0.120689655,96.7483771829044,4.224489795918367,4.912403047515028,5.1759526447374,5.143725711228896,0.06690920889377594,107.36705882352943,102.72231092436975,3.9472230444697836,54.25650689851768,56.89883819840364,-0.14020361459521094,5.143725711228896,5.258945076886,"Jackson Jobe",30203,695549
2025,"José Ureña","- - -",0,1,1,19,6,55,5.563636556578083,3.763636494155762,1.3090909544889608,0.2768361581920904,0.75208914,0.351648351,0.105263157,96.32341706350948,4.581818340711362,6.724448991053434,5.207863662814309,5.44735799701766,-0.07317341794259846,87.23647565726213,92.43987792486938,4.811574860813704,44.96334033190578,41.11491335117773,0.4360322055674518,5.44735799701766,5.252660246824688,"Jose Urena",11589,570632
2025,"Tyler Anderson","LAA",2,8,0,26,26,136.1,6.8655259285076085,3.7628363262012856,1.8484108269058945,0.2628992628992629,0.7830552,0.292626728,0.127853881,89.36154368729098,4.555012394875241,5.059725395852353,5.599684087414647,5.40634112132622,0.11074844747781754,100.35710132535274,94.10207781103038,4.515076282051282,48.15119385897435,45.48159382051282,0.2383657222222222,5.40634112132622,5.230154780969548,"Tyler Anderson",12880,542881
2025,"Jesus Tinoco","MIA",2,1,4,20,0,19.1,4.655173179227431,3.7241385433819447,0.4655173179227431,0.26229508196721313,0.55084746,0.433333333,0.045454545,95.14571439302884,5.120690497150174,3.561658254117187,4.014446807616413,5.096426205806056,0.17791536450386047,97.466976744186,105.13900332225913,3.2972136184210528,61.24515197368421,53.50988467105263,-0.5735430263157897,5.096426205806056,5.230136464929582,"Jesus Tinoco",16300,622786
2025,"Antonio Senzatela","COL",4,15,0,30,23,130,5.0538465245941255,3.2538463925469028,1.5230770348091884,0.36324786324786323,0.66604995,0.455670103,0.136645962,95.06340772656856,6.646154333712822,6.968182593031439,5.481290336473466,5.190675158861149,-0.08813093602657318,85.32941357812041,93.0184439439104,5.128178285214348,41.559355555555555,31.252170367454063,0.6471006124234471,5.190675158861149,5.222446961833229,"Antonio Senzatela",15488,622608
2025,"Sean Hjelle","SFG",1,1,0,12,1,15,6.6000008392335054,5.400000686645595,1.20000015258791,0.37254901960784315,0.625,0.423076923,0.133333333,,7.800000991821415,5.328917821650072,5.201803247663744,5.010209204762508,-0.118625458329916,93.42381830411901,85.84325327424523,5.187349763779528,40.92321338582676,44.704045866141726,0.6865477165354331,5.010209204762508,5.217771571621443,"Sean Hjelle",21481,663546
2025,"Carson Spiers","CIN",0,2,0,3,2,13.1,7.425000177025799,4.725000112652781,2.025000048279763,0.2631578947368421,0.71428571,0.3,0.15,92.53083844866072,6.07500014483929,7.406447753794217,6.210136391520502,5.597745349111772,-0.0015794187784194946,93.66940379403793,88.02010298102981,5.2072621951219515,40.70902743902439,47.618300000000005,0.6998247967479675,5.597745349111772,5.208807309664933,"Carson Spiers",27685,686730
2025,"Mitchell Parker","WSN",9,16,1,33,30,164.2,5.629554873229226,3.1700406082261665,1.3663968138905889,0.28598130841121494,0.60487805,0.369369369,0.113122171,92.97211660494341,5.68421074578485,5.941226091753892,4.987363110369586,5.0828553523334525,0.8711136728525162,92.1724797783298,94.11465492115244,4.74648481344662,45.6631766494274,42.98003421130403,0.3926383487255265,5.0828553523334525,5.201130686765948,"Mitchell Parker",27636,680730
2025,"Beau Brieske","DET",1,3,1,22,1,22,6.545455396668095,4.909091547501072,2.04545481145878,0.2714285714285714,0.55172414,0.378378378,0.151515151,96.00743292813277,6.545455396668095,4.062503432674118,6.271500362443584,5.629563796608338,-0.4616015590727329,92.96180900124112,98.7788196485727,4.705759703703703,46.10104345679013,50.776209876543206,0.365487827160494,5.629563796608338,5.196727516238443,"Beau Brieske",26079,689225
2025,"Hunter Strickland","LAA",1,2,1,19,0,22,5.727273720355245,4.090909800253747,0.8181819600507494,0.23076923076923078,0.74380165,0.323076923,0.066666666,93.62340353260869,3.2727278402029976,3.959698654304524,4.407863811619064,5.3284175823222535,0.04603298753499985,95.15439759036144,95.66819277108435,4.119908288288288,52.39986096096095,43.84938732732733,-0.025078798798798808,5.3284175823222535,5.196083211595184,"Hunter Strickland",7836,519326
2025,"Ben Bowden","ATH",0,0,0,11,0,10.2,5.9062508800999645,4.218750628642831,1.6875002514571327,0.21212121212121213,0.71428571,0.4,0.111111111,93.33614169034091,4.218750628642831,6.735850199276622,5.666386695392487,5.830571813573762,-0.08755988627672195,102.76310160427806,103.48352941176472,3.732981176470589,56.5599675935829,46.87805192513369,-0.2830311229946524,5.830571813573762,5.190620487797174,"Ben Bowden",20198,641386
2025,"Walker Buehler","- - -",10,7,0,26,24,126,6.571428621166688,4.357142890121391,1.5714285833224688,0.2849604221635884,0.75350467,0.427135678,0.158273381,94.07746369349762,4.928571465875016,5.390532172495515,5.658945861118632,5.0899122437675866,-0.32146739959716797,96.08769687764544,91.73781026113998,4.878742227293474,44.24120017343677,43.386442747603844,0.48080983569146507,5.0899122437675866,5.186752106418669,"Walker Buehler",19374,621111
2025,"Thomas Hatch","- - -",2,1,0,12,1,34,5.823529411764706,4.5,1.8529411764705883,0.3113207547169811,0.72033898,0.451327433,0.162790697,93.21188225544674,5.823529411764706,4.805185874230545,6.017489259383257,5.290865451623412,-0.315320011228323,90.29194027303753,91.47304095563142,5.062264675767917,42.26806370307167,42.725669385665526,0.6031579010238907,5.290865451623412,5.1811517891872425,"Thomas Hatch",19264,641672
2025,"Bailey Falter","- - -",7,7,0,26,24,125.1,5.816489597746244,3.3031916234114473,1.3643617574960327,0.2587601078167116,0.69423929,0.354922279,0.113095238,92.27562334384137,4.452127840250212,4.888735564174281,4.938327880745403,5.034169944891367,0.5387829095125198,93.36595226932631,94.57572489304457,4.490920245901638,48.41090277663934,37.74704087090164,0.22226167520491802,5.034169944891367,5.1778062332413715,"Bailey Falter",20070,663559
2025,"Mason Barnett","ATH",1,1,0,5,5,22.1,7.253731756280458,4.432836073282502,1.2089552927134097,0.323943661971831,0.59171598,0.351351351,0.09375,94.42475373641304,6.850746658709322,3.895589653208341,4.881405074348379,5.3441957607018455,0.16425198316574097,96.5793023255814,97.73534883720932,4.263393480278422,50.85716549883991,48.12040238979118,0.07057675174013922,5.3441957607018455,5.1767620647066925,"Mason Barnett",31741,686930
2025,"Jesse Chavez","ATL",0,1,0,4,0,8,9,5.625,4.5,0.38461538461538464,0.82089552,0.2,0.25,,9,6.46096460555169,9.510136318206786,6.093614947795868,-0.30538293719291687,83.81627906976743,81.66000000000001,5.444057076023392,38.163161871345025,38.549908888888886,0.8576860818713451,6.093614947795868,5.17617011549304,"Jesse Chavez",5448,445926
2025,"Anthony Maldonado","ATH",0,0,0,6,0,6,10.500001668930318,7.500001192093085,4.500000715255851,0.3888888888888889,0.64814815,0.19047619,0.3,92.44857295866936,12.000001907348937,7.191901936271473,9.801804044511751,5.871368944443485,-0.20052237808704376,95.0355223880597,83.42358208955223,6.3793388372093025,28.10739968992248,34.53364759689923,1.4812071317829456,5.871368944443485,5.169158702287942,"Anthony Maldonado",26034,687424
2025,"Jon Gray","TEX",1,1,0,6,0,14,7.714286239779761,3.8571431198898805,3.214285933241567,0.25,0.64285714,0.177777777,0.178571428,94.80679845328282,7.714286239779761,6.236934745762563,7.349422319567953,5.790043700075652,-0.4368956685066223,92.31352380952383,88.9272380952381,5.619931857142857,36.27221057142857,36.16278623809524,0.9749361428571429,5.790043700075652,5.164013318951157,"Jon Gray",14916,592351
2025,"Nate Eaton","BOS",0,0,0,1,0,1,0,0,0,0.5,1,0.5,0,,0,6.797024933269507,3.1351363182067873,4.676875633001328,0.006034383550286293,47.335454545454546,66.31090909090909,10.94615,20,20,4.52575,4.676875633001328,5.150161464929581,"Nate Eaton",25055,681987
2025,"Niko Kavadas","LAA",0,0,0,1,0,1.2,5.400002059937309,5.400002059937309,0,0.42857142857142855,1,0.428571428,0,55.8117822265625,0,8.211513486642277,3.7351365470887106,4.660180488841695,0.016222771257162094,22.484799999999996,23.030400000000007,12.95731,20,20,5.86652,4.660180488841695,5.129815786447925,"Niko Kavadas",29782,694359
2025,"Sammy Peralta","LAA",0,1,0,5,0,10.2,6.750000402331376,5.062500301748532,0,0.3684210526315789,0.4,0.378378378,0,88.99554912860577,7.593750452622798,3.504568394617204,3.322636329382659,5.346169300662456,0.17322854697704315,93.57960784313727,95.61529411764704,3.5730394771241833,58.279571764705885,47.80739464052288,-0.38965771241830066,5.346169300662456,5.1239129500325635,"Sammy Peralta",25589,671111
2025,"Tanner Rainey","- - -",0,1,0,13,0,9.2,10.241382004673927,8.379312549278668,0,0.3076923076923077,0.33333333,0.48,0,95.3533613096993,11.172416732371556,5.606187323701676,3.962722742826902,4.600684006440442,0.05043074628338218,102.06062027524715,80.92781159139368,5.23039104477612,40.460422189054725,51.36875965174129,0.7152421890547265,4.600684006440442,5.122906589673394,"Tanner Rainey",17610,663432
2025,"Marcus Stroman","NYY",3,2,0,9,9,39,6.00000058687656,3.692308053462498,1.384615520048437,0.304,0.65298507,0.465116279,0.130434782,89.63962227957589,6.230769840217966,5.85484592864607,5.186418570130398,5.00488030828515,0.07207655906677246,86.09167613636363,89.53022727272729,4.531940510638298,47.96987551773049,39.992364212765956,0.2496081276595744,5.00488030828515,5.121811494367614,"Marcus Stroman",13431,573186
2025,"Luis Mey","CIN",2,0,0,23,0,21,9.000001634870554,7.285715609180924,1.285714519267222,0.25925925925925924,0.87662338,0.5,0.1875,98.12550354003906,3.4285720513792586,5.3253922901363735,5.563708187933762,4.881223732373813,-0.17804986238479614,108.25876777251185,96.34459715639808,4.897791261904762,44.036398976190476,59.947354833333335,0.4935085238095238,4.881223732373813,5.1202753914599555,"Luis Mey",25620,682825
2025,"Colin Holderman","PIT",0,2,1,24,0,25.2,6.311689875141955,5.6103910001261825,1.4025977500315456,0.35294117647058826,0.66810345,0.534090909,0.16,97.11348100142045,7.012988750157728,5.730551292439157,5.862409721045904,5.338129702990615,-0.45517227053642273,108.05772819472622,99.21638945233269,4.368319959349593,49.72905703252032,59.81209026422765,0.14052849593495936,5.338129702990615,5.1100405049295805,"Colin Holderman",22361,670059
2025,"Ryan Rolison","COL",1,0,0,31,1,42.1,5.314961268502936,4.251969014802349,2.338582958141292,0.32116788321167883,0.67114094,0.479452054,0.229166666,92.78660210503472,7.015748874423876,5.713671261401178,6.749309980788784,5.11947089780487,-0.6772524751722813,95.5978132207026,94.02658232770177,4.77452901179941,45.36165955752212,43.27970793510325,0.4113338348082595,5.11947089780487,5.101500369622047,"Ryan Rolison",22200,669020
2025,"Dillon Tate","TOR",0,0,0,6,0,6.1,11.36842333511018,8.526317501332635,1.4210529168887724,0.3888888888888889,0.88235294,0.263157894,0.125,90.63539632161458,4.263158750666317,6.568342655207397,5.977242151984332,5.87207073903022,-0.08916573971509933,95.38086330935253,92.05438848920866,4.581922805755396,47.43248489208633,48.23792237410071,0.282929928057554,5.87207073903022,5.096029981100471,"Dillon Tate",17796,622253
2025,"Chris Roycroft","STL",1,3,0,20,0,20.2,6.532260074080213,5.22580805926417,0.8709680098773618,0.3380281690140845,0.49723757,0.478873239,0.083333333,95.62007359095982,7.838712088896256,5.751452298574386,4.828685226301657,5.361027820153852,-0.10902475565671921,101.18024570024569,93.34579852579857,4.712157208121827,46.03225639593909,51.41429197969543,0.36975284263959396,5.361027820153852,5.095776213996364,"Chris Roycroft",31261,688297
2025,"Spencer Arrighetti","HOU",1,5,0,7,7,35.1,7.896226699261456,5.0943398059751335,1.52830194179254,0.25,0.71748879,0.386138613,0.153846153,93.18326822916667,5.3490567962738895,5.430872604352131,5.5407967821394895,5.034980724605773,-0.09171288460493088,102.38190938511327,96.78686084142399,3.904093134087237,54.7202123263328,58.86737240710824,-0.1689555735056543,5.034980724605773,5.095476295488251,"Spencer Arrighetti",29921,681293
2025,"Didier Fuentes","ATL",0,3,0,4,4,13,8.307692917141027,4.153846458570514,4.153846458570514,0.3953488372093023,0.48672566,0.265306122,0.272727272,95.77599158653847,13.846154861901713,7.726551543984465,9.135136758364197,5.74423381156903,-0.4754418134689331,108.91590443686007,101.29583617747441,4.1083390102389075,52.52427549488055,52.262006040955626,-0.03279249146757683,5.74423381156903,5.074008369072344,"Didier Fuentes",30661,800311
2025,"Alexis Díaz","- - -",1,0,0,18,0,17.2,8.660379072660227,6.1132087571719245,3.0566043785859622,0.2,0.63559322,0.274509803,0.24,93.58284581264603,8.150945009562566,6.521559566595025,8.512495873126536,6.279107668983439,-0.6126448698341846,93.76249669525133,88.59258482188253,5.392209392265194,38.720623839779,56.42451044198895,0.82312091160221,6.279107668983439,5.06833598799775,"Alexis Diaz",21132,664747
2025,"Tyler Matzek","NYY",0,0,0,7,0,6.1,9.947370418221407,7.105264584443862,0,0.4782608695652174,0.8125,0.304347826,0,94.53868836241882,4.263158750666317,5.303270015239572,3.293031086749984,5.970789381647725,0.056839264929294586,106.20787401574805,94.0812598425197,3.57539842519685,58.25422259842519,56.944323228346455,-0.38808708661417324,5.970789381647725,5.065111656049034,"Tyler Matzek",10058,554431
2025,"Cionel Pérez","BAL",0,0,0,19,0,21.2,8.723078714856397,7.476924612734055,1.2461541021223426,0.3787878787878788,0.59360731,0.582089552,0.176470588,95.69408203125,8.30769401414895,3.926953423031132,5.765906089353955,5.175578353550815,-0.2194371223449707,105.40629711751669,91.04957871396894,5.076109839816934,42.119185377574375,51.72551418764303,0.6123881922196797,5.175578353550815,5.057926092769717,"Cionel Perez",19614,672335
2025,"Elvis Peguero","- - -",0,0,0,8,1,9.1,7.714287578147736,5.7857156836108015,0.964285947268467,0.3548387096774194,0.56818182,0.4375,0.09090909,,6.750001630879268,5.185650648127724,5.063708212743721,5.487901079098669,-0.006417322903871536,101.69021276595741,98.39351063829788,4.750450106382979,45.62050478723404,56.73468143617021,0.3952823936170213,5.487901079098669,5.057448601356829,"Elvis Peguero",21652,665625
2025,"Chris Flexen","CHC",5,1,1,21,1,43.2,4.53435140911722,2.473282586791211,1.4427481756282063,0.22627737226277372,0.7960199,0.354609929,0.114754098,92.36205966550091,3.0916032334890136,5.0822542825401245,5.035899787685218,5.105657765850196,-0.2641037255525589,86.06783212442325,88.82391691757252,5.0691433878157515,42.19409527488856,36.02626358098069,0.607744056463596,5.105657765850196,5.0542657772852735,"Chris Flexen",13896,623167
2025,"Tayler Scott","- - -",1,2,0,24,0,27.1,7.902440770618795,5.926830577964096,1.9756101926546987,0.32941176470588235,0.62780269,0.431818181,0.171428571,92.09987378026186,7.902440770618795,6.437618863536388,6.318063850817135,5.438583510785529,-0.5656270384788513,90.84588096052182,93.69468289135713,4.90361426443203,43.97379154562385,40.83490504655494,0.49739130353817496,5.438583510785529,5.047216493667047,"Tayler Scott",13652,605463
2025,"Tucker Barnhart","TEX",0,0,0,1,0,2,0,0,0,0.5,0.5,0.6,0,44.07731767134233,13.5,7.10799145398474,4.635136318206787,6.947745290398598,-0.004659363068640232,30.621818181818174,34.157272727272726,31.824340000000003,20,20,18.44454,6.947745290398598,5.039483782602176,"Tucker Barnhart",10200,571466
2025,"Jose Quintana","MIL",11,7,0,24,24,131.2,6.08354477381026,3.417721783039472,1.23037984189421,0.25888324873096447,0.73431242,0.432762836,0.111801242,90.29453890931373,3.964557268325788,5.187186751170606,4.81361746054395,4.921617694320327,0.8461607098579407,85.78982909930716,91.376,5.1130878180982995,41.721607037207164,32.28886235645383,0.6370409232889298,4.921617694320327,5.037494885450348,"Jose Quintana",11423,500779
2025,"Kenta Maeda","DET",0,0,0,7,0,8,9.000001072883734,6.7500008046628,1.1250001341104667,0.32,0.60240964,0.4,0.111111111,90.79111328125,7.875000938773267,5.798382571372996,6.135136675834699,6.244593418026817,-0.09708980470895767,89.84534883720927,71.5925581395349,5.854301403508772,33.75242233918129,44.977244210526315,1.1311816959064327,6.244593418026817,5.036586557496735,"Kenta Maeda",18498,628317
2025,"Jhonny Pereda","ATH",0,0,0,3,0,3,9,6,3,0.5714285714285714,0.41666667,0.333333333,0.166666666,88.29222276475694,21,9.06564102912145,7.46846965154012,6.218614947795869,-0.05116882175207138,59.609807692307704,59.795769230769224,8.465022285714285,20,20,2.8716648571428576,6.218614947795869,5.033033964929581,"Jhonny Pereda",19802,640902
2025,"Luis Vázquez","BAL",0,0,0,4,0,4.1,0,2.076923229285257,0,0.23076923076923078,1,0.692307692,0,35.89384608114919,0,6.5548844955157275,3.8274440613018728,4.894802126768245,0.00799758080393076,18.523076923076918,5.745128205128204,12.519796,20,20,5.574847,4.894802126768245,5.029447176664153,"Luis Vazquez",23442,676679
2025,"Forrest Whitley","- - -",0,0,0,10,0,12,9.000001430511702,6.000000953674468,2.2500003576279255,0.38095238095238093,0.33613445,0.288888888,0.142857142,96.09976267260174,13.500002145767553,7.7452240062266515,6.635136874516894,6.08318058767625,-0.1621884349733591,102.99125558035715,91.45737583705358,4.4737169140625,48.5958630078125,56.2146375390625,0.21079390625,6.08318058767625,5.014086174091365,"Forrest Whitley",19586,666215
2025,"Roansy Contreras","- - -",0,0,0,5,0,12.2,4.263158429692724,1.4210528098975745,2.131579214846362,0.23076923076923078,0.64814815,0.357142857,0.136363636,94.98127585018382,5.684211239590298,3.4720478637733834,5.977241938001937,5.576052276512944,-0.06565295159816742,94.94873096446702,89.57532994923858,4.916716345177665,43.83285375634518,38.303420050761424,0.5061270558375633,5.576052276512944,4.9928735051150674,"Roansy Contreras",22810,672710
2025,"Chase Dollander","COL",2,12,0,21,21,98,7.530612831163432,4.500000350329368,1.653061353182217,0.2972027972027972,0.61746988,0.427152317,0.155172413,97.99836000576701,6.520408670885411,5.10325823232556,5.533095688563707,4.970256466339668,0.10041908919811249,97.40823595505621,95.13453932584271,4.551172559055117,47.7631075871766,50.60004901574803,0.26243008436445436,4.970256466339668,4.9905763973657695,"Chase Dollander",33482,801403
2025,"Garrett McDaniels","LAA",0,0,0,10,0,10.2,5.0625012069943445,6.750001609325793,1.6875004023314482,0.3333333333333333,0.72916667,0.742857142,0.4,93.66802215576172,5.9062514081600686,5.99190714895871,6.978887234628419,5.264077129595771,-0.27859073877334595,99.39937172774869,77.56178010471203,6.3768248691099485,28.134423821989532,40.986896335078534,1.4795320418848168,5.264077129595771,4.9871110649295805,"Garrett McDaniels",31751,680729
2025,"Elvin Rodríguez","- - -",0,2,0,7,2,19.2,8.23728840188781,3.2033899340674816,4.118644200943905,0.3090909090909091,0.65420561,0.1875,0.225,94.72715040637601,9.152542668764234,8.167779147214627,8.47411954165259,5.6607078875710295,-0.5138629227876663,94.34222245690131,95.32144164813427,4.622506190476191,46.9961263095238,48.92712827380952,0.30998666666666663,5.6607078875710295,4.985453824280328,"Elvin Rodriguez",20962,660730
2025,"Jack Little","LAD",0,0,0,2,0,3,6,3,0,0.4,0.66666667,0.3,0,93.642138671875,6,2.8442989343483376,3.8018029848734542,6.371368509531022,0.02628142200410366,102.37318181818182,92.14772727272727,4.322391590909091,50.22294,41.369141363636366,0.10990840909090917,6.371368509531022,4.984528816814805,"Jack Little",26152,669193
2025,"Carlos Carrasco","- - -",2,2,0,11,9,45.2,6.7007300202965565,3.3503650101482783,1.970802947146046,0.33774834437086093,0.65625,0.358490566,0.151515151,91.49593701774691,7.094890609725765,5.3614930500836335,5.6095889074012675,4.991080755208627,-0.15975193725898862,80.34502146872649,88.37933986516488,5.129098151476252,41.54947077021823,36.58134335044929,0.647714184852375,4.991080755208627,4.96165795870461,"Carlos Carrasco",6632,471911
2025,"Lance McCullers Jr.","HOU",2,5,0,16,13,55.1,9.92168697498935,6.3433736397472895,1.626506061473664,0.3248407643312102,0.66666667,0.463855421,0.163934426,91.7752490942029,6.506024245894656,5.333820075897547,5.7736905957085085,5.1239212711827715,-0.19096112390980124,96.75950537793888,92.15918479149902,4.535146870095903,47.93538755884917,53.36353419354838,0.2517462249346121,5.1239212711827715,4.938509317353525,"Lance McCullers Jr.",14120,621121
2025,"Ian Gibaut","CIN",0,1,0,25,0,25.1,5.328948438332897,2.842105833777545,1.0657896876665793,0.27710843373493976,0.70469799,0.360465116,0.075,94.12875,4.61842197988851,4.047205461934374,4.437768158688162,5.3326198880263025,0.12054870277643204,89.08321428571429,97.30515306122447,3.842481932989691,55.38264935567011,45.955193402061866,-0.21003082474226806,5.3326198880263025,4.937109287688457,"Ian Gibaut",17871,664139
2025,"Logan Evans","SEA",6,5,0,16,15,81.1,6.52868893286839,3.4303280833715273,1.4385246801235436,0.2839506172839506,0.72874494,0.4,0.13,92.9436418204472,4.315574040370631,5.2212000701719345,5.053169225038179,4.870881485926999,-0.0503691416233778,91.37792624803006,91.78290025995797,4.5331059402985066,47.95735257462687,42.62758149253731,0.25038584328358204,4.870881485926999,4.926512428965372,"Logan Evans",33699,688138
2025,"Alek Jacob","SDP",1,0,0,29,0,33.1,6.210001658249344,3.780001009369166,1.6200004325867854,0.28846153846153844,0.75630252,0.363636363,0.125,85.4579369329637,5.130001369858154,5.023590595363376,5.8951370552064954,5.775241636495103,-0.4324561655521393,89.93778156996588,89.09122866894197,3.5580739249146767,58.440481211604094,68.07066131399318,-0.39963549488054617,5.775241636495103,4.924813342888714,"Alek Jacob",29628,689690
2025,"Jake Irvin","WSN",9,13,0,33,33,180,6.2,3.1,1.9,0.28186714542190305,0.68160153,0.428087986,0.168888888,92.4653637513312,5.7,5.567164803525224,5.635136318206787,4.817866017255518,-0.3906923234462738,92.59287317239033,94.11298877932677,3.9174788530709197,54.576314608076025,42.40660630810994,-0.16003289446895144,4.817866017255518,4.922884208974485,"Jake Irvin",21504,663623
2025,"Andrew Heaney","- - -",5,10,0,27,23,122.1,6.326975542603532,2.9427793221411775,1.8392370763382362,0.2765957446808511,0.70629371,0.367088607,0.157232704,90.18407698921536,5.517711229014708,5.650824481056491,5.587452419991102,4.9346176806631155,-0.2890596389770508,90.1880951716421,92.90550425141451,3.9102918417266186,54.65357588489209,42.956672345323724,-0.1648236450839328,4.9346176806631155,4.89948852528618,"Andrew Heaney",15423,571760
2025,"Allan Winans","NYY",0,1,0,3,1,9.1,5.785714482774546,2.892857241387273,1.9285714942581822,0.3333333333333333,0.46052632,0.44117647,0.153846153,89.68248046875,8.67857172416182,6.3122735496626525,6.242279281178304,5.603987590759185,-0.1177309900522232,85.83893972725984,77.23900096746961,4.853548421052632,44.512057192982454,39.28946631578947,0.4640122807017543,5.603987590759185,4.894963450806341,"Allan Winans",21238,642216
2025,"Erasmo Ramírez","MIN",0,1,1,9,0,11,4.090909445581388,1.6363637782325553,1.6363637782325553,0.24242424242424243,0.86956522,0.342857142,0.133333333,91.0925521850586,2.454545667348833,4.529162014194776,5.1351364916021325,4.873871898216384,-0.11154869943857193,89.09179487179487,97.02461538461539,4.260450506329113,50.88882727848101,34.3386358227848,0.0686154430379747,4.873871898216384,4.890583793917101,"Erasmo Ramirez",10314,541640
2025,"Sean Reynolds","SDP",0,1,0,19,1,27,8.333335688085397,5.66666826789807,1.3333337100936635,0.23529411764705882,0.69767442,0.314285714,0.133333333,96.04740047454834,5.333334840374654,6.298733457506951,5.431433263368097,5.218550960393028,-0.2559995949268341,94.22296502990011,91.01159083311666,4.728924696356276,45.85197947368422,50.56020147773279,0.38093176113360305,5.218550960393028,4.888263734899765,"Sean Reynolds",22253,669308
2025,"DL Hall","MIL",1,0,0,20,3,38.2,6.2844834819560935,3.9568970071575404,0.4655172949597106,0.2018348623853211,0.68062827,0.378378378,0.044444444,93.93320970856742,3.49137971219783,3.5429749824821712,3.7299639728775285,4.851815890770649,0.3679358661174774,92.37982416500026,91.76955119049872,4.807265415959253,45.009683650254665,55.09033492359932,0.4331584380305603,4.851815890770649,4.886641827654499,"DL Hall",22207,669084
2025,"Osvaldo Bido","ATH",2,5,1,26,10,79.2,7.682008981266499,3.953975210945992,2.14644368594211,0.3148936170212766,0.72625698,0.304347826,0.147286821,94.78953200120192,5.874477456262617,5.343426022527926,6.072375046338095,5.46841313548382,-0.5648246556520462,97.28843292386742,91.31298961243151,4.408561099855283,49.29638994211288,47.90108311866859,0.16735564399421127,5.46841313548382,4.883429074443426,"Osvaldo Bido",23150,674370
2025,"Bowden Francis","TOR",2,8,0,14,14,64,7.593750452622798,3.796875226311399,2.6718751592561696,0.2857142857142857,0.74935401,0.34,0.206521739,92.58560995729813,6.046875360421858,6.081622147569866,6.853886539861573,5.210761706940853,-0.8437938094139099,93.85846956521738,93.99925217391305,4.371858731408575,49.69100916010499,43.1745098600175,0.14288741032370955,5.210761706940853,4.88260159039607,"Bowden Francis",20548,670102
2025,"José Quijada","LAA",0,0,0,2,0,1.1,20.250004827977378,13.500003218651585,0,0.3333333333333333,1,0.333333333,0,95.31878167229729,0,7.08023670885252,3.1351363182067873,3.1351363182067873,0.016210263594985008,95.2629268292683,77.19902439024389,7.836572195121952,20,58.384790975609754,2.4526958536585366,3.1351363182067873,4.88177083992958,"Jose Quijada",19200,650671
2025,"Valente Bellozo","MIA",1,4,0,32,6,81.1,5.975410069614554,2.5450820666876806,1.6598361304484872,0.2777777777777778,0.74725275,0.319391634,0.111940298,90.77510279605264,4.647541165255764,5.225300325454347,5.200710169431572,5.3432478985576,-0.1807246208190918,92.70029961674972,89.99539472249569,5.004711838124054,42.88683714826021,35.08623832829047,0.5647897503782149,5.3432478985576,4.871427501708768,"Valente Bellozo",23899,678368
2025,"Orlando Ribalta","WSN",0,0,0,22,0,24.1,9.246577275227017,6.287672547154371,2.2191785460544837,0.30985915492957744,0.71808511,0.376623376,0.162162162,96.41562917780749,7.027398729172533,5.454458648159348,6.505000036289522,5.643808951378028,-0.32434388995170593,102.2643286573146,97.29058116232467,4.298538545816733,50.479328247011956,55.11341547808766,0.09400701195219123,5.643808951378028,4.869951875203431,"Orlando Ribalta",26247,687377
2025,"Gunnar Hoglund","ATH",1,3,0,6,6,32.1,6.402062107442565,3.0618557905160095,2.783505264105463,0.29473684210526313,0.74285714,0.409523809,0.232558139,93.507939453125,6.402062107442565,7.715348297559144,6.7536931615438895,4.783428873838053,-0.4190484285354614,94.94598540145986,101.41010948905111,3.7774623357664234,56.081716697080296,52.38725332116788,-0.2533761678832117,4.783428873838053,4.868992904439217,"Gunnar Hoglund",31318,680684
2025,"Jake Eder","LAA",0,1,0,8,0,18.1,7.363636874364463,4.418182124618678,1.4727273748728926,0.24,0.72115385,0.288461538,0.111111111,93.21921641791045,4.909091249576308,4.22002100995537,5.2624091930231875,5.405698012022483,-0.0828700065612793,89.32604651162792,85.22664451827242,5.323269603960396,39.46183283828384,44.71133501650165,0.777160198019802,5.405698012022483,4.867696965023423,"Jake Eder",27590,671109
2025,"Jacob Barnes","TOR",0,1,0,6,0,8,5.625000670552334,3.3750004023314,1.1250001341104667,0.3333333333333333,0.34482759,0.392857142,0.1,94.03932472511575,9.000001072883734,6.2251167755083205,4.635136497020743,4.937310676535888,0.005687764845788479,93.64709677419356,89.85303225806453,5.670156917808218,35.732214178082195,45.57875143835617,1.008419794520548,4.937310676535888,4.865546504507466,"Jacob Barnes",12323,606930
2025,"Julian Merryweather","CHC",0,1,0,21,0,18.2,7.232144581420492,5.303572693041694,0.964285944189399,0.35,0.67307692,0.44262295,0.125,96.28034277921597,5.785715665136394,6.7768310177351525,4.688708117178597,4.6173417985588605,-0.0955464169383049,100.51196581196582,102.00074074074072,4.352405835694052,49.90015660056657,47.6313790368272,0.12991858356940506,4.6173417985588605,4.859406176080896,"Julian Merryweather",16703,657240
2025,"Luke Jackson","- - -",2,5,9,52,0,51,6.70588360690764,4.941177394563525,0.7058824849376464,0.2534246575342466,0.63253012,0.517006802,0.083333333,94.24668890035377,4.058824288391467,4.303786654135149,4.488077747670609,4.919518752076099,-0.1636361413402483,92.60778517910492,98.63646335041719,4.163007876378287,51.93647815521629,57.16771707061068,0.0036534107294317665,4.919518752076099,4.858601202585577,"Luke Jackson",11752,592426
2025,"José Leclerc","ATH",0,1,0,10,0,9,8.000002543132318,5.0000015894577,3.0000009536746197,0.3333333333333333,0.86956522,0.333333333,0.214285714,94.66269654865506,6.000001907349239,6.760628147734094,7.357359882637733,5.422287090508389,-0.25670936703681946,88.41519650655023,92.2782532751092,5.346461834061135,39.212459475982534,47.133783973799126,0.7926231441048034,5.422287090508389,4.852394927800367,"Jose Leclerc",14524,600917
2025,"Michael Kelly","ATH",4,4,2,42,0,39.2,6.579833620172996,4.310925475285756,1.13445407244362,0.24107142857142858,0.77777778,0.417391304,0.1,95.8491847826087,3.176471402842136,4.8363388277916854,4.824212381622844,5.128925881776618,-0.15872891247272491,100.10088280060879,94.42480974124811,4.140602097264439,52.1773911550152,45.70594212765956,-0.011283723404255286,5.128925881776618,4.851807274199875,"Michael Kelly",12791,547184
2025,"Sam Long","KCR",2,3,0,39,0,40.1,7.36363729223296,4.909091528155307,1.5619836680494157,0.328,0.65916399,0.396946564,0.145833333,93.36464914259928,5.355372576169426,4.952204721501,5.54009529917176,5.118694100001032,-0.3634489178657532,97.32252206809584,92.25228247162671,5.174413384223918,41.06228139949109,39.257257849872765,0.6779236259541984,5.118694100001032,4.847945571747112,"Sam Long",25379,669674
2025,"Cal Quantrill","- - -",4,12,0,26,26,117.2,6.501416623803327,2.6770539039190173,1.6827195967490964,0.3114754098360656,0.65426997,0.338541666,0.13253012,93.59377245440531,6.042493097417211,5.758728084707704,5.140802100190559,4.885238859643012,0.36597365140914917,88.3680739526278,89.03256204639872,5.347101385842472,39.205590463609184,34.82406745264207,0.7930495014955137,4.885238859643012,4.843407844622377,"Cal Quantrill",19312,615698
2025,"Oswald Peraza","LAA",0,0,0,2,0,2.1,0,0,3.8571433826369397,0.5714285714285714,0.23255814,0.533333333,0.333333333,39.223333740234374,30.857147061095517,6.341568548211135,9.992280109561346,6.403087311022757,-0.06942731142044067,37.397999999999996,41.36750000000001,12.07386487804878,20,20,5.277556585365853,6.403087311022757,4.833567714929581,"Oswald Peraza",22823,672724
2025,"Miles Mikolas","STL",8,11,0,31,31,156.1,5.756929824826819,2.130064035185923,1.6695096491997774,0.28,0.72446556,0.401904761,0.129464285,92.92760263929618,4.835821052854527,5.26684197638802,5.034923160399638,4.8324686112583155,0.2942189872264862,89.07770967741936,93.6826532258065,4.511313318566252,48.191667539267016,27.132568231977448,0.2358572734595248,4.8324686112583155,4.832264048229786,"Miles Mikolas",9803,571945
2025,"Javier Assad","CHC",4,1,0,8,7,37,5.594595027196345,2.91891914462418,0.729729786156045,0.2702702702702703,0.75892857,0.47368421,0.083333333,91.94508107503255,3.648648930780225,4.860272597578776,4.2432445119993005,4.689261177098418,0.3373682964593172,93.24509186797597,92.20221087871221,4.840393315696649,44.65347809523809,40.65246476190477,0.4552447266313932,4.689261177098418,4.826114742008365,"Javier Assad",21741,665871
2025,"Andry Lara","WSN",0,0,0,9,0,14.1,6.279070324482614,5.023256259586091,1.2558140648965228,0.43859649122807015,0.63253012,0.526315789,0.153846153,94.21168619791666,8.79069845427566,6.936542312226149,5.437462103850413,5.021830282721982,-0.12522582709789276,84.33420289855071,80.83014492753624,5.831423176470588,33.9983823137255,27.205251921568625,1.1159309803921569,5.021830282721982,4.803860673607267,"Andry Lara",27967,691251
2025,"Luis Contreras","HOU",0,0,0,9,0,12,9.750000774860444,6.000000476837196,1.500000119209299,0.2903225806451613,0.61728395,0.242424242,0.105263157,91.09221662554825,6.750000536441846,3.50575441903607,5.135136477152519,5.409557080719532,-0.06218591332435608,86.1244642857143,87.88714285714285,5.986014553571429,32.336257633928575,48.42632924107142,1.2189903125000003,5.409557080719532,4.8005966557786,"Luis Contreras",25839,664351
2025,"Justin Garza","NYM",0,0,0,5,0,6.2,4.050000386238135,1.350000128746045,1.350000128746045,0.30434782608695654,0.65789474,0.375,0.111111111,95.96263122558594,5.40000051498418,6.1275578930733285,4.635136461257948,4.7664845487569085,0.005003815051168203,94.9319540229885,97.88735632183909,4.2518106976744185,50.98171895348837,47.282385930232564,0.06285500000000001,4.7664845487569085,4.8001589087089895,"Justin Garza",19784,621057
2025,"Connor Gillispie","MIA",0,3,0,6,6,26,7.961538461538462,3.8076923076923075,2.076923076923077,0.3170731707317073,0.50561798,0.372093023,0.153846153,91.47325067934783,8.653846153846153,5.37420128336747,5.750520933591403,5.063129905783214,-0.048635613173246384,88.96899598393576,86.66518072289158,5.027180826271186,42.64525883474576,44.23538315677966,0.5797689830508475,5.063129905783214,4.79396754054913,"Connor Gillispie",26171,687362
2025,"Gavin Hollowell","CHC",0,0,0,7,0,9.1,9.64285845659235,6.750000919614645,0.9642858456592349,0.32,0.75342466,0.423076923,0.125,94.59233012952302,4.821429228296175,5.108450851104982,4.635136522565597,4.56377021123803,-0.03352326899766922,115.50139534883719,97.64569767441863,3.7123615116279067,56.781664127906986,61.04360087209302,-0.29677802325581404,4.56377021123803,4.793713651424057,"Gavin Hollowell",25427,668970
2025,"Taijuan Walker","PHI",5,8,1,34,21,123.2,6.2587603330551635,3.05660388358508,1.52830194179254,0.2883116883116883,0.78061911,0.447761194,0.14,92.15319504662958,4.075471844780107,4.572659355911493,5.067750943013227,4.730237970375111,0.5112498626112938,86.2751675006871,91.54474054361634,5.079288472356934,42.08500510184288,33.15027497575171,0.6145070417070805,4.730237970375111,4.792629162918619,"Taijuan Walker",11836,592836
2025,"Dan Altavilla","CHW",0,1,2,28,0,29,6.517242665240057,4.655173332314327,1.2413795552838205,0.19736842105263158,0.89506173,0.512820512,0.166666666,96.13321273053279,2.482759110567641,4.656948424936625,5.445481601651675,4.928300242883865,-0.20493334531784058,98.5276521739131,85.10739130434784,5.0556483991228065,42.33918662280701,46.372589078947385,0.5987472368421052,4.928300242883865,4.786378548976122,"Dan Altavilla",16507,656186
2025,"Logan Allen","CLE",8,11,0,30,29,156.2,7.008511093367627,3.561702358924532,1.0340426203329287,0.297008547008547,0.70570571,0.443983402,0.096256684,91.2494838150245,4.251064105813151,4.439450930177709,4.373434270951158,4.720063560691634,1.718554314225912,91.5388245354073,91.9537140504323,4.6704709525235195,46.48044036553237,44.10542981745815,0.34196273615274597,4.720063560691634,4.7861480099495495,"Logan Allen",27589,671106
2025,"Martín Pérez","CHW",1,6,0,11,10,56,7.0714289327057225,3.5357144663528612,0.9642857635507803,0.22077922077922077,0.73741007,0.389937106,0.08,89.8560163974762,3.5357144663528612,5.3569433213790685,4.242279231913239,4.914251562843931,0.8354494273662567,85.66775886280537,89.61894412060832,5.528510176991151,37.255147345132734,31.068766825221243,0.9139888938053097,4.914251562843931,4.780059393032901,"Martin Perez",6902,527048
2025,"Tanner Houck","BOS",0,3,0,9,9,43.2,6.59542023144323,3.5038169979542158,2.061068822326009,0.3381294964028777,0.58461538,0.483221476,0.227272727,95.1952880859375,8.038168407071435,6.18617637663354,6.158037257618267,4.734446255265152,-0.3472352921962738,95.65186666666668,99.65877333333333,4.402299679572763,49.36366600801068,47.29156153538051,0.16318273698264352,4.734446255265152,4.778517579522725,"Tanner Houck",19879,656557
2025,"Bailey Horn","DET",0,1,0,10,0,11.1,7.94117802979655,5.558824620857585,0.7941178029796551,0.3125,0.96385542,0.393939393,0.125,95.55168071546052,1.5882356059593101,5.7860477261043455,4.370430678397362,4.311658418477415,-0.023806100711226463,109.87937499999998,111.9019642857143,3.3825877678571428,60.32724678571428,63.86190535714286,-0.5166265625,4.311658418477415,4.775188664929582,"Bailey Horn",27753,690544
2025,"Daniel Robert","PHI",0,0,0,15,0,13,10.384616908237296,6.923077938824865,1.3846155877649728,0.28125,0.76923077,0.264705882,0.133333333,95.95473881091101,4.1538467632949185,4.259672494224062,5.135136611645081,4.914066557818962,-0.05366181954741478,105.98596078431372,96.41215686274509,4.5637825390625,47.62751542968749,46.949688828125,0.270836953125,4.914066557818962,4.768858385764347,"Daniel Robert",21229,642016
2025,"Emerson Hancock","SEA",4,5,0,22,16,90,6.400000406901068,3.1000001970927045,1.5000000953674377,0.28888888888888886,0.72222222,0.429577464,0.151515151,94.99182889778116,4.9000003115336295,5.5173206144844595,5.0795808862756875,4.608827435953318,-0.03703887760639191,90.03851527819174,87.85030083402049,4.682989290231905,46.34584881939564,40.25726216444132,0.3503074349964863,4.608827435953318,4.7603685435077265,"Emerson Hancock",27470,676106
2025,"Bryan Hudson","- - -",0,1,0,16,0,15,11.400002174377857,7.800001487732217,1.2000002288818796,0.3333333333333333,0.73529412,0.425,0.133333333,90.63607700892857,4.8000009155275185,4.649574309085612,5.335136737823566,5.143542682741108,-0.09944728948175907,94.64046365149831,76.72260044395117,5.195962704402516,40.83062317610063,52.82792937106917,0.6922894025157232,5.143542682741108,4.760008219108931,"Bryan Hudson",19924,663542
2025,"Chase Shugart","PIT",4,3,0,35,0,45,6.200001051161203,3.40000057644324,1.2000002034505552,0.21428571428571427,0.77464789,0.333333333,0.096774193,95.41554236778846,3.40000057644324,4.6387000508861425,4.690692137494544,5.081533037475454,-0.0655301958322525,98.42103896103897,96.55924963924961,4.818674502164502,44.887021010101,43.32356005772005,0.44076443001443,5.081533037475454,4.759847972479099,"Chase Shugart",21544,663767
2025,"Cooper Criswell","BOS",1,0,1,7,1,17.2,4.584906072878034,2.547170040487797,1.5283020242926781,0.31746031746031744,0.75630252,0.53030303,0.142857142,,3.5660380566829155,3.991412272924558,5.172872350597025,4.797958672188125,-0.04692397639155388,93.79340579710146,104.81246376811593,3.2931805072463765,61.28852463768116,59.06873865942028,-0.5762312318840579,4.797958672188125,4.756782197352095,"Cooper Criswell",24975,681867
2025,"Casey Lawrence","- - -",1,2,0,6,0,17.2,3.566037864182593,0.5094339805975133,1.0188679611950267,0.34782608695652173,0.51587302,0.408450704,0.08,88.31436326768663,4.075471844780107,8.212331738699707,4.154004279401813,4.86401276928529,0.029033963568508625,83.22392645087149,99.31298665645151,3.629945036231884,57.66773800724637,43.517990000000005,-0.35172112318840576,4.86401276928529,4.750189277429581,"Casey Lawrence",11121,596271
2025,"Shinnosuke Ogasawara","WSN",1,1,0,23,2,38.2,6.982759768841146,3.9568972023433164,2.094827930652344,0.2982456140350877,0.6547619,0.363636363,0.176470588,90.97891258647424,6.982759768841146,5.387144512697413,6.160998884704617,5.16863764535786,-0.5168964902404696,91.7169171731277,94.34828908741808,4.696210964391692,46.20371694362018,45.20140597922849,0.35912203264094955,5.16863764535786,4.746907982697827,"Shinnosuke Ogasawara",35324,829272
2025,"Eduardo Salazar","WSN",0,1,0,30,0,29,7.137931973415503,4.965517894549915,2.1724140788655877,0.3883495145631068,0.64575646,0.509259259,0.21875,95.32836126512096,8.37931144705298,5.906022338082309,6.445481581240064,5.008779946510529,-0.48647627234458923,94.57355191256833,91.22061930783241,4.873731596330276,44.295086495412846,43.41851102752293,0.4774695045871559,5.008779946510529,4.739266393812795,"Eduardo Salazar",23135,674285
2025,"Luke Williams","ATL",0,0,0,6,0,6,6.000000953674468,1.500000238418617,1.500000238418617,0.2631578947368421,0.89285714,0.25,0.09090909,63.015164227552816,3.000000476837234,3.885755277085869,4.46846986346778,5.128325378805647,0.009064296260476112,42.913239436619726,57.85267605633803,7.723712539682541,20,20,2.37745619047619,5.128325378805647,4.737262264929581,"Luke Williams",19931,663897
2025,"Kyle Hendricks","LAA",8,10,0,31,31,164.2,6.230769615684207,2.350202574337026,1.3663968455447824,0.2795275590551181,0.68333333,0.38490566,0.111111111,86.60104370117188,4.755061022495843,3.9157386627954116,4.598699161656977,4.731642565591036,1.8168165683746338,97.65366575769379,92.67763926762754,4.017177097902098,53.5043868958819,34.03122343045843,-0.09356659285159286,4.731642565591036,4.729516538114856,"Kyle Hendricks",12049,543294
2025,"Wander Suero","ATL",0,0,0,5,0,6.1,9.94736892034475,5.684210811625571,4.263158108719178,0.3888888888888889,0.6122449,0.333333333,0.23076923,,11.368421623251143,4.043753257210919,8.977241874599736,5.983969791567124,-0.21530979871749878,97.21205673758867,102.36226950354609,4.325156549295775,50.19312176056338,47.390960352112685,0.11175380281690149,5.983969791567124,4.726626308679581,"Wander Suero",15855,593833
2025,"Johan Oviedo","PIT",2,1,0,9,9,40.1,9.371901121908806,5.132231566759584,1.3388430174155437,0.20833333333333334,0.80275229,0.303921568,0.12,95.27612106199187,3.57024804644145,4.162816984340966,4.920260341427513,4.897623127649222,0.22703209519386292,107.53043609022559,96.65320300751875,4.680007391304347,46.37790461769115,57.24427958020989,0.34831967016491755,4.897623127649222,4.726352643351075,"Johan Oviedo",22487,670912
2025,"Connor Seabold","- - -",0,0,0,7,0,10.1,8.709678491122153,5.225807094673291,0.8709678491122153,0.3548387096774194,0.78313253,0.34375,0.058823529,92.34122548204788,4.3548392455610765,4.451051673890457,4.199652578232829,5.477998059878718,0.01787734031677246,93.5172972972973,90.11297297297298,4.819010054054054,44.88343918918918,46.94680978378378,0.4409887027027027,5.477998059878718,4.725826399770484,"Connor Seabold",19695,657756
2025,"Garrett Hampson","STL",0,0,0,1,0,1,0,0,0,0,1,0.666666666,0,46.928131103515625,0,1.2641265119029022,3.1351363182067873,4.676875633001328,0.005371824372559786,33.78666666666667,63.826666666666675,9.63596,20,20,3.6522899999999994,4.676875633001328,4.719494800122247,"Garrett Hampson",19262,641658
2025,"Jake Palisch","CHW",0,0,0,1,0,1,0,0,0,0.5,0.33333333,0.5,0,91.9954605102539,18,9.582997090497077,3.1351363182067873,4.676875633001328,0.007967152632772923,84.6025,84.76916666666666,4.86337,44.40645,34.47657,0.47056000000000003,4.676875633001328,4.719494800122247,"Jake Palisch",31598,669449
2025,"Tim Herrin","CLE",5,4,0,54,0,42.2,9.492190611782572,6.328127074521715,1.054687845753619,0.2962962962962963,0.75757576,0.419642857,0.108695652,94.74771118164062,4.851564090466648,4.4024320029762825,5.080449455930129,5.2191997001788675,-0.4419720470905304,100.41136363636363,85.13871657754012,5.5391694266666684,37.140568893333324,50.09240725333335,0.9210946000000001,5.2191997001788675,4.719420824273928,"Tim Herrin",25139,682120
2025,"Mitch Farris","LAA",1,3,0,5,5,24.1,8.876712792629753,4.0684933632886375,1.479452132104959,0.29850746268656714,0.55921053,0.214285714,0.117647058,90.47607905321782,6.657534594472315,5.616476039849566,4.7789720205456305,4.796196817460022,0.14937254786491394,87.64965346534653,78.76955445544556,5.603399925925927,36.449982172839505,37.08485056790123,0.9639140246913579,4.796196817460022,4.713061824612402,"Mitch Farris",33628,815083
2025,"Jake Woodford","ARI",0,4,3,22,0,36.1,5.6972485039735155,3.2201839370285086,0.743119370083502,0.328125,0.58098592,0.4453125,0.073170731,92.97108644859813,6.440367874057017,5.034549636748852,4.263576843148401,4.929943319182108,-0.0052587613463401794,98.03316211878007,98.30064205457464,4.631909888000001,46.89502819199999,42.350288656,0.31625520000000007,4.929943319182108,4.70592153967094,"Jake Woodford",18674,663765
2025,"Sean Guenther","DET",0,1,0,9,1,10.1,6.967743456053892,4.354839660033682,0,0.3333333333333333,0.53333333,0.357142857,0,91.15259806315105,5.225807592040419,5.806304192824676,3.038362103539372,4.3811676062394564,0.13484095269814134,96.69140467185763,99.12007563959958,4.8044156129032265,45.040338774193536,42.22402412903225,0.43125845161290327,4.3811676062394564,4.703678463521404,"Sean Guenther",20045,674944
2025,"Cole Henry","WSN",1,2,2,57,0,52.2,8.886078309333449,5.468355882666738,1.196202849333349,0.2589928057553957,0.77427822,0.317241379,0.1,94.48448799070248,4.272153033333389,4.461812187590992,5.337668548725334,5.658967723339913,-0.26651182770729065,109.97622720897614,100.25398316970549,5.183618935950413,40.96329087809917,47.61148376033057,0.6840607747933883,5.658967723339913,4.694649917257566,"Cole Henry",27570,669371
2025,"Liam Hendriks","BOS",0,2,0,14,0,13.2,7.902439943457806,4.609756633683721,1.3170733239096344,0.2702702702702703,0.52325581,0.282051282,0.111111111,95.14739990234375,6.5853666195481715,6.123006369777902,5.037575563854038,5.165720042145395,-0.030498933047056198,94.39112068965517,86.41698275862068,5.1268164224137935,41.574031250000004,49.15123487068966,0.6461921120689655,5.165720042145395,4.69219823044732,"Liam Hendriks",3548,521230
2025,"Austin Pope","ARI",0,0,0,1,0,2,4.5,4.5,0,0.2857142857142857,1,0.571428571,0,94.0700619346217,0,6.441254520879534,3.6351363182067873,4.4060059756040575,0.003874937305226922,86.89,97.45333333333333,4.19473,51.59541,47.98062,0.0248,4.4060059756040575,4.690544182132864,"Austin Pope",26136,687166
2025,"Tomoyuki Sugano","BAL",10,10,0,30,30,157,6.076433121019108,2.0636942675159236,1.89171974522293,0.2845528455284553,0.77283372,0.40229885,0.156398104,92.71257716049382,4.643312101910828,5.78725270152475,5.35806625451252,4.697601257198176,0.05778937041759491,87.75749414519902,98.60680718188914,4.373469984423675,49.67367542834891,40.90883946261681,0.14396183800623052,4.697601257198176,4.688972327623835,"Tomoyuki Sugano",35321,608372
2025,"Easton Lucas","TOR",3,3,0,6,5,24.1,8.506850426406132,4.438356744211895,1.8493153100882895,0.29411764705882354,0.63333333,0.328767123,0.15625,93.93041713488157,6.657535116317843,5.959764206641743,5.395410586092474,4.751670422819752,-0.04364490509033203,102.86552642791453,90.58919353760822,4.814621118721462,44.930604657534246,48.50380737442923,0.4380635159817352,4.751670422819752,4.6876499292522515,"Easton Lucas",26058,687922
2025,"Cristian Javier","HOU",2,4,0,8,8,37,8.27027027027027,3.6486486486486487,0.7297297297297297,0.27884615384615385,0.59360731,0.29906542,0.052631578,92.76065848214286,4.621621621621622,3.2772360922197414,3.648649831720301,4.96970769505243,0.8528066277503967,94.99617504051865,92.38058346839544,5.368908770226538,38.97114567961166,39.84748538834951,0.8075868932038835,4.96970769505243,4.684679013271637,"Cristian Javier",17606,664299
2025,"Davis Martin","CHW",7,10,0,26,25,142.2,6.560748131350803,3.028037599084986,1.2616823329520774,0.27423167848699764,0.71604938,0.453514739,0.122699386,94.07602240776477,4.100467582094252,5.114162643962515,4.635136425160924,4.574179703371856,1.27388297021389,92.8476866215219,92.47309095737675,4.432418814366075,49.03989472090004,50.730926858502826,0.18326090004327134,4.574179703371856,4.684348890953827,"Davis Martin",21448,663436
2025,"Luarbert Arias","MIA",0,0,0,7,0,10.1,8.709677687296642,4.354838843648321,1.7419355374593284,0.4166666666666667,0.51886792,0.184210526,0.133333333,94.11583291330645,11.322580993485635,7.862099070392343,5.74803962439578,5.469919266347976,-0.10569466650485992,101.39850220264316,86.53330396475774,4.7884138647342995,45.21238753623188,39.64949599033816,0.42058990338164254,5.469919266347976,4.683288736693945,"Luarbert Arias",23811,678215
2025,"Bryce Miller","SEA",4,6,0,18,18,90.1,7.37269414206046,3.3874540652710223,1.6937270326355112,0.2878787878787879,0.6873823,0.379061371,0.154545454,95.0196042640187,5.678967109424949,5.297150184074358,5.172036801899167,4.602937042483761,0.02594541199505329,102.29025575447571,98.84007672634272,4.360762446601941,49.8103004854369,49.642371093851125,0.1354897928802589,4.602937042483761,4.681511228158052,"Bryce Miller",29837,682243
2025,"Brandon Young","BAL",1,7,0,12,12,57.2,7.33526043909593,3.4335261629810736,1.872832452535131,0.3142857142857143,0.65096953,0.440217391,0.171428571,93.68135618932038,6.2427748417837705,4.276290339525337,5.354789595285461,4.521062715204664,-0.06563379615545273,94.54866879659212,98.68413205537804,4.052700839532412,53.12245911795961,43.46231280552604,-0.06988413390010627,4.521062715204664,4.671241546694202,"Brandon Young",27819,687064
2025,"Tyler Ferguson","ATH",4,2,2,56,0,58,8.379311998165788,5.275863109956237,0.6206897776419102,0.26,0.64986737,0.373333333,0.057971014,94.88789780183727,4.655173332314327,3.7318593882410718,4.135136515518754,5.072723126736866,0.2941199243068695,107.34364741641338,90.99927051671736,4.5861902929292935,47.386595434343434,54.23241015151516,0.2857751515151514,5.072723126736866,4.664212062489497,"Tyler Ferguson",19481,621053
2025,"Travis Adams","MIN",1,4,0,18,2,33.2,8.287129573618307,4.544554927468104,1.6039605626358013,0.32673267326732675,0.59288538,0.295238095,0.133333333,94.57825884359137,7.485149292300406,6.893103547991845,5.392562295249768,5.136471253772154,-0.29278433322906494,95.53156917442496,89.21777998357062,5.050847243975904,42.3908015060241,45.73068405120482,0.5955463102409639,5.136471253772154,4.66410039954254,"Travis Adams",30180,701519
2025,"Roddery Muñoz","STL",0,0,0,9,0,11,11.454546447627887,7.363637002046499,3.2727275564651106,0.20833333333333334,0.64516129,0.222222222,0.333333333,96.11581260279605,8.181818891162775,8.059752696197576,7.771500356532361,4.7261247995539994,-0.2550390362739563,100.73245614035088,98.82236842105262,4.751481091703057,45.609453799126634,51.228051484716154,0.3959692576419214,4.7261247995539994,4.656727407229854,"Roddery Munoz",25311,682610
2025,"Lucas Giolito","BOS",10,4,0,26,26,145,7.510344827586207,3.475862068965517,1.0551724137931036,0.2727272727272727,0.76735688,0.378190255,0.092896174,93.2910394851658,3.413793103448276,5.013314614681873,4.169619076827477,4.591262487913,1.9509938955307007,92.14272149215769,93.40301822806276,4.842776639966273,44.62789752107927,42.47840672428331,0.45683260961214167,4.591262487913,4.654042607815951,"Lucas Giolito",15474,608337
2025,"Carlos Hernández","- - -",1,0,0,41,0,43.1,8.100001129003829,4.569231406104724,0.8307693465644953,0.3382352941176471,0.61403509,0.321167883,0.06557377,97.73506958007812,6.230770099233714,5.527998716336444,4.196674927705865,5.1669696368517,0.14658989012241364,104.69120197906341,107.4516708617174,3.501575559947299,59.047943293807634,58.18569978919631,-0.4373012648221343,5.1669696368517,4.641205537045207,"Carlos Hernandez",22713,672578
2025,"Brandon Waddell","NYM",0,0,0,11,1,31.1,6.319149577277729,3.1595747886388645,1.1489362867777688,0.2604166666666667,0.81920904,0.373737373,0.095238095,90.78987963446255,3.4468088603333067,5.582747573167029,4.53939177982406,4.946404094139847,-0.06675870367325842,95.99906209478662,101.26484255180289,4.412205984405459,49.25716857699805,47.11907608187134,0.1697863157894737,4.946404094139847,4.63900460256739,"Brandon Waddell",18347,663399
2025,"Jonathan Cannon","CHW",4,10,0,22,17,103.2,7.466238400023139,3.2990355721032474,1.6495177860516237,0.305993690851735,0.68215892,0.374251497,0.130136986,94.01378305288462,5.816720613971515,5.343911407991087,5.131921006585069,4.920608517355303,0.3868935629725456,95.40216930664147,97.14599082228474,4.372330239554317,49.68592998885794,46.862508668523674,0.14320162674094702,4.920608517355303,4.636957190680716,"Jonathan Cannon",31730,686563
2025,"Chris Paddack","- - -",5,12,1,33,28,158,6.379746912458238,2.107594962151382,1.7658228061268337,0.27720739219712526,0.66420664,0.366666666,0.136563876,93.73943893487703,5.354430444384592,5.014943614148991,5.027541404342713,4.691939023445561,0.701329842209816,90.9559981059721,102.90743368481064,3.657480908028059,57.371675249415425,42.538142544816836,-0.33336425954793464,4.691939023445561,4.636403434407387,"Chris Paddack",20099,663978
2025,"Ryan Feltner","COL",0,2,0,6,6,30.1,7.417582728525632,3.5604397096923037,1.186813236564101,0.30851063829787234,0.7106599,0.484536082,0.111111111,94.10423101380815,4.747252946256404,3.2991996029525077,4.387883623468894,4.503354463450176,0.3959202766418457,90.67402298850573,88.74402298850576,5.2551613001912045,40.194099923518166,40.17847745697897,0.7317570172084129,4.503354463450176,4.629039359835293,"Ryan Feltner",21446,663372
2025,"Frankie Montas","NYM",3,2,0,9,7,38.2,7.448276351946887,3.258620903976763,1.8620690879867217,0.3252032520325203,0.65637066,0.415384615,0.150943396,95.51432886016502,6.284483171955186,5.323967284066701,5.333412324857778,4.757003244294672,-0.017283208668231964,100.8513210286096,102.25077464143216,4.054349083215797,53.10471918194641,50.227881706629056,-0.0687850916784203,4.757003244294672,4.626710212960699,"Frankie Montas",14309,593423
2025,"José Suarez","ATL",2,0,1,7,1,19.1,7.44827598453844,4.655172490336525,0.4655172490336525,0.25925925925925924,0.84745763,0.518518518,0.058823529,93.44298423208842,1.86206899613461,4.201231848519711,3.704101844803474,4.3873553914607655,0.20102674514055252,98.89777510109266,97.09617104017894,4.491195423728813,48.40791054237289,59.90783816949152,0.22244583050847458,4.3873553914607655,4.622725582379933,"Jose Suarez",19911,660761
2025,"Tyler Mahle","TEX",6,4,0,16,16,86.2,6.853846354964222,3.011538549908522,0.5192307844669866,0.2601626016260163,0.84615385,0.388,0.049019607,92.26001690423976,2.1807692947613435,4.226315368541248,3.3659055557476703,4.430414165165692,1.9284228086471558,92.51150289017345,103.2976300578034,3.4907977262853005,59.163804851556854,41.978972621288925,-0.444486075307748,4.430414165165692,4.6222515224249525,"Tyler Mahle",16358,641816
2025,"Daniel Lynch IV","KCR",6,2,1,57,2,67.2,5.985222912068711,3.4581287936396996,1.0640396288122151,0.28431372549019607,0.85253456,0.478468899,0.114285714,94.2446150120681,3.059113932835119,4.527034076094528,4.7607524177810046,4.818709356395898,-0.16790664941072464,94.86368313820024,90.44941569775297,4.414157913602939,49.2362156617647,48.24653911764706,0.17108715073529415,4.818709356395898,4.620092714995364,"Daniel Lynch IV",21537,663738
2025,"Hayden Birdsong","SFG",4,4,0,21,10,65.2,9.319797315250815,5.071066186239414,1.3705584287133552,0.28651685393258425,0.68539326,0.342245989,0.116279069,95.56330317283164,4.796954500496743,4.685703231904921,4.962547556491261,5.001982802774807,-0.01507769525051117,95.99610183631363,89.09332443558682,5.417946150627615,38.44391737238494,53.26550492050209,0.8402792887029289,5.001982802774807,4.619604768708266,"Hayden Birdsong",31635,806185
2025,"Ryan Bergert","- - -",2,2,0,19,15,76.1,8.606987473066404,4.126637829552385,0.9432315038976881,0.25728155339805825,0.75757576,0.29245283,0.07920792,93.45708759014423,3.655022077603541,4.322141700437201,3.999765196779668,4.677263112589902,1.0026011541485786,91.96374546955559,97.29080167133746,3.958524847560976,54.1350181097561,47.7821896265244,-0.13266916920731708,4.677263112589902,4.619474809169353,"Ryan Bergert",29863,686701
2025,"Grant Holman","ATH",4,2,0,22,2,23,6.6521752921758095,3.521739860563664,1.1739132868545545,0.3150684931506849,0.6918239,0.434210526,0.1,94.70824432373047,5.086957576369737,5.301489967293237,4.656875764129358,4.9721879792320545,0.010156850330531597,91.66320980118591,93.28541637600279,5.261053749999999,40.130737686170214,49.49569997340425,0.735683909574468,4.9721879792320545,4.609235157809303,"Grant Holman",30002,680880
2025,"Luis Severino","ATH",8,11,0,29,29,162.2,6.860656166743055,2.7663936156221993,0.8852459569991038,0.2925851703406814,0.65661479,0.411764705,0.084210526,96.16120576671035,4.536885529620407,4.593592879753934,4.106447854358581,4.62856143092934,2.540140390396118,104.06551117625506,103.57492121656287,3.9496466019772978,54.23046732698644,49.3819746832662,-0.13858790919077263,4.62856143092934,4.6074637483018135,"Luis Severino",15890,622663
2025,"Michael Wacha","KCR",10,13,0,31,31,172.2,6.567567954490865,2.3455599837467376,0.7818533279155792,0.2870722433460076,0.72680412,0.371698113,0.065789473,93.28842496542185,3.857143084383524,4.168070299742231,3.6563718701505064,4.562838509113116,3.636931896209717,96.43562005277049,99.21161703731629,4.126586447861966,52.328081249062265,42.578761819204786,-0.02062749812453113,4.562838509113116,4.606359250908794,"Michael Wacha",14078,608379
2025,"AJ Smith-Shawver","ATL",3,2,0,9,9,44.1,8.526316034024921,4.2631580170124606,0.8120300984785639,0.3064516129032258,0.75342466,0.354330708,0.085106382,95.73576756042296,3.8571429677731786,6.283601495313934,3.902053633436542,4.363596830028104,0.5629348158836365,98.73658674188998,94.93613540197461,4.699271715893108,46.1708352601969,51.0433776652602,0.3611615471167369,4.363596830028104,4.59950006559614,"AJ Smith-Shawver",29960,700363
2025,"Jeffrey Springs","ATH",11,11,0,32,30,171,7.263158137778504,2.8421053582611537,1.4736842598391169,0.25510204081632654,0.70257611,0.317738791,0.119148936,90.78509980130057,4.105263295266111,4.2922260432440345,4.649756251930324,4.639865836258532,1.7329793721437454,94.48345261698391,94.92220376383958,4.645402421902423,46.749977746577756,39.53717466128466,0.3252492874692875,4.639865836258532,4.598080581521032,"Jeffrey Springs",17677,605488
2025,"Tommy Kahnle","DET",1,5,9,66,0,63,7.142858440373455,4.4285722330315425,1.1428573504597528,0.24293785310734464,0.71030641,0.475675675,0.123076923,93.68476019965277,4.4285722330315425,4.518497981926995,4.722438193845333,4.662327952158634,-0.2465735375881195,91.66145208131653,92.9265246853824,5.066169298928921,42.2260710516066,53.8757958519961,0.6057615579357353,4.662327952158634,4.598064165351246,"Tommy Kahnle",11384,592454
2025,"Chris Murphy","BOS",3,0,0,23,0,34.2,7.788462109819713,5.192308073213143,1.0384616146426284,0.19101123595505617,0.84158416,0.54347826,0.137931034,94.29417990572625,3.1153848439278855,3.9976785053575377,5.0678287676805684,4.857552986746415,-0.2026168406009674,101.12100694444445,94.00031249999999,5.175581300527241,41.049706326889286,46.85285434094903,0.678702021089631,4.857552986746415,4.592325187234636,"Chris Murphy",26214,669684
2025,"Trevor Williams","WSN",3,10,0,17,17,82.2,7.076613120928522,2.286290392915369,1.1975806820032884,0.3467153284671533,0.61619718,0.329749103,0.094827586,87.88610700448613,6.205645352198858,4.559051883514321,4.12707183259335,4.560641529594859,1.1741487979888916,90.49861591695499,94.44916262975777,3.2899184392265197,61.323573915745854,52.75508022099448,-0.578405953038674,4.560641529594859,4.591974786229211,"Trevor Williams",16977,592866
2025,"Lyon Richardson","CIN",0,3,0,34,0,37.2,7.168142076890123,5.017699453823086,0.47787613845934157,0.29914529914529914,0.61188811,0.537815126,0.066666666,95.6311641179078,4.539823315363745,5.062315197446299,4.064339920766618,4.602008437878069,0.1279209405183792,92.77268945022286,87.99215453194648,5.417061671874999,38.45342764062499,46.70062290625001,0.8396895000000001,4.602008437878069,4.591351843634451,"Lyon Richardson",24581,680689
2025,"Nick Martinez","CIN",11,14,0,40,26,165.2,6.301810961929582,2.2816901758710553,1.1951710445038861,0.27364185110663986,0.68493151,0.380859375,0.10576923,92.64349782665204,4.454728438605394,4.038836423907126,4.330307362710673,4.539654111259933,2.0895958244800568,98.2542604115109,102.35801037981612,4.026684084561676,53.402182781225754,37.601919588828544,-0.08722873157486423,4.539654111259933,4.59038111280008,"Nick Martinez",12730,607259
2025,"Caden Dana","LAA",0,4,0,7,5,32.1,9.185567371548029,5.010309475389834,2.505154737694917,0.2625,0.68681319,0.409090909,0.264705882,95.03709779520752,6.402062107442565,4.837222187799841,6.475342635133343,4.4779962690485124,-0.371361568570137,90.46821410861563,85.45700965999188,5.617818383658969,36.29494587921847,40.351138987566614,0.9735276198934281,4.4779962690485124,4.584547850832177,"Caden Dana",31508,702674
2025,"Ethan Roberts","CHC",1,0,0,10,0,9,6.000001271566025,2.0000004238553415,3.0000006357830125,0.25925925925925924,0.79545455,0.3,0.214285714,,6.000001271566025,6.345912911415243,7.13513716591747,5.20006457883586,-0.2361467182636261,102.97069444444445,102.26805555555558,2.8097177777777778,66.48648513888888,70.9532609027778,-0.8985393055555557,5.20006457883586,4.583275214022841,"Ethan Roberts",24930,681799
2025,"Mike Vasil","CHW",5,3,4,47,3,101,7.306931314018758,4.633663760109457,0.7128713477091471,0.24175824175824176,0.83061889,0.514285714,0.088888888,94.73320400876698,2.495049716982015,4.069033249911395,4.323255231055366,4.667379402195466,0.4335286468267441,92.63341524675693,92.41837043273794,4.881630848999392,44.21016037598544,44.46729272892664,0.48273567010309265,4.667379402195466,4.5818290299117805,"Mike Vasil",30105,678024
2025,"Lou Trivino","- - -",3,2,0,47,2,47.2,6.9860153371267035,3.3986020558994774,1.1328673519664925,0.2857142857142857,0.76298701,0.338028169,0.089552238,94.7211028364368,3.9650357318827236,5.095806654872729,4.7295422209744435,5.26023884300901,-0.0019723139703273773,95.20193755077685,92.22404523977619,5.113011688466112,41.722421605231865,45.00774571938168,0.6369893935790726,5.26023884300901,4.577900772029189,"Lou Trivino",15043,642152
2025,"Max Lazar","PHI",1,1,1,36,0,41.1,5.661291019229399,2.6129035473366455,1.5241937359463766,0.272,0.69444444,0.369230769,0.142857142,94.32404318820225,4.790323170117184,5.9995997857929035,4.949652670523903,4.57574681221299,-0.20277881622314453,92.9602028985507,94.66973913043475,3.911767260061921,54.63771243034056,55.26666950464396,-0.16384020123839008,4.57574681221299,4.572714753684501,"Max Lazar",23426,676661
2025,"Cody Bolton","CLE",0,0,0,1,0,2,4.5,0,0,0.4444444444444444,0.25,0.333333333,0,94.60850016276042,13.5,6.430398601148714,2.1351363182067873,4.447745290398598,0.027453415095806122,103.45428571428572,105.63,2.8022,66.56737,53.86657,-0.9035499999999999,4.447745290398598,4.571821464929581,"Cody Bolton",23265,675989
2025,"Michael McGreevy","STL",8,4,0,17,16,95.2,5.456446029293884,1.8815331135496154,1.1289198681297692,0.28664495114006516,0.6873823,0.473186119,0.115384615,92.89727864583334,4.421602816841596,4.6532230371011325,4.274509148078499,4.31988429198945,0.8945112973451614,88.044746598883,101.8160779763288,4.050303738062756,53.148222366984996,45.314430893587996,-0.07148204638472035,4.31988429198945,4.568688566265935,"Michael McGreevy",29869,700241
2025,"Logan VanWey","HOU",0,0,0,9,0,10.2,5.9062503520399545,2.531250150874266,1.687500100582844,0.3611111111111111,0.74074074,0.378378378,0.153846153,93.01957194010417,5.062500301748532,4.470317900007038,5.385136452317246,4.826631208933586,-0.08042832463979721,97.53021505376346,97.92698924731184,3.8234753296703294,55.58700670329671,51.86882758241759,-0.22270170329670333,4.826631208933586,4.562619193492733,"Logan VanWey",31884,701121
2025,"Rafael Montero","- - -",1,2,0,59,0,60.1,8.651935251593187,5.519338005326688,0.7458564872063093,0.24183006535947713,0.625,0.484076433,0.089285714,95.20829644344391,4.475138923237855,3.575084524346439,4.129611634481867,4.483270288364953,0.07763204537332058,95.7021040767446,110.25068630131852,3.796305588235294,55.879108079044116,53.14117361213235,-0.24081465073529415,4.483270288364953,4.558837594495519,"Rafael Montero",12760,606160
2025,"José Ruiz","- - -",1,0,0,18,0,16.1,8.265308213701186,4.959184928220711,1.6530616427402371,0.38461538461538464,0.53956835,0.444444444,0.166666666,95.74361413043478,8.816328761281264,4.364106770206535,5.339218508527103,4.650522885274407,-0.18875464797019958,97.55589831232642,104.49414361247594,4.040574735099337,53.25285026490067,45.91959533112583,-0.07796844370860924,4.650522885274407,4.552107306967804,"Jose Ruiz",14552,614179
2025,"Brayan Bello","BOS",11,9,0,29,28,166.2,6.6960004086914315,3.18600019445802,0.8640000527343782,0.26844262295081966,0.75279756,0.498007968,0.102564102,95.09058435028304,3.3480002043457158,4.481964379168802,4.191136382659916,4.386204393213612,1.922230213880539,93.33954387676403,97.51086043106058,4.3997388353566,49.39124459408194,50.086193361153256,0.1614743892261001,4.386204393213612,4.550165976543181,"Brayan Bello",23920,678394
2025,"Andrew Saalfrank","ARI",2,1,3,28,0,29,5.896552499778024,3.103448684093697,0.3103448684093697,0.21686746987951808,0.86956522,0.44047619,0.03030303,89.10390863185975,1.2413794736374788,4.020844204314663,3.3075501339897704,4.613667457116047,0.4502909779548645,87.49480093676816,88.89948477751757,4.507438899297424,48.233279133489454,43.11946412177986,0.23327501170960194,4.613667457116047,4.542096785959238,"Andrew Saalfrank",26203,685314
2025,"Philip Abner","ARI",0,0,0,5,0,3.2,12.272736582881329,7.363641949728797,0,0.5,0.75,0.3,0,90.43641075721153,4.909094633152532,4.003661201008114,2.862408838587202,5.385256903913248,0.06417672336101532,104.08342857142856,89.42114285714285,4.500306338028169,48.3100038028169,49.65642718309859,0.2285185915492958,5.385256903913248,4.538528746894796,"Philip Abner",33821,691769
2025,"Seth Lugo","KCR",8,7,0,26,26,145.1,7.740825958980804,3.4059634219515535,1.6720184071398536,0.2663316582914573,0.79385403,0.389548693,0.154285714,91.99464641434263,4.149082714013711,5.173013341310418,5.089264826962831,4.5305793493074855,0.4965122640132904,92.64828678616087,90.05358065860773,5.086220105042016,42.010484193277314,34.734590289915964,0.6191281806722689,4.5305793493074855,4.532181316823825,"Seth Lugo",12447,607625
2025,"Dedniel Núñez","NYM",0,0,0,10,0,9.2,10.241380994300348,5.5862078150729175,0.9310346358454862,0.21739130434782608,0.66037736,0.208333333,0.066666666,96.22535196940105,4.655173179227431,5.242713290198806,4.066170954052273,5.113697649250579,0.07946595549583435,96.17556756756758,93.06108108108104,4.89653652173913,44.04991114130434,62.657697065217384,0.49267173913043466,5.113697649250579,4.529033570608264,"Dedniel Nunez",23055,673380
2025,"José Fermin","LAA",3,2,0,40,0,34.1,10.223302485390448,6.029127106768725,2.097087689310861,0.20987654320987653,0.74074074,0.303370786,0.163265306,96.95427605799372,4.45631133978558,4.0905659674646575,5.989505673102126,5.1607257374576525,-0.5329080820083618,102.6566946778711,104.16988795518206,3.9821117538461532,53.88140112307692,61.77625207692307,-0.11694344615384619,5.1607257374576525,4.527871815505906,"Jose Fermin",33908,820862
2025,"Kodai Senga","NYM",7,6,0,22,22,113.1,8.655882741406732,4.36764725483826,0.9529412192374384,0.2706270627062706,0.79881657,0.466237942,0.101694915,94.84047631469114,3.017647194251888,3.959687591080561,4.123371656675242,4.35212377705097,1.4045644998550415,92.9984067085954,93.05505241090144,5.105106483228512,41.807426147798736,47.23941652515724,0.6317192872117401,4.35212377705097,4.518783140540727,"Kodai Senga",31838,673540
2025,"Génesis Cabrera","- - -",0,1,1,40,0,42.2,7.382814260200086,3.7968759052457584,2.5312506034971722,0.2833333333333333,0.69105691,0.386363636,0.193548387,95.68270405962423,6.539064059034362,4.666662870010513,6.557012134045557,5.14110173827703,-0.9244322781451046,102.70206239275484,104.09749016190972,4.187519790502793,51.67296660614525,43.03771656424581,0.01999441340782119,5.14110173827703,4.511691304021647,"Genesis Cabrera",17490,650893
2025,"Brennan Bernardino","BOS",4,3,1,55,3,51.2,7.490324608429218,4.529033484166504,0.17419359554486555,0.25165562913907286,0.67567568,0.496644295,0.020833333,92.30714416503906,3.1354847198075797,3.3862729344096416,3.4061041334988005,4.586817106886555,0.6020086109638214,94.54652436038197,86.28306179474599,4.841922574850298,44.63706652694612,44.267614814371264,0.45626332934131736,4.586817106886555,4.5097392681988,"Brennan Bernardino",16835,657514
2025,"JT Brubaker","- - -",0,0,0,17,1,28.2,6.906977127151552,3.767442069355392,0,0.2804878048780488,0.66666667,0.419753086,0,,3.767442069355392,4.249929578167041,2.960717703884778,4.46660269950525,0.3786904215812683,94.1916645834865,92.79271352596625,5.1940263326226015,40.8514018336887,39.19130675906183,0.6909981876332623,4.46660269950525,4.506648139387402,"JT Brubaker",17578,664141
2025,"Bailey Ober","MIN",6,9,0,27,27,146.1,7.380410279307799,1.9066059888211813,1.8451025698269496,0.2945205479452055,0.7254902,0.299568965,0.125523012,90.34889077240567,5.104783776521227,4.3445544916493235,4.898234329374762,4.751143410156666,1.165695071220398,96.68570822731132,98.28236641221373,4.454252912705273,48.805137057044085,39.51321329299913,0.19781667242869488,4.751143410156666,4.50558994328559,"Bailey Ober",21224,641927
2025,"Ryan Pressly","CHC",2,3,5,44,0,41.1,6.096774381107649,3.701613017101073,1.3064516530944963,0.31007751937984496,0.72438163,0.515151515,0.162162162,93.47545680526859,4.354838843648321,5.212815239711732,5.046426699585773,4.53943526416783,-0.34585535526275635,92.63039634146351,90.4521036585366,4.4002483812405435,49.38576659606657,55.436244720121024,0.16181397881996976,4.53943526416783,4.504778485518803,"Ryan Pressly",7005,519151
2025,"Yoendrys Gómez","- - -",3,3,1,21,9,62.2,8.329787445316605,3.877659672819799,1.7234042990310217,0.2727272727272727,0.68733154,0.365591397,0.144578313,93.67440788012759,5.170212897093065,5.133709663680779,5.257476797569064,4.810099602093425,0.12636058125644922,97.11367446670009,88.16509135541506,4.931813188405798,43.67060389492754,48.689260697463766,0.5161900634057971,4.810099602093425,4.50453070298713,"Yoendrys Gomez",22872,672782
2025,"Tobias Myers","MIL",1,2,0,22,6,50.2,6.750000592909413,2.664473918253716,0.8881579727512385,0.30625,0.78125,0.36196319,0.072463768,93.50908833165323,3.552631891004954,4.387298131318783,3.9246100717634436,4.741320920886707,0.379286490380764,98.3239346149235,98.07229921190184,4.3029601815980625,50.43177460048427,42.937373801452786,0.09695414043583536,4.741320920886707,4.504373820911426,"Tobias Myers",22191,668964
2025,"JP Sears","- - -",9,11,0,27,27,135.2,7.761670907166707,2.3882064329743713,1.9901720274786427,0.2868020304568528,0.74125874,0.292857142,0.14084507,92.28648913972134,5.041769136279228,4.227381840938684,5.213760435795592,4.759636157390231,0.47485367953777313,98.03499658461027,101.50027486795322,4.113578114961961,52.46793750211328,44.19575466187659,-0.029299463229078615,4.759636157390231,4.501324802221612,"JP Sears",23429,676664
2025,"Joe Mantiply","ARI",0,1,0,10,0,9.2,7.448277086763889,2.7931039075364588,4.655173179227431,0.5121951219512195,0.56521739,0.431818181,0.294117647,88.34922790527344,15.827588809373266,5.586865656430531,9.445482183381749,5.432678249588001,-0.4646260440349579,107.22791666666666,99.44375000000002,4.4643030208333325,48.697062135416665,49.65839479166666,0.20451765624999996,5.432678249588001,4.4994135430104905,"Joe Mantiply",14857,573009
2025,"Zach Eflin","BAL",6,5,0,14,14,71.1,6.308411664760388,1.6401870328377008,2.2710281993137396,0.30973451327433627,0.70694087,0.40167364,0.193548387,92.00828721788194,5.929906964874764,4.4873069813948225,5.644482291522586,4.374132989857562,-0.2552151381969452,91.7319000892061,97.36667261373773,4.212985102040816,51.39915144631767,40.66921824312334,0.03697158828748891,4.374132989857562,4.494697566632984,"Zach Eflin",13774,621107
2025,"Eduardo Rodriguez","ARI",9,9,0,29,29,154.1,8.339093147396248,3.49892020170472,1.4578834173769666,0.32903225806451614,0.71078431,0.371607515,0.126903553,91.95791144120066,5.0151189557767655,4.511896947880492,4.573581290018728,4.435715054467759,1.2650376558303833,90.79795807453417,93.2811723602485,4.764957539682539,45.46455320634921,37.89266055555556,0.40495325793650777,4.435715054467759,4.480833063175133,"Eduardo Rodriguez",13164,593958
2025,"Carson Ragsdale","BAL",0,0,0,2,0,5,7.2,1.8,1.8,0.47368421052631576,0.3125,0.3,0.1,93.79875578703704,14.4,4.784587059010577,4.735136318206788,5.218614947795868,-0.023667993023991585,89.35200000000002,98.22484210526314,4.651610833333334,46.68319041666666,34.3866734375,0.32938781250000004,5.218614947795868,4.476513464929582,"Carson Ragsdale",27508,685068
2025,"Simeon Woods Richardson","MIN",7,4,0,23,22,111.1,8.649701216242358,3.718563139692976,1.374251595103926,0.2651006711409396,0.75907591,0.324840764,0.108280254,93.20954281815858,4.041916456188018,3.791091373382903,4.51836994988002,4.707469416277359,1.1559572219848633,91.31703437293977,89.39326048654625,4.9210563051568315,43.7862592185008,39.302148713450286,0.5090190005316322,4.707469416277359,4.474517709180155,"Simeon Woods Richardson",24494,680573
2025,"Sean Burke","CHW",4,11,0,28,22,134.1,8.91067005953228,4.220843712410027,1.540942942625883,0.29110512129380056,0.73897497,0.352185089,0.131428571,94.61521144202544,4.220843712410027,4.934623491115597,4.921736831396217,4.704399708413732,0.7135379314422607,92.37884689134575,96.34517343960485,4.290697058823529,50.56361297899159,49.870183134453775,0.08877975630252102,4.704399708413732,4.472673898135678,"Sean Burke",29878,680732
2025,"Keider Montero","DET",5,3,0,20,12,90.2,7.147059023999018,3.0772059686662443,1.5882353386664485,0.2947761194029851,0.77651515,0.414893617,0.14953271,94.03190032623627,4.3676471813327336,4.646950318253221,4.932930486280615,4.458291943735919,0.1309664249420166,96.73580168111259,96.16911412600301,3.9558951628222525,54.163275278154686,48.89835769335142,-0.134421302578019,4.458291943735919,4.4696855040656995,"Keider Montero",22630,672456
2025,"Yuki Matsui","SDP",3,1,1,61,0,63.1,8.668422793021511,4.689474625732949,1.4210529168887724,0.25748502994011974,0.79452055,0.306818181,0.114942528,92.1051640070922,3.978948167288563,4.068216733837945,4.871978772181953,4.937210159812243,-0.316012978553772,102.98229755178903,102.41606403013189,4.740177352112674,45.73099411267606,49.7301898309859,0.3884333145539906,4.937210159812243,4.46744365239946,"Yuki Matsui",33826,673513
2025,"Dustin May","- - -",7,11,0,25,23,132.1,8.365239736800287,3.8085644330147654,1.428211662380537,0.29838709677419356,0.71512309,0.42159383,0.142857142,95.49288081857155,4.964735778751391,5.177731851778492,4.880728350005222,4.530368225253444,0.7985459608025849,98.25941061877926,94.94056864026422,3.9618564331797237,54.0991703640553,58.543172635944686,-0.1304468341013825,4.530368225253444,4.467325144367502,"Dustin May",19716,669160
2025,"Clayton Kershaw","LAD",11,2,0,23,22,112.2,6.710059323058254,2.795858051274273,0.6390532688626909,0.281437125748503,0.72769953,0.474926253,0.07079646,88.8445927169162,3.355029661529127,3.7977758470088396,3.5522960909365993,4.175519855641242,2.5066360365599394,95.59748478905556,94.03024542255197,5.432733938101248,38.284915177377556,34.052010095198504,0.8501374809832223,4.175519855641242,4.464334031244711,"Clayton Kershaw",2036,477132
2025,"José Berríos","TOR",9,5,0,31,30,166,7.481927710843373,3.036144578313253,1.4096385542168675,0.28450106157112526,0.73419078,0.414979757,0.132653061,92.99728133688848,4.174698795180723,4.79160950238708,4.647184510977872,4.43140683447022,1.297102764248848,87.61509607883767,91.98019115209283,4.7169924922600615,45.980276687306485,37.44770011609907,0.37297683049535596,4.43140683447022,4.464081447409149,"Jose Berrios",14168,621244
2025,"Omar Cruz","SDP",0,0,0,2,0,3.2,12.272729400761241,7.363637640456744,0,0.4,0.71428571,0.3,0,93.281220703125,4.909091760304496,3.6418803425888235,2.8624089981898706,4.964781155633031,0.0319848470389843,99.08,76.73703703703704,5.989512345679013,32.29863790123457,48.15084814814815,1.221322098765432,4.964781155633031,4.45658121667155,"Omar Cruz",23875,678316
2025,"Adrian Houser","- - -",8,5,0,21,21,125,6.624000202148443,2.7360000834960965,0.7200000219726569,0.3027027027027027,0.77272727,0.489417989,0.080645161,95.29931200731981,3.3120001010742217,4.041611519341091,3.8071363387146,4.2965417539262525,2.2835106253623962,94.02599042044537,99.54597143938716,4.141960253699788,52.162772896405926,43.98010149577167,-0.010377975687103573,4.2965417539262525,4.455587968410298,"Adrian Houser",12718,605288
2025,"Nabil Crismatt","ARI",3,0,0,8,5,34,6.617647058823529,2.3823529411764706,1.588235294117647,0.30357142857142855,0.72115385,0.44347826,0.153846153,88.93038756588855,3.7058823529411766,4.583552178531894,4.841018671147964,4.315366708706407,0.11406645178794861,78.84284644194756,92.275468164794,4.377384475655432,49.63160387640449,37.37072762172284,0.14657215355805242,4.315366708706407,4.455274590250165,"Nabil Crismatt",17732,622503
2025,"Taj Bradley","- - -",6,8,0,27,27,142.2,8.011682600025043,3.532710437806318,1.1985981842557152,0.2807017543859649,0.62652068,0.435096153,0.11728395,96.21635318564498,5.046729196866169,4.089863812581611,4.347753194676019,4.367111389440915,1.7733981311321259,101.65219121227422,95.22176556639373,4.924932608508809,43.744580979802315,47.73019535883112,0.5116033949290933,4.367111389440915,4.4522409992935055,"Taj Bradley",22543,671737
2025,"Ryne Stanek","NYM",4,6,3,65,0,56,9.321431111316985,5.142858544174888,1.1250003065382566,0.310126582278481,0.62659847,0.327272727,0.0875,98.61234169069193,5.303572873680353,4.461877656697794,4.40299380652768,4.980478699300598,0.06680715829133987,115.45148775894545,110.10167608286247,3.341543960489181,60.768514816556916,70.04735207902162,-0.5439891063029163,4.980478699300598,4.451491941126996,"Ryne Stanek",15947,592773
2025,"Luis Morales","ATH",4,3,0,10,9,48.2,7.952055210064154,3.3287672972361575,1.479452132104959,0.23255813953488372,0.85152838,0.350364963,0.126984126,97.22372746749409,3.143835780723038,4.422676602035283,4.6762322891494525,4.535059202978925,0.4575519529171288,97.78524310910207,105.31148932168311,4.067270097442144,52.96579708891595,56.460983483556646,-0.060171790499391,4.535059202978925,4.4507846798666995,"Luis Morales",32227,806960
2025,"Griffin Canning","NYM",7,3,0,16,16,76.1,8.25327565910477,4.126637829552385,0.9432315038976881,0.28837209302325584,0.74626866,0.509090909,0.114285714,94.3294690860215,3.7729260155907522,4.697292597250573,4.039066509442072,4.090443177087483,0.9464770555496216,90.2539407407407,92.12312592592592,4.886366135517497,44.15924206999256,49.12746714072971,0.485891876396128,4.090443177087483,4.449546862501396,"Griffin Canning",19867,656288
2025,"Logan Davidson","LAA",0,0,0,1,0,1,9,0,0,0,1,0,0,65.07537841796875,0,0.03004849684733632,1.1351363182067873,4.218614947795868,0.02976216934621334,26.28,47.76,,,,,4.218614947795868,4.448828131122248,"Logan Davidson",25844,669722
2025,"Hunter Stratton","- - -",1,1,1,15,0,19,7.578948890073453,3.315790139407136,1.4210529168887724,0.3333333333333333,0.72916667,0.322580645,0.107142857,95.95201697716347,5.210527361925499,6.223379243478264,5.082505130239549,5.301910480303345,-0.0793578289449215,97.76285714285716,95.34274052478133,3.724162186588922,56.65477186588922,48.303083877551025,-0.28890994169096207,5.301910480303345,4.448319027117108,"Hunter Stratton",23455,676702
2025,"Aaron Civale","- - -",4,9,1,23,18,102,7.764705882352941,2.911764705882353,1.411764705882353,0.27491408934707906,0.6778169,0.339933993,0.112676056,92.0384846090824,4.852941176470588,4.1029109355611455,4.625332396638159,4.7324596780187935,0.9071138636209071,91.54088189185748,89.27111255105434,5.083631516886091,42.03832173440183,29.784586210646825,0.6174026846021752,4.7324596780187935,4.448127555846861,"Aaron Civale",19479,650644
2025,"Jackson Kowar","SEA",2,0,0,15,0,17,7.94117736156434,3.7058827687300253,2.1176472964171573,0.22727272727272727,0.85365854,0.3125,0.148148148,97.33852597891567,4.235294592834315,5.153016302587052,5.841018974739821,5.230840170953286,-0.2408677190542221,97.37277192982455,94.90736842105264,5.068679609929078,42.199055390070924,50.34060588652482,0.6074345035460994,5.230840170953286,4.445253315194503,"Jackson Kowar",21549,663804
2025,"Andre Pallante","STL",6,15,0,31,31,162.2,6.141393826681282,3.4303280833715273,1.1618853185613238,0.29457364341085274,0.62203229,0.591337099,0.172131147,94.50006532190635,5.311475741994623,4.302261326080633,4.684316742955219,4.162342507884342,0.7242386937141418,95.40884303610906,98.48512896094329,4.98708742468773,43.076318229243206,43.372660363703154,0.5530404114621602,4.162342507884342,4.443932023502948,"Andre Pallante",26108,669467
2025,"Scott Barlow","CIN",6,3,1,75,1,68.1,9.878050618623059,5.926830371173835,1.0536587326531262,0.2485207100591716,0.73496659,0.428571428,0.117647058,92.24403216684465,4.214634930612505,4.35943243907117,4.70099026812185,4.713257686102587,0.113385871052742,101.4757993406765,90.97893428325914,4.458992238297871,48.75417870801965,53.372440067212196,0.20097655395526456,4.713257686102587,4.439570198626869,"Scott Barlow",14993,605130
2025,"Michael Darrell-Hicks","- - -",1,0,0,7,0,9.2,7.448276351946887,3.7241381759734433,0.9310345439933608,0.3103448275862069,0.51470588,0.333333333,0.09090909,94.62471226283482,7.448276351946887,7.4606183090703615,4.3765157101979355,4.786081164315313,-0.010356444865465164,103.58354430379747,85.70607594936708,4.664792594936709,46.54149512658228,52.95992905063291,0.3381767721518988,4.786081164315313,4.4389316076119805,"Michael Darrell-Hicks",31501,690382
2025,"Justin Verlander","SFG",4,11,0,29,29,152,8.111842105263158,3.0789473684210527,0.9473684210526315,0.3082039911308204,0.72927597,0.344902386,0.077669902,93.9484506302521,3.848684210526316,4.2365869115068895,3.8456626339962607,4.566704073783598,2.249141216278076,102.9966935793925,100.79520953479434,4.714605847392638,46.005935406441715,40.51971614647239,0.37138580904907975,4.566704073783598,4.43591345311156,"Justin Verlander",8700,434378
2025,"Keegan Akin","BAL",5,4,8,64,3,63.1,8.384211957144519,4.6894744845045615,1.4210528740922914,0.26666666666666666,0.81081081,0.38150289,0.136986301,93.65966617029235,3.4105268978214993,4.666864363890689,4.935136625390356,4.659562420151046,-0.5331479385495186,102.91332641234625,98.36704069695377,3.99323595463138,53.76181022684311,48.99467948960303,-0.10952789224952737,4.659562420151046,4.435445454111015,"Keegan Akin",19362,669211
2025,"Joey Wentz","- - -",5,7,0,39,13,98,8.448980496258496,3.9489800145556018,1.0102041897700376,0.33559322033898303,0.63492063,0.38410596,0.09090909,93.44950988769531,5.602041415997482,4.52992589830996,4.063707846177225,4.5081003130343875,1.136933147907257,90.56295724219373,94.8396368142727,3.8043968997797357,55.79212410792951,54.82820177863436,-0.2354202863436124,4.5081003130343875,4.4351159418181725,"Joey Wentz",19962,666214
2025,"Jack Leiter","TEX",10,10,0,29,29,151.2,8.782418171468423,3.9758244424890834,1.0681319397731865,0.26715686274509803,0.74798619,0.378823529,0.095238095,97.37845493027888,3.8571431158476184,4.453724874418028,4.150521001694878,4.528908261114586,2.2582685947418213,103.6152664092664,98.52708108108104,4.3183560464216635,50.26625423984526,61.163845694390716,0.10721885493230174,4.528908261114586,4.432973867058509,"Jack Leiter",30146,683004
2025,"Scott Effross","NYY",0,0,0,11,0,10.2,5.062500301748532,2.531250150874266,0.843750050291422,0.36585365853658536,0.51136364,0.5,0.09090909,89.2533671061198,8.43750050291422,5.005882276823844,4.072636374086145,4.443805064591393,0.02351122908294201,108.81034146341463,132.82136585365853,4.196248012820512,51.57912217948717,39.90212794871795,0.025813653846153892,4.443805064591393,4.432927330877515,"Scott Effross",18384,664123
2025,"Clay Holmes","NYM",12,8,0,33,31,165.2,7.008048316633383,3.585513092231033,0.7605633832005222,0.27983539094650206,0.74021012,0.557575757,0.105263157,93.50304578234265,3.5311871362881386,4.326248941375089,4.106967307851899,4.246110138573057,1.9086615219712257,99.89106735491116,101.93907582395727,4.072941391901662,52.90483424801156,48.77827694504701,-0.05639045553145336,4.246110138573057,4.432701157879644,"Clay Holmes",13649,605280
2025,"Carlos Estévez","KCR",4,5,42,67,0,66,7.363637214849901,3.0000003467907006,0.6818182606342501,0.23369565217391305,0.7761194,0.25,0.051546391,96.07490479390681,2.4545457382833007,3.6854283556531477,3.665439409811204,4.94648067206332,1.0929597616195679,97.47712092130521,98.12598848368523,4.560309846596355,47.66486161073824,43.64825941514861,0.2685215148609779,4.94648067206332,4.431299283911178,"Carlos Estevez",14542,608032
2025,"Juan Burgos","- - -",1,1,0,13,0,13.1,9.450002253056109,5.4000012874606345,1.3500003218651586,0.375,0.68965517,0.404761904,0.133333333,,6.0750014483932135,5.737146981598596,5.01013676524173,4.794593442996055,-0.3327283412218094,103.2970012987013,84.24105028305027,5.335701363636363,39.32815645454546,49.05616245454545,0.7854488636363636,4.794593442996055,4.4303219425140306,"Juan Burgos",27271,686228
2025,"Angel Chivilli","COL",1,5,0,43,0,58.2,6.596592481841116,3.5284099321475733,1.9943186573008023,0.33157894736842103,0.64516129,0.507389162,0.2,97.12702792553192,7.0568198642951465,5.455852593823885,6.032864281806244,4.8603592658100325,-0.7012470960617065,94.4270127326151,97.58783545543587,5.1988286816406255,40.79977211914061,40.96742163085937,0.694200302734375,4.8603592658100325,4.429045851736602,"Angel Chivilli",26790,683409
2025,"Patrick Corbin","TEX",7,11,0,31,30,155.1,7.590129003897377,2.9549357190745513,1.2167382372659916,0.3063457330415755,0.73275862,0.39614561,0.121387283,91.48894904641544,4.403433620581684,4.749084740282837,4.248870260254494,4.2084468777685595,1.8691776394844055,93.27032266134646,98.1062322970226,4.276971363460796,50.7111785708768,45.31380357667053,0.07962923136346084,4.2084468777685595,4.422147633027292,"Patrick Corbin",9323,571578
2025,"Jared Shuster","CHW",0,0,0,12,2,15.2,6.893618140300692,2.8723408917919553,0,0.42857142857142855,0.55882353,0.43548387,0,92.97606879340277,8.042554497017475,4.260546448171628,2.9436469254206568,4.813416185175894,0.21195534151047468,92.27584004495223,98.47983267777985,4.592718007117438,47.31638953736654,43.8200277935943,0.290127615658363,4.813416185175894,4.418837638286986,"Jared Shuster",27472,694363
2025,"Jayden Murray","HOU",0,0,0,9,1,11.2,6.171429412219104,2.314286029582164,0,0.2777777777777778,0.84615385,0.361111111,0,96.11813906014683,1.542857353054776,3.755079445028003,2.5351362364632632,4.517372768400254,0.26258230954408646,97.92295537491705,98.89420371599203,3.2059431818181823,62.22645335227271,47.19988318181818,-0.634389090909091,4.517372768400254,4.418277596211373,"Jayden Murray",26482,681151
2025,"Carson Seymour","SFG",1,3,0,16,3,36,6.500000172191201,3.2500000860956004,2.2500000596046466,0.2616822429906542,0.78125,0.5,0.243243243,96.77078426585479,4.750000125832031,5.934334637842391,6.107358619166011,4.441923981919227,-0.6394382864236832,102.23327935382171,97.40111699112919,4.800301543408361,45.08455054662379,50.20580638263666,0.4285167845659163,4.441923981919227,4.415998967373734,"Carson Seymour",30084,693313
2025,"Cam Booser","CHW",2,4,1,39,0,31,10.16129344856922,5.516130729223291,2.3225813596729648,0.25316455696202533,0.71428571,0.321428571,0.166666666,95.83457848146388,5.516130729223291,4.431048597695534,6.26416953887731,5.296539793138651,-0.5678555965423584,107.38542907180388,103.38795096322242,3.745052539404553,56.43017593695275,51.66908630472853,-0.2749834851138353,5.296539793138651,4.415454678028713,"Cam Booser",16061,592155
2025,"Zach Brzykcy","WSN",0,1,0,26,0,23,9.391305905434303,4.695652952717151,2.3478264763585757,0.3333333333333333,0.56547619,0.291666666,0.166666666,94.83249362244898,9.000001492707874,5.8482318359148415,6.265571620018221,5.2874242983342015,-0.33538493514060974,91.49434782608697,83.56278260869563,5.563102413043478,36.88324419565217,45.92438641304348,0.9370497826086959,5.2874242983342015,4.413761134769475,"Zach Brzykcy",27783,694350
2025,"Jeff Brigham","ARI",0,0,0,4,0,3.1,8.10000077247627,2.70000025749209,2.70000025749209,0.46153846153846156,0.75757576,0.214285714,0.2,94.8535546875,8.10000077247627,11.460160964835229,6.1351366043091105,4.547745425115501,-0.045330245047807693,93.95174603174603,86.56063492063491,5.129452539682539,41.54560174603175,50.8899026984127,0.6479506349206349,4.547745425115501,4.413507146822735,"Jeff Brigham",16631,656257
2025,"Kyle Freeland","COL",5,17,0,31,31,162.2,6.860656166743055,2.1024591478728714,1.2172131908737678,0.32947976878612717,0.64015519,0.418691588,0.111675126,91.56163507821901,4.979508508119959,4.955948205108265,4.180218350775174,4.2891690441532155,2.4503562450408936,93.81576583801122,95.3463672814755,4.099529621273167,52.61897554391619,44.62303011281225,-0.038665020145044325,4.2891690441532155,4.4110905994397855,"Kyle Freeland",16256,607536
2025,"Jovani Morán","BOS",0,0,0,2,0,4,11.25,6.75,0,0.4166666666666667,0.625,0.416666666,0,92.22897865032327,6.75,3.984663743795464,2.8851363182067873,4.426875633001328,0.03893471509218216,98.19449999999999,84.10499999999999,5.87391425,33.541515249999996,54.58371024999999,1.1442595,4.426875633001328,4.410088964929581,"Jovani Moran",20422,663558
2025,"Kolby Allard","CLE",2,2,0,33,2,65,5.815385212644379,1.9384617375481263,0.6923077634100451,0.28921568627450983,0.79166667,0.380487804,0.055555555,90.02515216206395,2.6307695009581713,3.358745918960223,3.535136359288147,4.669852450158236,0.706366091966629,91.56383105118603,92.83713263753639,4.721657670251717,45.93010049176202,31.03513151867277,0.37608689729977113,4.669852450158236,4.407847441716569,"Kolby Allard",18694,663465
2025,"Jordan Hicks","- - -",2,7,2,34,9,67.1,7.752475942937657,4.277228106448362,0.801980269959068,0.3523809523809524,0.5734767,0.547169811,0.115384615,97.43687686011904,6.950495672978589,4.592457462677442,4.352958209626113,4.385192534834173,0.2584153190255165,104.98807316993462,103.07338941176471,3.927379850000001,54.469851716666675,55.33711586666667,-0.15343213333333333,4.385192534834173,4.407200932887044,"Jordan Hicks",19618,663855
2025,"Kyle Hart","SDP",3,3,0,20,6,43,7.7441870770370675,2.720930594634645,1.8837211809009082,0.2457627118644068,0.61881188,0.322580645,0.130434782,91.77968704366238,5.8604658961361595,3.6738926670079763,5.181648218444812,4.934671737226498,-0.1613529473543167,99.57023941841906,98.27208633815424,4.108515462427746,52.5223799566474,49.107893670520234,-0.03267484104046245,4.934671737226498,4.4064799545859135,"Kyle Hart",19646,606996
2025,"Landon Knack","LAD",3,2,1,10,7,42.1,8.929134528778446,4.03937038206644,2.1259844116139157,0.26785714285714285,0.76595745,0.311475409,0.185185185,93.127875,4.8897641467120065,5.649365320055798,5.709939661161419,4.605701538845515,-0.12354151904582977,95.30046504999854,96.3876565585944,4.5841593143596375,47.40843241914617,45.14917857697284,0.2844214100905563,4.605701538845515,4.405618507544183,"Landon Knack",27487,689017
2025,"Matthew Liberatore","STL",8,12,0,29,29,151.2,7.239560925129376,2.3736265328293036,1.1274726030939193,0.3002159827213823,0.70125428,0.374207188,0.101063829,93.88912655563689,4.213187095772014,4.872611417313495,4.025246268017776,4.307753921128919,1.785821795463562,95.28351555929355,96.7400925147182,4.623143025104604,46.98929473221757,46.51622272803347,0.31041051046025103,4.307753921128919,4.403030904052823,"Matthew Liberatore",22294,669461
2025,"Tony Gonsolin","LAD",3,2,0,7,7,36,9.5,4.5,2.25,0.2696629213483146,0.79710145,0.40625,0.214285714,93.45476721938776,5,5.251687527268842,6.024025207095676,4.572721074355973,-0.13864505290985107,94.70161716171617,90.9730693069307,5.077930985221674,42.0995952545156,38.40683044334975,0.6136015763546798,4.572721074355973,4.402596573134187,"Tony Gonsolin",19388,664062
2025,"Jameson Taillon","CHC",11,7,0,23,23,129.2,6.802057088900536,1.8740361367379028,1.6658098993225803,0.23243243243243245,0.80270793,0.337595907,0.136363636,92.31563534768212,3.678663527670698,3.8403339630765174,4.654416643051919,4.340890547019683,1.1004010438919067,96.36058883248725,101.0146091370558,3.628573431025771,57.68253269327944,41.5357780090955,-0.3526362506316322,4.340890547019683,4.400013826651431,"Jameson Taillon",11674,592791
2025,"Zack Littell","- - -",10,8,0,32,32,186.2,6.267857356339092,1.5428571954065458,1.735714344832364,0.2490974729241877,0.81180812,0.403087478,0.15,92.00320807409503,3.80892870115991,4.3636968283547315,4.8762078060787575,4.351301192936383,1.4622283577919006,87.75879817766561,92.15479917256914,4.668755295296351,46.49890286895333,35.063568254068784,0.3408182826554632,4.351301192936383,4.397316217085379,"Zack Littell",15823,641793
2025,"Matt Bowman","BAL",0,1,0,20,0,24.2,6.567568752520311,2.189189584173437,1.4594597227822912,0.32142857142857145,0.62874251,0.348837209,0.108108108,90.54564412434895,6.202703821824738,5.16765640314911,4.756758232409333,4.961259133390084,-0.010354077443480492,101.78008968609866,98.25085201793725,4.112582751677851,52.47863651006712,47.35977888143177,-0.029963601789709207,4.961259133390084,4.396575592162284,"Matt Bowman",13528,621199
2025,"Trevor Richards","- - -",0,0,0,5,0,5.2,7.94117736156434,3.176470944625736,0,0.5,0.61538462,0.333333333,0,91.31834501378677,7.94117736156434,3.463895679167373,2.429253886067735,4.87789895488376,0.09683394245803356,90.28165340406719,100.5047877984085,3.632533534482758,57.63989775862069,47.799984137931034,-0.34999594827586206,4.87789895488376,4.396111522613756,"Trevor Richards",19309,670950
2025,"Scott Blewett","- - -",3,0,0,26,2,44.1,7.105263973065595,3.654135757576592,1.827067878788296,0.2748091603053435,0.68093385,0.496350364,0.18,93.3957290649414,5.481203636364888,4.646996801181155,5.481001248996698,4.580707139837173,-0.4561927989125252,85.0389812746477,96.79361573039905,4.434434781997187,49.01819573839662,40.725687018284106,0.18460445850914206,4.580707139837173,4.395506524366262,"Scott Blewett",16427,656240
2025,"Charlie Morton","- - -",9,11,0,33,27,142,9.443662162102353,4.563380373633352,1.4577465082439873,0.32575757575757575,0.69970845,0.443099273,0.16197183,94.24530046636409,5.830986032975949,4.652442524879454,4.959080016927525,4.395185517543791,0.31624504178762436,99.06077422645875,94.8555900255115,4.536972152097217,47.91578599764798,48.72757380243042,0.25296290866326926,4.395185517543791,4.393773474612381,"Charlie Morton",4676,450203
2025,"Paul Sewald","- - -",1,1,2,22,0,19.2,9.152545331710987,2.745763599513296,1.8305090663421975,0.27450980392156865,0.70652174,0.145454545,0.105263157,90.59349530194257,4.576272665855494,3.7155691078253095,4.6605605401586185,4.995446782091259,0.028261259198188782,109.29211356466877,109.33848580441641,2.4325151104100944,70.54202208201893,62.89495981072557,-1.150008075709779,4.995446782091259,4.393463096716031,"Paul Sewald",13892,623149
2025,"Anthony Banda","LAD",5,1,0,71,1,65,8.446156204530427,4.7076936221972865,1.107692616987597,0.22699386503067484,0.83094556,0.394117647,0.102564102,95.98503566267021,3.184616273839341,3.5919418638417646,4.519752089441283,4.769839337025303,0.05807153880596161,104.54854903301724,97.13001816128384,4.47490392686773,48.58311005084851,57.759206206279224,0.21158457979857714,4.769839337025303,4.39259131504698,"Anthony Banda",14706,607455
2025,"Bryan Hoeing","SDP",1,0,0,7,0,8,5.625002011657481,3.3750012069944884,0,0.32142857142857145,0.75,0.607142857,0,92.81463623046875,3.3750012069944884,2.4489554566069867,3.0101362735032877,4.744593622937431,0.08862105756998062,90.07153846153845,80.23015384615383,6.113379770992366,30.966873358778624,36.84861534351144,1.3039017557251908,4.744593622937431,4.392425360951414,"Bryan Hoeing",26304,663773
2025,"Kyle Nicolas","PIT",1,2,0,31,0,38,8.052633195703043,4.263158750666317,0.7105264584443862,0.2818181818181818,0.6626506,0.428571428,0.0625,97.61528158043807,4.736843056295908,4.137949499203113,3.9509259556799714,4.872070538256639,0.17073674499988556,102.05978527607364,93.57748466257672,4.6989409049079764,46.17435610429447,61.349512668711654,0.36094263803680987,4.872070538256639,4.389060460075767,"Kyle Nicolas",27775,693312
2025,"Steven Wilson","CHW",2,2,2,59,0,55.1,8.295182629133162,3.5783140753123446,1.1385544785084734,0.2721518987341772,0.82822086,0.272727272,0.078651685,93.97578725961539,3.4156634355254196,3.7708816076457685,4.291763090024919,5.126970493101885,0.4158433973789215,98.83973195876287,105.14039175257736,3.4378359958932236,59.73324308008212,58.72870897330594,-0.4797944455852155,5.126970493101885,4.388538320428405,"Steven Wilson",20353,621051
2025,"Connor Thomas","MIL",0,0,0,2,0,5.1,8.43750050291422,3.375000201165688,5.062500301748532,0.45,0.27777778,0.318181818,0.428571428,90.09473876953125,20.250001206994128,11.896016485453142,10.260136742889907,4.971169278310714,-0.2341744303703308,89.67745762711864,86.52203389830507,5.740695966386554,34.97383899159664,44.20809596638656,1.0554457142857143,4.971169278310714,4.3883154782584715,"Connor Thomas",25873,671162
2025,"Andrew Alvarez","WSN",1,1,0,5,5,23.1,7.714286134680946,3.857143067340473,0.38571430673404733,0.22727272727272727,0.7421875,0.56060606,0.05,91.04276789671985,2.314285840404284,2.8658126717046435,3.392279189362819,4.156627215126086,0.5796646475791931,88.65792771084335,100.9692530120482,4.543593038277512,47.84457303827751,54.26359571770335,0.25737732057416274,4.156627215126086,4.387300325148017,"Andrew Alvarez",29914,674841
2025,"Stephen Kolek","- - -",5,7,0,19,19,112.2,6.150887712803399,2.4763314168429273,0.7189349274705272,0.26409495548961426,0.70502431,0.514450867,0.08910891,94.15922075788552,3.5147929787448,4.29615612327356,3.818568286296054,4.16219850820267,1.7049622535705566,94.55051971917958,99.30026868202847,4.147743747779751,52.100594280639434,44.68663339253996,-0.006522794552989924,4.16219850820267,4.3851236547557555,"Stephen Kolek",21487,663568
2025,"Luis Curvelo","TEX",1,1,0,17,0,19,9.473686112591816,4.736843056295908,1.4210529168887724,0.27450980392156865,0.61403509,0.277777777,0.1,96.3050390625,5.68421166755509,3.696479498965274,4.661452414124358,5.043146145697108,0.03068869188427925,98.2452409638554,97.07475903614458,4.060073938461539,53.04317673846153,48.75411535384616,-0.06496904615384613,5.043146145697108,4.380596838355255,"Luis Curvelo",24710,681168
2025,"Sandy Alcantara","MIA",11,12,0,31,31,174.2,7.316794319257332,2.937023071814563,1.133587852279305,0.27766990291262134,0.61938062,0.46542056,0.125714285,97.74060132575758,5.358778938047624,4.627612997921101,4.280174552832348,4.187451532674813,1.7427232265472412,104.26166608816375,105.85944463727876,3.6127490909090914,57.85265670584169,49.91802397511234,-0.36318574490148625,4.187451532674813,4.3787448855657685,"Sandy Alcantara",18684,645261
2025,"Clarke Schmidt","NYY",4,4,0,14,14,78.2,8.351695185247362,3.432203500786587,1.0296610502359762,0.2315270935960591,0.77956989,0.331753554,0.08910891,94.31873739919355,3.3177967174270346,3.01701826940038,3.948695666541386,4.440844040005538,1.2772020101547241,100.74726984126987,101.89547619047619,4.044176479217604,53.214102216788916,57.077525729421346,-0.07556719641401793,4.440844040005538,4.374117336402065,"Clarke Schmidt",19899,657376
2025,"Jacob Latz","TEX",2,0,1,33,8,85.2,7.984436745780825,3.8871599946564546,0.7354086476377076,0.2719298245614035,0.81081081,0.378723404,0.07368421,94.3015350877193,2.836576212316872,4.11439456613237,3.718793975062111,4.3662481558993775,1.2603907585144043,104.78231390013055,107.73201456111093,3.6878154448215574,57.04557442134629,55.17612761107682,-0.31314232914224005,4.3662481558993775,4.372100913641371,"Jacob Latz",21306,656641
2025,"Tanner Gordon","COL",6,8,0,15,15,75.1,7.407080146119794,2.0309735884522016,1.9115045538373663,0.33472803347280333,0.5982906,0.345238095,0.16,92.28884845890411,6.331858834586276,5.88772706191568,5.046640872044153,4.332135489459531,0.56278395652771,88.51234349919744,90.71415730337078,4.478467702811245,48.5447778875502,29.04465045783132,0.21396072289156626,4.332135489459531,4.366287302378995,"Tanner Gordon",27669,685299
2025,"Shota Imanaga","CHC",9,8,0,25,25,144.2,7.2788023551415195,1.6175116344758933,1.9285715641827958,0.2193877551020408,0.81510934,0.291866028,0.135964912,90.81617733931947,3.7327191564828306,4.062573695140187,4.86324703880069,4.507370726494198,0.8881540298461914,98.47133851073549,105.49480127912288,3.8059951010101005,55.77494240128558,45.254718085399446,-0.23435484389348027,4.507370726494198,4.36052251493243,"Shota Imanaga",33829,684007
2025,"Landen Roupp","SFG",7,7,0,22,22,106.2,8.606250205188994,3.7968750905245563,0.9281250221282249,0.3238095238095238,0.72802198,0.451713395,0.103773584,92.95244683159723,3.7968750905245563,4.250204829365889,3.913261336758733,4.10473978540101,1.1231613159179688,97.25468258274552,102.27731958762882,3.9085026364127495,54.67281426796327,43.899144024851424,-0.16601629929767694,4.10473978540101,4.358316008757999,"Landen Roupp",30076,694738
2025,"Colin Rea","CHC",11,7,1,32,27,159.1,7.173640439299197,2.485355742749328,1.1297071557951492,0.2903225806451613,0.74576271,0.394572025,0.105820105,93.82150726028819,3.953975045283022,4.523656420928049,4.11421585322925,4.31121626130062,1.8599650710821152,93.05188545787752,95.74820450472197,4.4071088643533125,49.311997827287065,38.268769656940066,0.1663879613564669,4.31121626130062,4.356330293477637,"Colin Rea",12317,607067
2025,"Joe Ross","PHI",2,1,0,37,1,51,6.882353970748897,3.176471063422568,1.4117649170766968,0.30625,0.71856287,0.454545454,0.133333333,94.14269045354489,5.117647824403026,6.075496923691152,4.880234618482149,4.6548298570698075,-0.14725979417562485,91.75849618628175,98.02859744084914,4.029155406032483,53.37559547563805,43.5942115313225,-0.08558090487238981,4.6548298570698075,4.35465213819616,"Joe Ross",12972,605452
2025,"Gavin Williams","CLE",12,5,0,31,31,167.2,9.286282869572291,4.455268659968209,1.2345925202321544,0.25355450236966826,0.83786725,0.446952595,0.14375,96.68859275658492,3.0596423327492523,4.293556111758674,4.393585698733283,4.081527769465145,1.4409607648849487,100.9565190735695,99.11993869209813,4.404525213675213,49.33979854017093,53.07378547692307,0.16466522051282054,4.081527769465145,4.349930662768153,"Gavin Williams",30122,668909
2025,"Jason Alexander","- - -",4,2,1,18,13,77.1,7.564655763233364,3.0258623052933453,1.7456897915153915,0.28634361233480177,0.72727273,0.44813278,0.185185185,91.83988444010417,4.771552096808737,4.851113890143888,5.1006537130981915,4.193940941829261,0.2435396770015359,92.95701277955271,94.71792332268373,4.742400143769969,45.70708598242811,43.40503680511183,0.38991597444089454,4.193940941829261,4.347697610464354,"Jason Alexander",19666,669920
2025,"Yusei Kikuchi","LAA",7,11,0,33,33,178.1,8.781308661667545,3.734579545766657,1.211214987816213,0.31388329979879276,0.76096688,0.397286821,0.115384615,94.95633936808117,3.9869160015617013,4.4710703364785065,4.228594293318646,4.277277159065627,2.4652090072631836,97.96501128668166,105.32774588842298,3.7961941007426545,55.88030861478849,53.649217465288984,-0.2408885663545367,4.277277159065627,4.342474416279563,"Yusei Kikuchi",20633,579328
2025,"Chad Green","TOR",3,2,1,45,0,43.2,7.2137421385186205,2.6793899371640593,2.8854968554074483,0.29365079365079366,0.81896552,0.330935251,0.20289855,95.22635460434174,5.5648867925715075,5.966381302371616,6.730557003119243,4.998801165817531,-0.9372482299804688,98.89293785310736,100.23460451977407,4.119413704225352,52.4051826338028,49.18150926760562,-0.02540916901408447,4.998801165817531,4.340754508022468,"Chad Green",15552,643338
2025,"Michael Tonkin","MIN",2,1,0,21,0,24,7.125001132488431,3.000000476837234,1.1250001788139627,0.25,0.69444444,0.323943661,0.1,92.36401583241151,4.8750007748605055,5.409355757706087,4.8018032497830285,5.103977441305498,-0.09892753511667252,93.48382871536528,88.50881612090681,4.763814911838789,45.47685813602015,39.92319128463477,0.40419206549118386,5.103977441305498,4.33743198470797,"Michael Tonkin",10315,543859
2025,"Andre Granillo","STL",1,0,1,14,0,21,7.714287816262331,3.000000817435351,1.285714636043722,0.3064516129032258,0.73643411,0.28125,0.09375,94.4965587797619,4.714286998826981,3.8929608522722075,4.4208509542505094,4.913025282330004,0.01708897389471531,99.74155555555554,98.20000000000002,4.5754168144044325,47.50243811634349,44.67431842105263,0.2785927146814404,4.913025282330004,4.33318694311942,"Andre Granillo",29542,701552
2025,"Jack Perkins","ATH",3,2,3,12,4,38.2,8.61206910712257,4.189655241302872,0.931034498067305,0.23,0.70048309,0.403846153,0.085106382,95.92430360486891,4.189655241302872,3.6319837545580542,4.117894955055609,4.64707809639498,0.3606439381837845,100.27423327390149,96.46343202939627,4.264919843014129,50.840787080062796,56.18580175824176,0.07159381475667188,4.64707809639498,4.331871120596591,"Jack Perkins",31468,678022
2025,"Mitch Spence","ATH",3,6,1,32,8,84.2,7.015748874423876,2.763779859621527,1.7007876059209395,0.3041825095057034,0.66602317,0.434782608,0.170212765,,5.102362817762819,5.689346049161888,5.095766475032315,4.35076830194775,-0.04602906107902527,95.42883895528011,98.45596734506296,3.907343028064993,54.68527553914328,51.00361658050222,-0.16678985228951257,4.35076830194775,4.326960062121053,"Mitch Spence",27707,687765
2025,"José Buttó","- - -",5,3,1,55,0,67,7.791046550476655,4.2985084416422925,0.5373135552052866,0.30851063829787234,0.71902655,0.481481481,0.063492063,95.33655947730655,3.8955232752383275,4.5173672188164575,3.702300626479034,4.375876553494095,0.45567426085472107,97.20934264234529,99.61407810809342,4.636377089677614,46.84701751298329,54.42857437279312,0.31923333062172476,4.375876553494095,4.326762533249658,"Jose Butto",23313,676130
2025,"Jose Herrera","ARI",0,0,0,2,0,2,0,0,0,0.4,0.75,0.5,0,43.64741120515046,4.5,7.730075913857469,3.1351363182067873,3.9060059756040575,0.0221725907176733,42.36666666666667,66.85037037037037,13.60799,20,20,6.30031,3.9060059756040575,4.32576146492958,"Jose Herrera",17040,645444
2025,"Logan Porter","SFG",0,0,0,1,0,1,0,0,9,0.25,1,0.6,1,,9,17.598616476736588,16.135136318206786,4.676875633001328,-0.06463860720396042,42.791999999999994,40.580000000000005,13.95037,20,20,6.52856,4.676875633001328,4.32576146492958,"Logan Porter",20626,682515
2025,"Noah Cameron","KCR",9,7,0,24,24,138.1,7.416867742584145,2.7975904643080547,1.1710843804080229,0.24074074074074073,0.83975347,0.41432225,0.124137931,92.39929947460595,2.9927711943760587,4.079739537507821,4.176100211902808,4.100573948729761,1.8170421123504639,96.44786443825438,101.28306406685238,4.53809055401662,47.903748439519866,47.14195995383196,0.25370883194829175,4.100573948729761,4.325471975586304,"Noah Cameron",30184,702070
2025,"Ronel Blanco","HOU",3,4,0,9,9,48.1,8.937931269624151,3.724138029010063,1.3034483101535221,0.24193548387096775,0.74152542,0.338582677,0.111111111,93.22238018992932,4.09655183191107,3.181432884284629,4.273067382626529,4.399886216970968,0.5926380157470703,89.66,93.95712121212121,4.753359836272041,45.589247027707806,43.96943095717884,0.3972220906801008,4.399886216970968,4.3228099999783485,"Ronel Blanco",19407,669854
2025,"Richard Fitts","BOS",2,4,0,11,10,45,8,3.2,2.2,0.256,0.75107296,0.436090225,0.229166666,95.90719076095958,5,5.607431016455806,5.801802984873454,4.268547142876519,-0.31922832876443863,102.13012689622344,106.14438256894798,3.608096204449347,57.902645978412984,53.48251335189211,-0.3662873407092568,4.268547142876519,4.322563228206626,"Richard Fitts",30160,690916
2025,"Hunter Dobbins","BOS",4,1,0,13,11,61,6.639344262295082,2.5081967213114753,0.8852459016393442,0.2956989247311828,0.69832402,0.484375,0.1,95.70145033778184,4.131147540983607,3.9392411169389216,3.8728412362395743,4.110617611447319,0.9562510475516319,96.54877157727944,103.43936215200902,4.12654482832618,52.3285064914163,47.31861453862661,-0.020655064377682403,4.110617611447319,4.3222148724423075,"Hunter Dobbins",30240,690928
2025,"Josh Simpson","MIA",4,2,0,31,0,30.2,10.565219581690991,6.456523077700051,1.4673916085681933,0.3411764705882353,0.59615385,0.539325842,0.208333333,94.41427791819854,7.336958042840966,4.666879404857196,5.3525280822653905,4.439541269780232,-0.41820821166038513,106.79464926590536,97.97836867862969,4.3260746254071645,50.18326330618892,50.35119842019543,0.11236400651465801,4.439541269780232,4.319670606486163,"Josh Simpson",25957,681006
2025,"Colton Gordon","HOU",6,4,1,20,14,86,7.534883720930233,1.9883720930232558,2.197674418604651,0.30943396226415093,0.73995772,0.314487632,0.168,90.91939453125,5.337209302325581,4.629926967687093,5.3676944577416705,4.434176019943037,0.04442325234413147,97.14148663558346,100.6036616399494,3.6718611562284926,57.21708776324845,48.04447008947007,-0.3237780316586373,4.434176019943037,4.319568641652456,"Colton Gordon",31312,676467
2025,"Kumar Rocker","TEX",4,5,0,14,14,64.1,7.834197510571851,3.2176168346991534,1.5388602252908994,0.31088082901554404,0.6779661,0.48275862,0.177419354,95.89677435862446,5.735751748811534,5.7365986239702424,4.876069098333865,4.13909242116502,0.27726396918296814,94.693091231178,92.68752878653675,4.871081923758866,44.323567296099284,43.29294040780142,0.47570319148936174,4.13909242116502,4.316584289623855,"Kumar Rocker",31843,677958
2025,"Tyler Gilbert","CHW",4,2,1,46,5,51,8.647060440486168,4.235294909625878,0.8823531061720579,0.25925925925925924,0.71186441,0.333333333,0.072463768,90.66969468858507,3.8823536671570547,4.050308916607689,4.017489424378844,4.828862374549016,0.4069952666759491,99.70721445193817,96.51354716285933,5.247760225921521,40.27367840665874,39.80333665873959,0.7268218073721762,4.828862374549016,4.3149306428433505,"Tyler Gilbert",17964,656457
2025,"Bryce Jarvis","ARI",0,0,1,12,0,22,8.590910580532869,4.090909800253747,1.227272940076124,0.31746031746031744,0.67114094,0.318181818,0.096774193,94.01539450698758,5.727273720355245,4.09262660947655,4.49877291829137,4.898496567539345,-0.02707516774535179,85.82171149144253,87.39755501222494,5.130844083129585,41.53070300733496,39.79268782396088,0.6488774816625916,4.898496567539345,4.309849094025315,"Bryce Jarvis",27477,686826
2025,"Seth Halvorsen","COL",1,2,11,42,0,39.2,8.168068536080199,4.764706646046782,1.5882355486822608,0.3119266055045872,0.68965517,0.543859649,0.194444444,100.07485836988305,4.991597438715677,4.372935002647092,5.2023635403011586,4.307471346428018,-0.2561160922050476,108.91769347496205,100.76691957511382,4.05435207606973,53.10470862123614,64.13772437400951,-0.06878380348652936,4.307471346428018,4.306875090711252,"Seth Halvorsen",33294,678020
2025,"Rob Zastryzny","MIL",2,1,0,26,1,22,8.181821019197297,4.090910509598649,1.2272731528795946,0.22033898305084745,0.87719298,0.409836065,0.103448275,91.80922907049006,2.454546305759189,3.2884940470990216,4.589682277175196,4.84924782760109,-0.018476054072380066,99.51839697406338,99.2675878276383,3.905205216138329,54.708275590778086,52.79010311239194,-0.16821481268011526,4.84924782760109,4.302617824548989,"Rob Zastryzny",15094,642239
2025,"Troy Melton","DET",3,2,0,16,4,45.2,7.094891202386987,2.9562046676612446,1.379562178241914,0.19834710743801653,0.86021505,0.42519685,0.122807017,97.13824619391026,2.759124356483828,3.6397205588491923,4.602289745860886,4.5339497598567196,0.1462635099887848,103.29518600804361,102.69327273611833,3.7451722103658542,56.428849954268294,54.238300396341444,-0.2749028201219512,4.5339497598567196,4.30180815290967,"Troy Melton",31807,675512
2025,"Trent Thornton","SEA",2,0,0,33,0,42.1,6.803150423683758,2.9763783103616444,1.2755907044407047,0.28225806451612906,0.71146245,0.434108527,0.117647058,94.49817230504587,4.677165916282584,4.8533476219055025,4.741435723798785,4.7562870260836485,-0.2875175476074219,98.1024127906977,98.21825581395345,3.916139321766561,54.59070834384857,51.652938785488956,-0.16092533123028388,4.7562870260836485,4.299809244068587,"Trent Thornton",17948,663423
2025,"Zak Kent","CLE",1,0,0,12,0,17.2,8.150944569561734,4.075472284780867,0.5094340355976084,0.32,0.6504065,0.372549019,0.047619047,,4.584906320378476,3.3874106262474313,3.587966572071328,4.684751198483756,0.11124619096517563,92.54545454545452,75.07668831168832,5.485716558441558,37.715234220779216,55.38588071428571,0.8854600324675324,4.684751198483756,4.294203013728227,"Zak Kent",25703,687849
2025,"Bryce Elder","ATL",8,11,0,28,28,156.1,7.541578070523133,2.9360342106616772,1.3816631579584364,0.30620985010706636,0.67752101,0.482474226,0.158940397,92.78952508223684,5.2963754388406725,4.724004166486618,4.548782419636484,4.042189459875144,0.8802686929702759,91.9742594810379,99.2564630738523,4.678820322067595,46.390684882703766,39.3787562385686,0.3475282186878728,4.042189459875144,4.28768376723815,"Bryce Elder",27779,693821
2025,"Mick Abel","- - -",3,4,0,10,8,39,9,3.6923076923076925,1.8461538461538463,0.3181818181818182,0.6557377,0.364406779,0.166666666,96.20432176776961,6.230769230769231,5.071441696705742,5.109495292565761,4.340353936415452,0.05854146182537079,109.05812817507172,103.39887365773461,4.0083213749999995,53.59958351388889,53.74821734722223,-0.09946966666666669,4.340353936415452,4.284019042698702,"Mick Abel",27756,690953
2025,"Zach Pop","- - -",0,1,0,5,0,6.2,4.050000386238135,2.70000025749209,5.40000051498418,0.3793103448275862,0.48387097,0.545454545,0.8,96.05870056152344,14.850001416206496,10.710360856472477,11.385137104988173,4.74144095749184,-0.4151224419474602,103.99748031496063,110.69464566929135,2.7259662992125984,67.38697842519686,52.947927952755904,-0.9543735433070866,4.74144095749184,4.283837345836709,"Zach Pop",20185,647315
2025,"Scott McGough","- - -",0,0,0,13,0,16,9,3.9375,2.25,0.2978723404255319,0.68627451,0.333333333,0.148148148,92.32073400774573,6.75,6.239099513975558,5.885136318206787,5.236821411922574,-0.13358134403824806,88.79602693602695,89.22343434343435,5.025936531986532,42.6586176094276,36.74389346801347,0.5789399663299665,5.236821411922574,4.275495153383625,"Scott McGough",12056,543518
2025,"Kaleb Ort","HOU",2,2,1,49,0,46,9.586958111797518,5.282609571806796,1.5652176509057172,0.24545454545454545,0.70866142,0.405172413,0.142857142,96.30725211740655,4.891305159080366,3.3995156225835634,5.0264409797178615,4.642471386218704,-0.3171200454235077,102.9047388535032,94.64043312101907,4.690184537389099,46.268501761723705,52.77773003802282,0.35510462610899873,4.642471386218704,4.2748045949856,"Kaleb Ort",20061,672391
2025,"Anthony Molina","COL",1,1,0,17,1,34.2,6.230769687855771,1.5576924219639428,3.1153848439278855,0.3448275862068966,0.69444444,0.408,0.25,95.57963801865594,7.269231302498399,7.442277633772083,6.942828905229758,4.577544706044446,-0.5541983544826508,93.50632155674252,104.08447555388986,5.7352606219312605,35.032259918166936,33.60273458265139,1.0518219476268411,4.577544706044446,4.273193067370393,"Anthony Molina",26952,683627
2025,"Yariel Rodríguez","TOR",3,2,2,66,1,73,8.136988002199775,4.191781698102914,0.9863015760242151,0.22826086956521738,0.81218274,0.396825396,0.103896103,95.71789499274789,3.082192425075672,4.173289381079028,4.395410554237729,4.596971243480902,0.0979667603969574,100.27383698642707,97.01214568048422,4.382866482758621,49.57266655172413,60.01631873275863,0.15022575862068976,4.596971243480902,4.2671203434686245,"Yariel Rodriguez",33838,684320
2025,"Ryan Gusto","- - -",7,7,0,27,17,101.2,8.586885460697498,3.18688532561969,1.5049180704315204,0.32550335570469796,0.67073171,0.369426751,0.118881118,94.0067990620931,5.665573912212782,4.606655537993067,4.610546191178866,4.605320505955879,0.828637458384037,98.42269467708046,98.86231111756062,3.823886129398411,55.58258953461974,44.760763876276954,-0.22242746878547107,4.605320505955879,4.267098112542119,"Ryan Gusto",26440,687473
2025,"Isaac Mattson","PIT",3,3,0,44,0,47.2,8.496504629775979,3.587413065905413,0.755244855980087,0.2421875,0.83333333,0.271317829,0.05479452,93.72649846311475,2.4545457819352827,3.3107352126647416,3.6596119126374034,4.9298282354867595,0.6412584185600281,96.96103225806449,92.7979096774193,4.442880728476822,48.92742182781457,42.03243752317881,0.19023588079470197,4.9298282354867595,4.265985248288207,"Isaac Mattson",20385,676755
2025,"Owen White","CHW",0,0,0,3,0,7,7.714286765273879,3.8571433826369397,1.28571446087898,0.52,0.64102564,0.423076923,0.166666666,92.0927670127467,9.00000122615286,6.5770743557376,4.563707941405655,4.028055852538455,-0.010027335025370121,89.5175,86.78352941176472,5.021219915966387,42.7093805882353,43.25766798319327,0.5757946218487396,4.028055852538455,4.2615541159719275,"Owen White",22273,669391
2025,"Max Scherzer","TOR",5,5,0,17,17,85,8.68235294117647,2.4352941176470586,2.011764705882353,0.29310344827586204,0.73770492,0.270916334,0.139705882,93.52647697855029,5.188235294117647,4.618074147134479,4.993959847618552,4.55486039834864,0.3993212580680847,93.59075664621673,104.57323790047717,3.874745186781609,55.03577373563219,45.3597281321839,-0.18852122126436782,4.55486039834864,4.25935846589312,"Max Scherzer",3137,453286
2025,"Steven Cruz","KCR",3,1,0,47,0,45.2,7.489052763122283,3.5474460456895027,0.9854016793581951,0.2440944881889764,0.72916667,0.396946564,0.096153846,98.39540405273438,3.7445263815611414,3.418601046968471,4.142435812661831,4.474635398398146,0.15176014602184296,101.70222565687791,96.32868624420398,3.9983290965732095,53.707029626168215,56.045738987538954,-0.10613233644859811,4.474635398398146,4.257422457562058,"Steven Cruz",23165,674444
2025,"Cade Horton","CHC",11,4,0,23,22,118,7.398305563089763,2.5169493152779605,0.7627119137205941,0.25757575757575757,0.78333333,0.423076923,0.0729927,95.51335144042969,2.6694916980220795,3.8806037841483247,3.5842888896200265,4.272579494519117,2.152771433349699,98.14912045173223,98.2585777331795,3.8744994189944126,55.038424351955314,54.309606882681585,-0.18868573743016762,4.272579494519117,4.255702897184413,"Cade Horton",31872,690990
2025,"George Soriano","MIA",2,0,1,24,0,36.2,8.836364249237356,4.663636687097493,2.454545624788154,0.33962264150943394,0.58490566,0.44347826,0.285714285,96.04307196392277,8.345455124279724,7.307676678268203,6.435136547088639,4.361342112830737,-0.6867486834526062,98.40765217391304,96.17840579710142,4.267541517341041,50.81258794797689,60.656917312138724,0.07334254335260115,4.361342112830737,4.252166675691696,"George Soriano",21863,666277
2025,"Dean Kremer","BAL",11,10,0,31,29,171.2,7.444660428536475,2.359223375240432,1.153398094561989,0.2837022132796781,0.70870536,0.399224806,0.101851851,93.25198066732678,4.194174889316324,3.879013890056545,3.968146053168224,4.242023879240255,2.57356009632349,96.05817502123902,96.03202550489995,4.445363352685052,48.90070507982583,39.59746510522496,0.19189055152394777,4.242023879240255,4.251448998398058,"Dean Kremer",19350,665152
2025,"Josh Winckowski","BOS",0,1,0,6,0,11.2,6.942857521212852,3.857143067340473,0,0.2972972972972973,0.58823529,0.54054054,0,95.28773373463115,3.857143067340473,6.372055363300844,3.1351363182067873,4.456627231474791,0.15031059086322784,102.8646376811594,92.63555555555556,4.983328695652174,43.11669236714976,47.64063652173913,0.5505347826086957,4.456627231474791,4.250117085910228,"Josh Winckowski",22387,670174
2025,"Mitch Keller","PIT",6,15,0,32,32,176.1,7.655954852212854,2.6030246497523706,1.0718336793097996,0.2901353965183752,0.69595262,0.436329588,0.108247422,94.1120790314651,4.185255319209694,4.444461967011915,4.019824434462495,4.16782497032021,2.4928290843963623,94.011483286908,93.87294568245125,4.2171048902821315,51.35484142459074,46.2430994496691,0.03971874259839777,4.16782497032021,4.245610656738917,"Mitch Keller",17594,656605
2025,"Joe Boyle","TBR",1,4,0,13,9,52,10.038461538461538,4.846153846153846,1.0384615384615385,0.2824427480916031,0.625,0.437956204,0.105263157,98.41873189155629,4.673076923076923,4.0291930340755835,4.192828625899095,4.382812105577726,0.4716900885105133,106.14365000633268,95.27747320395042,4.4257359957173446,49.11173317987152,63.673659443254834,0.17880508565310493,4.382812105577726,4.244927307526683,"Joe Boyle",29608,671212
2025,"Caleb Freeman","CHW",0,0,0,5,0,3.1,8.100003089905965,2.7000010299686545,2.7000010299686545,0.36363636363636365,0.86956522,0.272727272,0.2,96.2172492532169,5.400002059937309,4.575599057357198,6.135137462616404,4.547745829266361,-0.05512339994311333,103.90637681159419,102.76608695652176,3.2430417142857144,61.82755928571429,44.98419585714286,-0.6096578571428571,4.547745829266361,4.243786464929581,"Caleb Freeman",26255,673965
2025,"Tristan Beck","SFG",1,0,2,31,1,56.2,6.511764998122496,2.541176584633169,1.1117647557770114,0.24096385542168675,0.65217391,0.418604651,0.102941176,94.67465910734954,4.605882559647619,4.442633836281304,4.246901073983799,4.491105909755689,-0.02595069259405136,93.13246022031825,96.0210771113831,4.016926548347613,53.50708646266829,51.36511613219094,-0.0937337821297429,4.491105909755689,4.242280950702957,"Tristan Beck",21584,663941
2025,"Zac Gallen","ARI",13,15,0,33,33,192,8.203125,3.09375,1.453125,0.27001862197392923,0.67620928,0.436170212,0.145539906,93.54151218220339,4.828125,4.27882259768133,4.504927984873454,4.1163367038903145,1.0632120370864868,92.66930306905368,99.4053005115089,4.219688535885168,51.32708462519937,43.1161826539075,0.04144085486443381,4.1163367038903145,4.239357609250401,"Zac Gallen",19291,668678
2025,"Jacob Stallings","COL",0,0,0,1,0,2,4.5,0,0,0.2857142857142857,0.5,0.428571428,0,72.5720955984933,4.5,4.494857576266232,2.1351363182067873,4.447745290398598,0.025257950648665428,55.49590909090909,67.86863636363636,9.70274,20,20,3.69681,4.447745290398598,4.235317714929581,"Jacob Stallings",13723,607732
2025,"Anthony Bender","MIA",3,5,4,51,0,50,7.560001153564629,3.7800005767823146,0.5400000823974735,0.21323529411764705,0.82677165,0.485507246,0.056603773,95.95182661576705,2.160000329589894,3.554487911816434,3.615136391448986,4.469380195478459,0.44537535309791565,111.0132401524777,105.8719695044473,2.9366436433121015,65.12184019108278,61.902139732484066,-0.8139226369426754,4.469380195478459,4.2215311367033745,"Anthony Bender",19742,669622
2025,"Justin Slaten","BOS",2,4,3,36,0,34,6.617647801303617,2.6470591205214467,0.794117736156434,0.24242424242424243,0.54878049,0.401960784,0.073170731,96.87383459944752,4.235294592834315,3.4915809900395494,3.6939599103168703,4.406057399229002,0.3973575532436371,107.22164658634543,111.48425702811244,3.533055290581162,58.70947334669338,68.27688474949899,-0.41631464929859724,4.406057399229002,4.217097265142077,"Justin Slaten",25648,686580
2025,"John Brebbia","- - -",1,1,0,22,0,23.1,10.028572794856043,4.628572059164328,1.9285716913184698,0.3382352941176471,0.56756757,0.319444444,0.138888888,92.80091579861111,7.714286765273879,4.478761041303168,5.749422388660713,5.342391561747312,-0.24184251576662064,93.03559610677232,90.85684438745776,4.217347695652173,51.35223393478261,39.58227054347826,0.039880043478260865,5.342391561747312,4.210874210864334,"John Brebbia",12777,605154
2025,"John Curtiss","ARI",3,2,1,30,0,36.2,5.890910112365395,1.227272940076124,1.227272940076124,0.22429906542056074,0.59259259,0.29090909,0.1,94.24855696950172,3.9272734082435967,4.277508905200564,4.00786374226092,4.337508319594123,0.010215927846729755,95.31319852941176,97.9662867647059,4.1372197435897435,52.213743809523805,40.78708163003663,-0.01353835164835168,4.337508319594123,4.2108148557251095,"John Curtiss",16128,595928
2025,"Nick Sandlin","TOR",0,2,1,19,0,16.1,8.8163292760512,4.4081646380256,1.1020411595064,0.21951219512195122,0.76923077,0.372093023,0.1,91.31363118489584,2.2040823190128,4.378553594821844,4.604524530881987,4.9005319472980515,0.04581440985202789,100.80164948453607,95.90962199312715,4.376302586206896,49.6432421724138,61.28811182758621,0.14584999999999998,4.9005319472980515,4.209346088021859,"Nick Sandlin",20517,680704
2025,"Christian Montes De Oca","ARI",0,0,0,1,0,2.2,6.750001609325793,3.3750008046628963,0,0,1,0.5,0,95.88252258300781,0,0.6944985565492594,2.760136228799799,4.494593371470464,0.020498575642704964,95.95652173913044,109.54782608695652,4.32326,50.21350000000001,42.40014,0.11048999999999999,4.494593371470464,4.20860591053358,"Christian Montes De Oca",30206,801216
2025,"Jorge Alcala","- - -",0,2,0,56,0,55,9.981819739539018,4.909091675183124,2.1272730592460203,0.34868421052631576,0.67258883,0.333333333,0.164556962,97.41342673788266,6.218182788565291,4.485206292611448,5.680591260894333,4.822362142758498,-0.5071176439523697,104.69085838469735,102.57730112538174,4.3789045463138,49.61525412098298,51.46062258034027,0.14758441398865788,4.822362142758498,4.2056441063422785,"Jorge Alcala",19459,660896
2025,"Andrew Abbott","CIN",10,7,0,29,29,166.1,8.062124495026568,2.326653377759345,1.028056143661106,0.274468085106383,0.8004779,0.318087318,0.082608695,92.69346298495645,2.867735558633611,3.5527835477667655,3.6581824263852445,4.305076488667916,3.9303135871887207,99.481567304087,101.63779527559055,3.881060855435188,54.967876817332844,47.0619249159507,-0.1843111953679491,4.305076488667916,4.202989735664326,"Andrew Abbott",29911,671096
2025,"Jorge López","WSN",6,0,1,26,0,24.2,6.20270430144859,2.554054712361184,0.3648649589087406,0.3076923076923077,0.50595238,0.46835443,0.041666666,94.81395487882654,6.567569260357331,5.352074310411875,3.500001277115528,4.473045185555347,0.29164937138557434,97.50139534883725,91.09147286821712,4.625119690721651,46.96803664948454,44.6397368556701,0.31172791237113395,4.473045185555347,4.199608507066941,"Jorge Lopez",14527,605347
2025,"Shane Smith","CHW",7,8,0,29,29,146.1,8.91799575416359,3.567198301665436,1.0455581229019382,0.2604166666666667,0.71691176,0.404522613,0.108974358,95.82670323988971,3.8132119776423625,3.9836912550658834,4.09868988244975,4.232024737480213,2.1860880851745605,94.85391376451085,93.98785240464345,4.522125134353038,48.075386767259204,48.35309257957833,0.24306514262091775,4.232024737480213,4.195764268447417,"Shane Smith",31687,681343
2025,"Juan Morillo","ARI",0,3,1,42,0,34.1,9.436895650410682,5.242719805783712,0.5242719805783712,0.3870967741935484,0.71174377,0.494623655,0.071428571,99.03354339067944,4.19417584462697,3.7304632213823865,3.630282077641916,4.130341454299851,0.2677901089191437,109.97863192182412,103.92045602605863,3.5427312624584717,58.605427558139546,61.71482898671096,-0.4098641362126246,4.130341454299851,4.193826629613239,"Juan Morillo",21924,666661
2025,"Hogan Harris","ATH",2,1,4,48,0,64.2,9.04639317563923,4.592784227632224,0.6958763981260946,0.2832369942196532,0.7654321,0.346590909,0.071428571,93.43841552734375,3.201031431380035,3.8487146322623875,3.7073013566660205,4.371039894617289,0.5545775890350342,100.70234986945168,100.66668407310709,3.7988659555555544,55.85158923555557,49.30789314666667,-0.23910744888888888,4.371039894617289,4.193446162917923,"Hogan Harris",21520,663687
2025,"Slade Cecconi","CLE",7,7,0,23,23,132,7.431818181818182,2.1818181818181817,1.6363636363636365,0.26790450928381965,0.74367089,0.413098236,0.154838709,94.32345655487805,4.295454545454546,4.99924558095375,4.642712075782545,4.089451422700376,0.7225502729415894,93.12654773384767,95.21598842815816,4.2772742469733664,50.70794833898304,40.35986977723971,0.07983122033898304,4.089451422700376,4.191047697044347,"Slade Cecconi",27500,677944
2025,"Luis García","- - -",2,2,2,58,0,55.1,7.80723003698114,4.22891627003145,0.32530125154088085,0.3375796178343949,0.74168798,0.496815286,0.046511627,96.82970832375919,3.4156631411792486,4.461098755573167,3.279714652224957,4.00793386289119,0.746558241546154,109.4915672256637,112.26451962028266,3.3347412165178567,60.841670122767866,60.121642466517855,-0.5485244642857142,4.00793386289119,4.189903729889078,"Luis Garcia",6984,472610
2025,"Brandyn Garcia","- - -",0,2,0,14,0,14.1,8.790699624061501,5.023256928035144,0,0.4186046511627907,0.55555556,0.5,0,,5.651164044039536,4.170507994746721,3.0653688608729657,4.033437947656195,0.19997365400195122,108.29415162454872,97.81682310469313,3.859341444043321,55.20136057761733,61.617183537906136,-0.19879046931407937,4.033437947656195,4.18630838893996,"Brandyn Garcia",33568,805299
2025,"Grant Holmes","ATL",4,9,0,22,21,115,9.626087595141044,4.22608723689119,1.2521739961159082,0.2876712328767123,0.78643579,0.453947368,0.148148148,94.51151922294177,3.9913046126194573,4.542440107597352,4.3960059670735,4.035204603987538,0.8718426823616028,92.16273771368769,93.9007807223569,4.507561322482197,48.23199567141404,49.17173605798576,0.23335629196337743,4.035204603987538,4.18155018990212,"Grant Holmes",16944,656550
2025,"Tyler Alexander","- - -",5,14,1,52,5,97.2,7.556314853990509,2.7645054343867717,0.8293516303160314,0.32666666666666666,0.60917722,0.337792642,0.073170731,90.87966172631658,4.976109781896189,4.641288707046511,3.6368428600029055,4.38053511932916,1.2647336572408676,98.6739942461936,102.18885837076202,3.930947716088328,54.431496132492114,42.93020174132492,-0.15105314826498423,4.38053511932916,4.180944074530822,"Tyler Alexander",17735,641302
2025,"Ian Hamilton","NYY",2,1,0,36,1,40,9.450001802444802,4.950000944137753,1.1250002145767621,0.23958333333333334,0.70454545,0.37755102,0.119047619,95.43077177159927,4.275000815391696,4.125498233443047,4.385136556625412,4.3789628359821355,0.03976694215089083,100.17612183831615,88.787127183448,5.148797987519501,41.33766850234008,40.534032199688006,0.6608472074882996,4.3789628359821355,4.17149533790585,"Ian Hamilton",19261,641656
2025,"Robbie Ray","SFG",11,8,0,32,32,182.1,9.180987459032451,3.6032907769320914,1.085923247842548,0.2680851063829787,0.7415036,0.360655737,0.096491228,93.62859071696931,3.652650924561298,3.704886731491026,3.930383141121784,4.289706170010815,2.184039831161499,100.31404769683108,97.23810519438099,4.643569176432291,46.76968655598958,44.2964599967448,0.324027802734375,4.289706170010815,4.170961227931539,"Robbie Ray",11486,592662
2025,"Brandon Sproat","NYM",0,2,0,4,4,20.2,7.403226034202146,3.0483871905538247,0,0.3103448275862069,0.59259259,0.48275862,0,96.54970703125,4.7903227280131535,4.104939129054932,2.796426630367473,3.8408307144547864,0.6263463497161865,106.6176551724138,89.87131034482759,4.438458213058419,48.97490621993126,52.59785604810997,0.18728810996563572,3.8408307144547864,4.17037949649235,"Brandon Sproat",33850,687075
2025,"Brady Singer","CIN",14,12,0,32,32,169.2,8.646365940797933,3.1827113892507732,1.0078586065960782,0.2847826086956522,0.72948328,0.388655462,0.1,91.46038263494319,4.031434426384313,4.261006063854048,3.9779654453602333,4.248675499769473,2.8776259422302246,95.04345288326301,95.92375527426157,4.297755232641374,50.48772750178954,44.2145983321403,0.09348547244094485,4.248675499769473,4.170020988350254,"Brady Singer",25377,663903
2025,"Yerry De los Santos","NYY",0,1,0,25,0,35.2,7.065421820207725,4.289720390840404,0.2523364935788473,0.3185840707964602,0.74626866,0.553571428,0.047619047,95.02802104334677,3.2803744165250146,4.403871151854439,3.4435475881364894,3.9868147581743867,0.3233656883239746,97.36000000000001,96.49551020408164,4.131813817567567,52.27184902027027,49.006882989864856,-0.017142043918918888,3.9868147581743867,4.168722324304581,"Yerry De los Santos",21420,660787
2025,"Michael Lorenzen","KCR",7,11,0,27,26,141.2,8.068235873465927,2.477647236733631,1.5882354081625838,0.30317848410757947,0.74213836,0.392609699,0.140449438,94.13304993872549,4.6376473918347445,4.604061772094139,4.589254069680086,4.232286500754201,1.237885057926178,91.81300713508647,94.57601351990094,4.668860030198447,46.497782860224326,40.568915517687664,0.34088746333045733,4.232286500754201,4.164792248577291,"Michael Lorenzen",14843,547179
2025,"David Festa","MIN",3,4,0,11,10,53.1,8.943750533089073,3.2062501911074035,1.687500100582844,0.2727272727272727,0.63793103,0.350993377,0.14084507,94.04972243223567,5.400000321865101,4.843535191060759,4.8788864221423935,4.493826862011287,0.33042268455028534,89.16985325931141,99.98756413932112,3.9973949092970518,53.717070306122444,55.58076837868481,-0.10675431972789114,4.493826862011287,4.163829536915387,"David Festa",30056,701581
2025,"Joel Payamps","- - -",0,1,1,30,0,26.1,8.202533229882587,3.07594996120597,1.3670888716470977,0.34615384615384615,0.6043956,0.31707317,0.1,94.7766435731132,6.835444358235489,6.79313056000031,4.540199880732971,4.907398910838761,-0.07763884356245399,103.13567928730512,104.59189309576836,3.4513788418708247,59.58762104677059,54.71777866369711,-0.4707659020044544,4.907398910838761,4.161953258528307,"Joel Payamps",14332,606303
2025,"Brad Lord","WSN",5,10,0,48,19,130.2,7.438775654983047,2.961734751521028,1.1709183901362203,0.2906666666666667,0.7219973,0.485861182,0.141666666,94.82704754507797,4.339285798740111,4.730552276616929,4.229524094608614,3.9540806028345514,1.2496532201766968,90.90869052146981,91.97245989099679,4.413119840300611,49.24739368248004,37.55566175669328,0.17039492719586655,3.9540806028345514,4.158973329156405,"Brad Lord",31972,695418
2025,"Hunter Bigge","TBR",0,0,0,13,0,15,7.2,3,2.4,0.18421052631578946,1,0.38095238,0.222222222,97.52581727851941,2.4,5.968775743084232,6.201802984873455,4.585223495960236,-0.2179257720708847,102.42563876651982,99.68308370044055,3.8531802202643175,55.26763013215858,64.93411229074889,-0.20289889867841407,4.585223495960236,4.158373682779326,"Hunter Bigge",26259,685801
2025,"Michael Petersen","- - -",0,0,0,15,0,18,8.500001801385201,3.500000741746848,1.5000003178915062,0.28846153846153844,0.67307692,0.277777777,0.125,97.4435451341712,4.000000847710683,6.233307083673391,4.579581068768978,4.468566798301374,-0.030083482153713703,110.22394152754912,109.86618422866333,3.311273262195121,61.09400207317073,63.317515823170716,-0.5641696951219511,4.468566798301374,4.157492815112506,"Michael Petersen",20827,656848
2025,"Reese Olson","DET",4,4,0,13,13,68.2,8.519417791252424,3.276699150481702,0.6553398300963403,0.2864864864864865,0.79012346,0.428571428,0.075757575,94.39519708806819,3.1456311844624336,4.072028287859079,3.499214001593643,4.034478023016262,1.3794413805007935,92.59262975778547,96.78856401384083,4.617359962790698,47.051488883720936,45.56817027906977,0.3065550046511628,4.034478023016262,4.153815028269971,"Reese Olson",24968,681857
2025,"Sam Bachman","LAA",2,3,0,23,0,20.1,7.967214360348804,4.42623020019378,0.44262302001937803,0.328125,0.56962025,0.546875,0.0625,96.08522338867188,6.196722280271293,4.1991911923119645,3.626939673783874,4.200767421039378,0.18752771615982056,99.80640718562873,101.33820359281435,4.119682179104478,52.40231704477612,56.35795053731342,-0.025230328358208928,4.200767421039378,4.151569567516255,"Sam Bachman",29754,696147
2025,"Tanner Bibee","CLE",12,11,0,31,31,182.1,7.99634391593149,2.6654479719771635,1.3327239859885818,0.28094302554027506,0.71865443,0.447368421,0.129807692,94.39715753944175,4.244972696111779,3.6238199676926057,4.336233243850817,4.169954139453331,1.8680830001831055,103.71468177274244,101.78784405198263,4.156781632446988,52.00343277011106,49.54403551329519,-0.0004972837428475303,4.169954139453331,4.149663681517219,"Tanner Bibee",30134,676440
2025,"Spencer Strider","ATL",7,14,0,23,23,125.1,9.406915275367382,3.662234191173561,1.4361702710484554,0.3161094224924012,0.77419355,0.36231884,0.137931034,95.42624017113783,4.452127840250212,4.906354248507128,4.5314129706150075,4.240606049067837,0.922653317451477,94.77566207878499,91.1257617465591,4.813085888204642,44.94712484604452,44.28503242065372,0.4370388725722406,4.240606049067837,4.148500754987518,"Spencer Strider",27498,675911
2025,"Janson Junk","MIA",6,4,1,21,16,110,6.300000327717191,1.06363641896524,0.6545454885939939,0.30144927536231886,0.63667233,0.405714285,0.060150375,93.5637649112969,4.172727489786711,4.436317013524614,3.1442272277705934,4.062875719808981,2.5398700833320618,96.14113101474842,106.41346091166965,3.379653057953144,60.358789882860655,48.853703705302095,-0.5185826017262639,4.062875719808981,4.145969799311829,"Janson Junk",23301,676083
2025,"Matt Krook","ATH",0,0,0,3,0,3.1,8.100003089905965,2.7000010299686545,0,0.45454545454545453,0.66666667,0.3,0,,5.400002059937309,4.380544107965548,2.235135974883902,4.547745829266361,0.057288412004709244,96.50658536585365,103.14048780487805,3.410270140845071,60.02968422535211,54.03301267605634,-0.4981729577464788,4.547745829266361,4.145432568212536,"Matt Krook",19315,640454
2025,"Eric Orze","TBR",1,1,3,33,0,41.2,8.640000527343782,4.104000250488297,0.8640000527343782,0.30357142857142855,0.80882353,0.387931034,0.08,93.84443471623563,3.024000184570324,3.6292611549757825,4.0471363738708535,4.649223588372789,0.33966678380966187,100.70924369747898,98.31807923169268,3.967926156202145,54.033913139356805,62.07069686064318,-0.12640068912710567,4.649223588372789,4.143326659164721,"Eric Orze",27626,679358
2025,"Luis Ortiz","CLE",4,9,0,16,16,88.2,9.744361181742766,4.2631580170124606,1.2180451477178458,0.2943722943722944,0.74387947,0.465020576,0.148148148,96.54219111689815,4.364661779322281,4.757212525413545,4.1840085287415985,3.833041050611538,0.9259670376777649,99.54547396528707,97.42359145527371,4.27848292276964,50.69494752330227,55.743771211717714,0.08063698402130492,3.833041050611538,4.1432192960817265,"Luis Ortiz",27646,682847
2025,"Ryan Yarbrough","NYY",3,1,1,19,8,64,7.734375461004702,2.6718751592561696,1.8281251089647477,0.2571428571428571,0.78947368,0.390374331,0.164556962,88.20180806626368,4.359375259839013,4.269079645623342,5.0413864318281485,4.303845854566815,0.09088134765625,96.44472027317804,98.8000689336405,4.417280550098233,49.20266294695482,41.60497402750491,0.17316833005893914,4.303845854566815,4.141285495161199,"Ryan Yarbrough",16502,642232
2025,"Cole Winn","TEX",0,1,0,33,0,41.2,7.560001153564629,3.67200056030282,0.6480000988769682,0.1941747572815534,0.90452261,0.471153846,0.078947368,96.29862490968208,1.5120002307129259,4.193895339217435,3.9031364353943054,4.373202762213356,0.210333451628685,101.61729032258067,93.98293548387099,4.919863855421687,43.79908333907058,59.0993004475043,0.5082244061962135,4.373202762213356,4.130012060367369,"Cole Winn",22113,668390
2025,"Joel Peguero","SFG",3,1,0,17,0,22.1,6.850747828867403,3.2238813312317194,0.8059703328079298,0.22033898305084745,0.79207921,0.533333333,0.086956521,99.92913348858173,2.4179109984237894,3.4258502969804745,3.851554391813836,4.275136767697081,0.019762089475989342,112.73333333333333,103.68234920634923,3.965133470031546,54.0639376340694,57.86450470031546,-0.12826239747634072,4.275136767697081,4.12749258784665,"Joel Peguero",21951,666711
2025,"Brandon Pfaadt","ARI",13,9,0,33,33,176.2,7.488679676483711,1.8849057689108661,1.3245283781535817,0.3155963302752294,0.66476733,0.420774647,0.132653061,93.62370740706997,5.247170113454573,5.278569550692414,4.216268455930438,4.01351885387716,1.6543610095977783,96.73886714727084,101.67548918640585,3.733787037290455,56.551289811837165,50.41230185768047,-0.28249350325008554,4.01351885387716,4.1220898457983965,"Brandon Pfaadt",27782,694297
2025,"Blake Treinen","LAD",2,7,2,32,0,26.2,12.150002027750354,6.412501070201576,1.350000225305595,0.38235294117647056,0.72687225,0.333333333,0.114285714,95.18101846018145,5.40000090122238,3.640557695279329,4.747636587321804,4.821169450261758,-0.05098016560077667,111.73123287671235,105.480782778865,3.8727635657370523,55.057069342629475,56.66927472111555,-0.18984195219123504,4.821169450261758,4.121887316671242,"Blake Treinen",12572,595014
2025,"Randy Wynne","CIN",0,0,1,1,0,3,9,3,3,0.25,1,0.333333333,0.166666666,90.66257934570312,3,4.608974313162747,6.468469651540121,5.218614947795869,-0.021796323359012604,98.70851063829785,99.23617021276597,2.70913,67.56794,30.56719,-0.9656,5.218614947795869,4.118368563291096,"Randy Wynne",25804,691094
2025,"Jonah Tong","NYM",2,3,0,5,5,18.2,10.607143218420003,4.33928586208091,1.4464286206936365,0.39622641509433965,0.45138889,0.375,0.142857142,95.05465999119718,7.714285977032729,4.959553880204564,4.313707786920121,3.9588787896928608,0.19609200954437256,99.06204851752025,97.47886792452829,4.620896720430107,47.01345844086022,61.91490129032258,0.3089118817204301,3.9588787896928608,4.110226937989516,"Jonah Tong",32157,804636
2025,"Andrew Chafin","- - -",1,1,0,42,0,33.2,9.623765011487011,5.079209311618144,0.5346536117492784,0.313953488372093,0.81858407,0.448275862,0.071428571,89.61907710873983,2.4059412528717528,3.442820076520481,3.4618690809424573,3.971830630908013,0.37649276852607727,93.9327604608535,86.34932051352519,5.11851703583062,41.66323123778502,41.39413270358306,0.640659706840391,3.971830630908013,4.105766821195052,"Andrew Chafin",12988,605177
2025,"Carl Edwards Jr.","- - -",0,0,0,4,0,6,9,4.5,1.5,0.21428571428571427,0.71428571,0.4,0.142857142,,4.5,3.2815496639945914,4.801802984873454,4.433832185467085,-0.023156318813562393,93.96555555555555,105.00044444444445,3.6684493333333332,57.25375722222222,48.02134844444445,-0.32605044444444437,4.433832185467085,4.1009531310289145,"Carl Edwards Jr.",13607,605218
2025,"Penn Murfee","CHW",0,1,0,15,0,12.2,9.23684395977702,3.552632292221931,2.1315793753331587,0.3902439024390244,0.67307692,0.34090909,0.15,88.71352009600903,7.815791042888248,6.334092942114048,5.58250523062634,4.93788296666831,-0.12733465433120728,102.04905172413793,97.18965517241378,3.9097285775862067,54.65964956896552,60.10391573275862,-0.16519939655172414,4.93788296666831,4.09922042141137,"Penn Murfee",25174,682171
2025,"Nick Anderson","COL",0,0,0,12,0,14.2,6.136364301374208,1.2272728602748415,1.8409092904122624,0.30434782608695654,0.60810811,0.354166666,0.15,95.1110162815126,6.136364301374208,4.447764113779935,4.839681957477401,4.282962780955321,-0.012930787168443203,89.02617886178861,91.77365853658537,4.625066597510374,46.968595477178425,31.037529999999997,0.3116925726141079,4.282962780955321,4.099060684661312,"Nick Anderson",18337,623433
2025,"JoJo Romero","STL",4,6,8,65,0,61,8.114756128218886,4.278689594879049,0.29508204102614133,0.2694610778443114,0.75797872,0.545454545,0.04,94.29938375538794,2.065574287182989,3.4851863338515994,3.282677338719858,4.120168789848258,0.8846464157104492,104.71872081218277,106.49530964467002,3.8276493440968715,55.542123168516646,53.29063195761858,-0.21991857719475277,4.120168789848258,4.095948503831627,"JoJo Romero",19574,668941
2025,"David Peterson","NYM",9,6,0,30,30,168.2,8.003953051899728,3.468379655823216,0.5869565571393134,0.3163265306122449,0.6918239,0.546558704,0.092436974,92.38368344425957,4.215415274000524,4.594171708420336,3.484938710845368,3.7248615225123918,3.1409006118774414,90.90245065176903,96.86060335195532,4.470024783253057,48.63555383104854,49.0105230048166,0.20833153760652098,3.7248615225123918,4.092961408143465,"David Peterson",20302,656849
2025,"Cade Cavalli","WSN",3,1,0,10,10,48.2,7.397260660524795,2.773972747696798,1.2945206155918392,0.32679738562091504,0.72507553,0.5477707,0.175,96.92650374745935,4.253424879801757,4.139990627001614,4.532396665194804,3.929716618463715,0.45738735795021057,104.21094944512947,102.9493218249075,4.215499848101266,51.372097063291136,56.606139379746836,0.03864824050632912,3.929716618463715,4.090235169557655,"Cade Cavalli",27473,676917
2025,"Matthew Boyd","CHC",14,8,0,31,31,179.2,7.714285495898599,2.1038960443359813,0.9517624962472298,0.2732793522267207,0.76233184,0.37944664,0.08370044,93.26330773305085,3.2059368294643527,3.746659072914039,3.647195672912899,4.220339392077284,3.4332244396209717,99.33147445255474,101.51128467153288,3.8558690935566076,55.23872541681836,42.704587550054605,-0.2011058682198762,4.220339392077284,4.089143944878118,"Matthew Boyd",15440,571510
2025,"Tyler Phillips","MIA",2,1,4,54,1,77.2,6.025751714213394,2.7811161757907974,0.9270387252635991,0.2511013215859031,0.81453634,0.555555555,0.114285714,96.04827521829044,2.7811161757907974,3.6445599116980967,4.139428270575687,4.189922937352062,0.1482793390750885,97.96803837388516,103.63231726411584,3.7641710502692995,56.22460943447039,53.23092277378815,-0.26223708258527834,4.189922937352062,4.086884831112686,"Tyler Phillips",20629,663969
2025,"Brent Suter","CIN",1,2,0,48,3,67.2,7.049261746078805,2.3940888948946886,1.4630543246578653,0.28019323671497587,0.69293478,0.436619718,0.135802469,,4.5221679125788565,4.084990637547718,4.568633989841262,4.300863784854867,0.07748890109360218,99.20994861824744,104.15108299228592,4.121956728232189,52.377868627968326,47.909796446789784,-0.02371415127528584,4.300863784854867,4.08597124719244,"Brent Suter",13942,608718
2025,"Konnor Pilkington","WSN",2,0,0,32,0,28.1,10.800001938764135,5.400000969382067,2.223529810922028,0.23809523809523808,0.80128205,0.271428571,0.2,94.38483845338983,4.447059621844056,6.433426854017897,5.958666236837933,4.651402802792872,-0.46482113003730774,97.0969444444445,83.13563492063493,5.392867839999999,38.71352773999999,57.52022032,0.8235604000000001,4.651402802792872,4.080374829826434,"Konnor Pilkington",21453,663455
2025,"Cade Gibson","MIA",4,5,0,44,1,54.2,7.079269610013191,3.4573177165180704,0.4939025309311529,0.2611464968152866,0.79341317,0.518987341,0.071428571,91.91171968900241,2.6341468316328154,3.8194995957336597,3.757087653453424,4.228180141506558,0.3146917335689068,98.4701175398574,93.11075274456333,4.417191718061674,49.20361051762115,57.24998342511012,0.17310894273127755,4.228180141506558,4.080082025194474,"Cade Gibson",31815,806188
2025,"Will Warren","NYY",9,8,0,33,33,162.1,9.48049311018654,3.6036962114744155,1.2197125638836483,0.3028953229398664,0.69826707,0.420600858,0.130177514,93.18615879828326,4.435318414122357,4.57161383400968,4.065321152279671,3.908569263591761,2.086449384689331,102.90217298070056,102.49403859899924,3.831960808404558,55.495776766381766,58.689169180911684,-0.21704459401709397,3.908569263591761,4.077074801283173,"Will Warren",30182,701542
2025,"Tyler Kinley","- - -",6,3,3,73,0,72.2,9.041285432034332,4.087156428179903,0.7431193505781643,0.24352331606217617,0.66997519,0.329949238,0.064516129,95.17169886997767,3.9633032030835427,3.5122081038417634,3.685595096412835,4.585344138327666,0.9252489507198334,106.21114394808619,104.01856401768086,4.218643355102041,51.338315795918355,48.82705743673469,0.04074417959183676,4.585344138327666,4.076382515221702,"Tyler Kinley",18297,641755
2025,"Paul Blackburn","- - -",0,3,1,15,4,39,7.846154229880809,2.769230904663815,1.3846154523319074,0.3360655737704918,0.60077519,0.4375,0.133333333,92.54706359863282,6.230769535493583,3.976311723746021,4.391546636063518,4.17047660386087,0.17184865288436413,93.94594650958936,101.416696341501,4.104940900900901,52.5608221021021,42.30818408408408,-0.035058033033033044,4.17047660386087,4.071883737514245,"Paul Blackburn",14739,621112
2025,"Richard Lovelady","- - -",0,1,0,10,0,11.2,9.2571448750403,4.62857243752015,2.314286218760075,0.28125,0.56179775,0.514285714,0.3,91.48218712439903,8.485716135453607,5.804221719881848,6.992280016140246,4.970913273912584,-0.2843080461025238,99.77069276172725,90.64517966242106,4.188779054054054,51.659387252252245,61.4310822972973,0.020834729729729756,4.970913273912584,4.071511415836088,"Richard Lovelady",19337,663992
2025,"Jalen Beeks","ARI",5,3,1,61,2,57.1,7.377908613051617,3.1395355800219646,0.9418606740065893,0.23076923076923078,0.68345324,0.4625,0.098360655,94.39489567702897,3.7674426960263574,3.8778637170900825,4.0072295348795555,4.287103402808286,0.1611056588590145,91.95144206184749,90.66112548032466,5.507354918002372,37.48262372832371,46.53206810479087,0.8998848907034857,4.287103402808286,4.06959974335542,"Jalen Beeks",17192,656222
2025,"Ryne Nelson","ARI",7,3,1,33,23,154,7.7142858098300815,2.3961039257805554,0.9935065058114498,0.25176470588235295,0.7369146,0.39909297,0.097142857,95.63568338923429,3.3896104315920055,3.9267559728109345,3.7325389230084434,4.049450485953284,2.035196900367737,106.2802199088091,105.58531413542077,3.618521402513174,57.79058484799351,51.07059685853263,-0.3593371179570329,4.049450485953284,4.06915023401093,"Ryne Nelson",26253,669194
2025,"Max Kranick","NYM",3,2,0,24,0,37,6.08108233499936,1.2162164669998718,1.2162164669998718,0.25663716814159293,0.75,0.367521367,0.096153846,95.8213523582176,3.648649400999616,4.534288001007942,3.945947296206702,4.355959390732652,0.2936196029186249,99.77111531190926,108.50725897920603,3.8289068620037807,55.52859281663516,43.761644347826085,-0.21908064272211722,4.355959390732652,4.065465019742706,"Max Kranick",22175,668820
2025,"Victor Vodnik","COL",4,3,10,52,0,50.2,8.703948460622644,4.618421632167117,0.7105264049487873,0.3014705882352941,0.79510703,0.542857142,0.095238095,98.69351078003876,3.019737221032346,4.171032119841803,3.7667153448279316,4.018420334729273,0.5312091112136841,97.69540305010896,105.05061002178647,4.2056865434782615,51.47762459782608,62.531886532608695,0.03210592391304351,4.018420334729273,4.060993008261419,"Victor Vodnik",24614,680767
2025,"Clayton Beeter","- - -",0,3,1,26,0,25.1,11.723686564332372,6.394738125999476,1.0657896876665793,0.2,0.70895522,0.384615384,0.136363636,96.39885380353586,4.263158750666317,3.7719244852902793,4.200926005873367,4.000331160026067,0.18070796132087708,103.23102508960572,98.26189708141325,4.532953698924731,47.95898032258066,63.468235311827954,0.25028460215053766,4.000331160026067,4.060618937330236,"Clayton Beeter",27494,690925
2025,"Carson Fulmer","LAA",0,0,0,13,0,29.1,7.977273073078202,3.375000146302316,1.5340909755919618,0.24691358024691357,0.5862069,0.423529411,0.138888888,92.70651771282327,5.829545707249455,3.951647492656682,4.703318204367459,4.379543713034604,-0.0013945294776931405,88.08568927789935,93.29369803063457,4.9676816666666666,43.28497259740259,39.47885127705628,0.5401024242424242,4.379543713034604,4.059823048092298,"Carson Fulmer",18311,608334
2025,"Kyle Backhus","ARI",0,3,2,32,0,25.1,7.815792219791691,2.842106261742433,1.0657898481534123,0.31645569620253167,0.7183908,0.346153846,0.115384615,,4.618422675331454,4.497333575067592,4.240399864439956,4.2832375973066,-0.04374771565198898,107.51419203747072,96.92117096018737,3.611193627906976,57.86936120930234,51.459157767441866,-0.36422295348837214,4.2832375973066,4.059378408385912,"Kyle Backhus",29615,679775
2025,"Ryan Weathers","MIA",2,2,0,8,8,38.1,8.686956809896612,2.8173913978043066,1.6434783153858454,0.27522935779816515,0.74626866,0.434782608,0.155555555,96.81825198668385,3.9913044802227677,3.957883485651979,4.596005931883094,4.031960760975281,0.19437551498413086,104.18443750000002,108.50321875,3.521914112149533,58.829227118380054,61.31759286604361,-0.42374191588785054,4.031960760975281,4.055492396013109,"Ryan Weathers",23796,677960
2025,"Huascar Brazobán","NYM",5,2,2,52,3,63,8.14285862202574,3.857143557801666,0.8571430128448146,0.26785714285714285,0.7201087,0.494186046,0.105263157,96.63179270426433,3.5714292201867277,3.958378396959732,4.039898387320759,4.196710176810557,0.3680059313774109,101.09371441106885,99.1803262351337,4.048773919052321,53.16467924975322,57.46491431391906,-0.07250223099703851,4.196710176810557,4.04955032710909,"Huascar Brazoban",6107,623211
2025,"Ryan Pepiot","TBR",11,12,0,31,31,167.2,8.964215255598686,3.2743540753983225,1.3956263272189573,0.2577565632458234,0.75334143,0.382352941,0.138297872,95.11479355436573,3.864811367683266,3.99877528249045,4.357800408291771,4.070605507257234,2.0350005626678467,106.4367455621302,103.73624260355028,3.574749133103185,58.26118568853088,59.370855001917924,-0.38851846950517827,4.070605507257234,4.047700682254888,"Ryan Pepiot",26221,686752
2025,"Jackson Rutledge","WSN",4,2,0,63,0,73.1,7.977274110494807,2.9454550561826975,1.9636367041217984,0.3256880733944954,0.72175732,0.405172413,0.163265306,95.73334661989796,5.768182818357783,4.72665309155768,5.466954904351423,4.69091549046979,-0.49069443345069885,98.68458579881657,88.33692307692313,5.257588126865671,40.16801454477611,43.77136329104477,0.7333738955223884,4.69091549046979,4.047485490392867,"Jackson Rutledge",26215,671131
2025,"Corbin Burnes","ARI",3,2,0,11,11,64.1,8.813472199393333,3.6373059870512168,0.9792746888214814,0.25301204819277107,0.80645161,0.502923976,0.14,,2.6580312982297354,3.8563884628967697,3.943426537551502,3.7271617392056062,0.747699499130249,102.07890656063617,105.45890656063618,4.0463245589692765,53.191015292368675,55.194748681863224,-0.07413514370664023,3.7271617392056062,4.0472777963646855,"Corbin Burnes",19361,669203
2025,"Luis Castillo","SEA",11,8,0,32,32,180.2,8.07011047391123,2.291512850616769,1.1457564253083845,0.2859960552268245,0.76800847,0.412878787,0.105022831,95.10015387400435,3.5369002694302303,4.044377425834874,3.8768337143001377,4.0907132835925175,2.6306910514831543,97.95509383378015,103.21963806970513,4.20706202141901,51.46283743641231,42.29204247322623,0.0330229016064257,4.0907132835925175,4.033633770170568,"Luis Castillo",15689,622491
2025,"Matt Gage","- - -",0,1,0,33,2,31,7.838712088896256,3.483872039509447,0,0.3645833333333333,0.7755102,0.494623655,0,92.41524348846853,3.1935493695503263,3.0080001235812746,2.7480394249279603,4.140578589267815,0.5264025703072548,98.55152942513604,95.91903121586458,5.156448007518798,41.2554215037594,39.4330252443609,0.6659472932330828,4.140578589267815,4.033434182329355,"Matt Gage",17381,657424
2025,"Matt Sauer","LAD",2,1,1,10,1,29.2,7.280899500548931,2.426966500182977,1.8202248751372327,0.3258426966292135,0.6010929,0.425531914,0.181818181,94.17705522017046,6.370787062980314,4.90142627002729,5.157608401692601,4.243363291462521,-0.11646562814712524,99.83551200311302,91.7893121496084,4.858574140624999,44.45802669921875,42.403265683593744,0.4673647265625,4.243363291462521,4.026241814053744,"Matt Sauer",22284,669422
2025,"Kade Strowd","BAL",0,1,0,25,0,26.1,8.202533229882587,4.443038832853068,0.3417722179117744,0.22727272727272727,0.83916084,0.567164179,0.055555555,95.60286898226352,1.7088610895588723,2.8033450599198724,3.4009591543603896,3.96113550305049,0.22858493030071259,106.42521951219514,97.92092682926823,4.091999950738916,52.699934334975374,53.967257438423644,-0.04368519704433496,3.96113550305049,4.02232490698122,"Kade Strowd",26191,669704
2025,"Chris Stratton","- - -",0,0,0,15,0,21,9.428572284932118,4.285714674969144,1.7142858699876575,0.4117647058823529,0.6043956,0.486111111,0.16,91.57617334572666,7.71428641494446,5.042351980422094,4.944660292082648,4.303873703875985,-0.05684133432805538,86.95434907513263,83.68767038958755,5.16540698296837,41.15907725060827,45.27023038929439,0.6719196350364963,4.303873703875985,4.022311247500475,"Chris Stratton",13761,608717
2025,"Cade Povich","BAL",3,8,0,22,20,112.1,9.454006844348603,3.4451041890422878,1.362017935202765,0.34951456310679613,0.68181818,0.407407407,0.133858267,92.22209727923928,5.207715634598808,5.442941823269797,4.176679445126549,3.952355028696333,1.3815169930458069,98.7511357729144,97.06736401117169,4.551647245053273,47.75801914764079,43.521221339421615,0.26274607305936076,3.952355028696333,4.016829749470764,"Cade Povich",30055,700249
2025,"Spencer Bivens","SFG",4,3,3,54,0,81,6.777778416177106,2.7777780394168468,0.6666667294600432,0.3130081300813008,0.67877629,0.52,0.075,95.1444234476461,4.000000376760259,4.080716907381042,3.7030376062653425,4.262780192117939,0.42887231707572937,97.32050420168065,98.86407944996182,4.158625633693972,51.98360869397216,43.252017921174655,0.0007319706336939275,4.262780192117939,4.016338147322816,"Spencer Bivens",30226,702352
2025,"Justin Martinez","ARI",1,2,5,17,0,15.1,12.913045352258216,7.043479283049935,0.586956606920828,0.20689655172413793,0.67961165,0.551724137,0.111111111,99.88131975446429,4.108696248445796,3.208426814051838,4.0481799289725195,4.1052877959440135,0.08295489102602005,112.47380597014927,93.25671641791044,5.514516133828996,37.40561892193308,69.17541992565054,0.9046594795539034,4.1052877959440135,4.013155004414102,"Justin Martinez",24453,679885
2025,"Payton Tolle","BOS",0,1,0,7,3,16.1,10.46938795886503,4.408163351101065,2.7551020944381652,0.30952380952380953,0.73684211,0.340425531,0.277777777,96.61326622596154,6.061224607763964,4.678220989128211,6.257585358570042,3.9770531304888204,-0.19737689197063446,115.68032363222055,105.8452716975288,3.3801105921052637,60.353911842105255,68.20541542763158,-0.5182785855263158,3.9770531304888204,4.012591709775863,"Payton Tolle",35466,801139
2025,"PJ Poulin","WSN",2,1,1,28,0,24.2,9.851353890535997,4.743244465813628,0.7297299178174812,0.3181818181818182,0.79545455,0.426470588,0.08,90.74103860294117,3.648649589087406,3.9223391617350063,3.8243256850344083,4.3328453919105465,0.15912529826164246,96.03033175355456,86.5128436018957,4.849393007159904,44.556764988066824,50.16888587112173,0.46124384248210026,4.3328453919105465,4.0076356827519115,"PJ Poulin",23394,676571
2025,"J.P. Feyereisen","- - -",0,2,0,4,0,4,9,2.25,4.5,0.5625,0.54347826,0.444444444,0.25,91.4081551688058,11.25,7.690239830625922,8.385136318206786,4.968614947795868,-0.21386248618364334,97.47703703703704,101.26000000000002,3.6497333333333333,57.4549413580247,47.26013123456791,-0.33852777777777776,4.968614947795868,4.003261651129055,"J.P. Feyereisen",16610,656420
2025,"Nathan Wiles","ATL",0,0,0,1,0,1,9,0,0,0.6666666666666666,0.25,0.166666666,0,93.91670057508681,27,8.344391917746101,1.1351363182067873,2.6768756330013277,0.01974187046289444,92.0225,110.17750000000001,3.03025,64.1155,50.22357,-0.7515199999999999,2.6768756330013277,4.001957394358234,"Nathan Wiles",25474,686249
2025,"Ryan Fernandez","STL",0,4,1,32,0,30.1,10.08791377944339,4.747253543267478,1.780220078725304,0.3614457831325301,0.51569507,0.449438202,0.157894736,95.29318576388889,7.71428700780965,4.0666985059746805,5.1461256663964825,4.506106678711459,-0.3030291795730591,98.08632575757575,94.02045454545453,4.901775839694657,43.99355444656489,51.40096404580154,0.49616553435114497,4.506106678711459,4.000812287412593,"Ryan Fernandez",24862,681676
2025,"Shaun Anderson","LAA",1,0,0,7,0,11.1,8.73529656783176,2.382353609408662,4.764707218817324,0.3888888888888889,0.68493151,0.31707317,0.315789473,92.24088541666667,10.323532307437533,6.183722173184397,8.870432044560973,4.5727585138986235,-0.5029946565628052,86.7548275862069,98.30060344827585,3.997619769585254,53.71467036866359,52.97768308755761,-0.10660571428571429,4.5727585138986235,3.9983260051288787,"Shaun Anderson",19453,641312
2025,"Kai-Wei Teng","SFG",2,4,0,8,7,29.2,11.831461688392013,5.157303812888826,0.6067416250457442,0.36486486486486486,0.57768924,0.373333333,0.068965517,93.203499747323,6.370787062980314,3.9973787721337937,3.809293679368725,4.439982726547384,0.33638861030340195,95.40451824543646,84.80285187135773,4.787279214659685,45.2245612390925,52.74535178010471,0.4198353403141361,4.439982726547384,3.9971298467878604,"Kai-Wei Teng",24282,678906
2025,"Tyler Zuber","- - -",0,1,0,10,0,12,10.500001668930318,4.500000715255851,2.2500003576279255,0.3888888888888889,0.42553191,0.282051282,0.1875,94.5308442957261,11.250001788139627,6.644770617454685,5.551803368992337,4.357455598881925,-0.1709197834134102,107.99214092140917,106.15240679704095,3.1432291463414637,62.900741504065046,55.68438382113821,-0.6761994308943089,4.357455598881925,3.995559342043409,"Tyler Zuber",20379,676604
2025,"Michael King","SDP",5,3,0,15,15,73.1,9.327273374194986,3.1909093122246004,1.4727273748728926,0.2631578947368421,0.81117021,0.383084577,0.131868131,93.81741240530303,3.436363874703416,4.260714517140755,4.4169545889294906,4.202840178346685,0.8377293944358826,100.810065681445,102.78566502463057,3.88750173092699,54.898606349466775,56.26272147662018,-0.1800171041837572,4.202840178346685,3.9911534821469843,"Michael King",19853,650633
2025,"Caleb Ferguson","- - -",5,4,0,70,0,65.1,7.025512186749647,3.0306131001665144,0.2755102818333195,0.2751322751322751,0.69444444,0.486631016,0.039215686,93.9823669619111,3.5816336638331534,3.468720334182453,3.2575853323549286,4.063126963582366,0.8028489202260971,106.08511376620491,103.70204191412667,3.3854353304605653,60.296612111848646,54.98165934273414,-0.5147278018081255,4.063126963582366,3.9883280264461645,"Caleb Ferguson",19349,657571
2025,"Grant Wolfram","BAL",3,1,0,21,0,26.2,10.46250174611836,5.062500844895981,0.6750001126527975,0.39285714285714285,0.64315353,0.5,0.068965517,95.28595525568181,5.40000090122238,3.5760794487624805,3.585136393308652,4.286778015246794,0.22158485651016235,110.93438461538459,102.92988461538464,4.047984721689059,53.17316285988483,53.098469097888675,-0.0730282917466411,4.286778015246794,3.9867968857670055,"Grant Wolfram",21623,664991
2025,"Jacob Webb","TEX",5,4,1,55,0,66,7.9090918233573015,2.5909093904101503,1.3636365212685002,0.21910112359550563,0.82142857,0.318918918,0.105263157,93.50731860632185,3.0000003467907006,3.229065462643103,4.301803119736504,4.551276404718496,0.22132225334644318,97.15522051282053,104.34646153846155,3.527582656084656,58.76831352380953,55.743401407407376,-0.41996322751322734,4.551276404718496,3.978461900359781,"Jacob Webb",19274,657097
2025,"T.J. McFarland","ATH",0,0,0,27,0,15.2,4.021279206802178,1.7234053743437905,1.1489369162291936,0.39344262295081966,0.66176471,0.612903225,0.142857142,87.84869384765625,6.893621497375162,5.5294195227128515,4.667052206512379,4.3852020494908155,-0.053837016224861145,92.57544117647062,92.27955882352941,4.086927426470588,52.75444834558822,45.58837507352941,-0.04706632352941177,4.3852020494908155,3.9778448129281267,"T.J. McFarland",3237,519008
2025,"Ryan Borucki","- - -",1,3,0,39,0,35,8.22857367067982,4.11428683533991,1.0285717088349775,0.2717391304347826,0.64356436,0.544444444,0.16,,4.628572689757399,4.932217250725725,4.249422336111346,3.8649503133471343,0.013096671551465988,105.94443139257747,94.77343068638946,4.62792558922559,46.937889343434335,57.629151616161614,0.3135987878787878,3.8649503133471343,3.972817250173826,"Ryan Borucki",16350,621366
2025,"Tayler Saucedo","SEA",0,0,0,10,0,13.1,8.10000077247627,4.050000386238135,1.350000128746045,0.37777777777777777,0.60344828,0.574468085,0.166666666,91.17406209309895,7.425000708103248,5.769375386934469,4.860136482715623,4.297701812392759,-0.09675804525613785,99.77974137931031,90.08275862068963,5.066484224137931,42.22268431034483,48.631707543103445,0.6059708189655173,4.297701812392759,3.971921793382296,"Tayler Saucedo",17888,642048
2025,"Kyle Harrison","- - -",1,1,0,11,6,35.2,9.588785474045721,3.532710437806318,1.0093458393732337,0.31313131313131315,0.76576577,0.39,0.102564102,94.6208281503287,4.037383357492935,4.155907807347322,3.723921391174507,3.9518045773202353,0.46572332456707954,103.91086949801824,107.7228722694972,3.4130981462585037,59.99922119047619,49.1598268877551,-0.49628688775510205,3.9518045773202353,3.965085530388462,"Kyle Harrison",27758,690986
2025,"Greg Weissert","BOS",6,6,4,72,0,67,7.656717289792791,2.8208958436078704,0.8059702410308202,0.2670157068062827,0.74380165,0.413265306,0.075949367,94.20535714285714,2.8208958436078704,3.4215405640240535,3.672449812227334,4.326142511571337,0.680756688117981,96.50204271123485,100.17546889507895,4.266341927034612,50.82548672591207,46.31535042095414,0.07254266604303089,4.326142511571337,3.9631593938823664,"Greg Weissert",20375,669711
2025,"Carlos Vargas","SEA",5,5,1,70,0,77,6.311689562451164,2.6883122210440145,1.1688314004539193,0.29957805907172996,0.74226804,0.561475409,0.149253731,96.51284993489584,3.9740267615433256,3.6070661499137175,4.589682060993887,4.242883733714818,-0.5852479934692383,107.1433962264151,111.4506738544475,3.155538492136908,62.76838672525441,60.2074270027752,-0.6679926827012027,4.242883733714818,3.9597698682978812,"Carlos Vargas",22915,672841
2025,"Anthony DeSclafani","ARI",1,2,2,13,4,38.2,8.379310482605744,2.793103494201915,2.5603448696850886,0.24761904761904763,0.80310881,0.421052631,0.22,93.90083931587837,5.120689739370177,4.162467147609955,6.29030878387932,4.5856613180847,-0.6817227751016617,98.3471318032672,106.38865609973287,4.633100993690852,46.88222873817035,46.394364716088326,0.3170496372239748,4.5856613180847,3.95835114524666,"Anthony DeSclafani",13050,543101
2025,"Quinn Priester","MIL",13,3,0,29,24,157.1,7.550847976346806,2.8601696880101537,1.0296610876836554,0.2841163310961969,0.79067122,0.560869565,0.13740458,,3.3177968380917786,3.6481761831389714,4.012255022529901,3.8086608363280527,1.8801340162754059,96.07907954851763,94.73511275002396,4.590626127987039,47.33890264479546,41.25075700688539,0.28873254759011746,3.8086608363280527,3.957930463326722,"Quinn Priester",25977,682990
2025,"Casey Mize","DET",14,6,0,28,28,149,8.395973154362416,2.174496644295302,1.2684563758389262,0.308411214953271,0.76260763,0.387387387,0.113513513,94.74893916560913,3.865771812080537,3.65870475605471,3.8868141705557804,3.9688394942939684,2.3776638507843018,94.57225998300765,103.34364485981308,4.04301138121547,53.22664410114748,47.25665123246919,-0.07634411814704634,3.9688394942939684,3.957592660464726,"Casey Mize",20492,663554
2025,"Anthony Veneziano","- - -",0,0,0,26,1,25,9.000002746582869,3.9600012084964624,1.440000439453259,0.32,0.79096045,0.493506493,0.166666666,94.05964281735004,4.680001428223092,5.476673193434217,4.775136818695222,4.175206377813739,-0.19520746916532516,101.87047007530873,103.81850175174739,4.034912898550725,53.313711925465846,46.81223732919255,-0.08174345755693584,4.175206377813739,3.9561798214377437,"Anthony Veneziano",27453,685107
2025,"Hurston Waldrep","ATL",6,1,0,10,9,56.1,8.786982744373951,3.51479309774958,0.47928996787494277,0.2876712328767123,0.79027356,0.493243243,0.071428571,95.14901878720238,2.8757398072496567,3.879935362756032,3.206142239373446,3.6632970205798356,1.2003485932946205,99.23448881117221,103.7359334951379,4.814594221218962,44.93089034988714,46.67145930022573,0.4380451015801355,3.6632970205798356,3.9561640391761768,"Hurston Waldrep",33527,694462
2025,"John King","STL",2,1,0,51,0,48.1,5.2137944751067264,2.6068972375533632,1.4896555643162075,0.3313953488372093,0.72271386,0.59217877,0.210526315,93.40836958451705,4.655173638488148,4.798455480311924,4.9972057736020465,4.057607470455473,-0.4313054084777832,105.37801578354008,96.51745208568207,4.192122391304347,51.62345732736572,45.41332937340153,0.023063337595907913,4.057607470455473,3.9556657279845995,"John King",22051,667463
2025,"Shawn Dubin","- - -",2,0,0,30,0,33.2,7.485150352458285,2.940594781322898,1.6039607898124897,0.3163265306122449,0.74519231,0.490384615,0.171428571,94.18029407619201,5.079209167739551,3.7480980765401997,4.947017951143119,4.232984390238015,-0.142269566655159,96.40141981537408,90.49763637465729,4.660907150635209,46.583275317604354,46.43019618874773,0.3355866606170599,4.232984390238015,3.9534182471139205,"Shawn Dubin",24977,681869
2025,"Merrill Kelly","- - -",12,9,0,32,32,184,8.168478768917504,2.347826232982277,1.1250000699706744,0.2637795275590551,0.73226545,0.430740037,0.115,91.91596089140856,3.5217393494734153,4.1474833417734835,3.7601363570793844,3.8109399632767174,3.1212130188941956,92.1090782724343,98.3754564163198,4.2988312380952385,50.4761770440917,39.53168773897707,0.09420245502645505,3.8109399632767174,3.9529867429773797,"Merrill Kelly",11156,518876
2025,"Shane Baz","TBR",10,12,0,31,31,166.1,9.523046383387086,3.462925957595304,1.4068136702730922,0.30275229357798167,0.71942446,0.467391304,0.155688622,96.86875130862647,4.869739627868396,3.86187444552745,4.367601285753727,3.8834557733781567,1.9600975513458252,105.22368878082668,107.02229246266063,4.088705374449339,52.7353429038179,54.200373986784136,-0.04588133994126283,3.8834557733781567,3.9472552776613514,"Shane Baz",22264,669358
2025,"Enyel De Los Santos","- - -",6,3,0,65,0,66,8.454547409184174,3.272728029361616,0.9545456752304713,0.2918918918918919,0.67357513,0.335078534,0.089743589,96.17945963541666,4.363637372482155,4.105413127061518,3.816954657657124,4.260222435198089,0.42069004476070404,95.34416022653954,104.80068181709561,3.983939216216216,53.8617688918919,45.94326872972974,-0.11572579279279283,4.260222435198089,3.9454381453055043,"Enyel De Los Santos",18403,660853
2025,"Reiver Sanmartin","CIN",0,0,0,1,0,1.2,10.800004119874618,5.400002059937309,0,0.4,0.66666667,0.6,0,92.81376139322917,0,2.5579397064155502,2.535136089324864,4.385223972830832,0.021655071526765823,91.23280000000001,91.81360000000001,4.43086,49.05663,49.82926,0.18221999999999997,4.385223972830832,3.9420364649295805,"Reiver Sanmartin",19754,665665
2025,"Kenley Jansen","LAA",5,4,29,62,0,59,8.694915816414772,2.8983052721382574,1.2203390619529506,0.19463087248322147,0.85152838,0.272727272,0.087912087,,2.59322050665002,3.729464883042353,3.9825940001185582,4.597819084749077,0.6144520044326782,114.71112849162007,115.16677094972063,3.6513501385681297,57.43762129330254,46.76542419168592,-0.3374515011547343,4.597819084749077,3.9405008108660855,"Kenley Jansen",3096,445276
2025,"Yu Darvish","SDP",5,5,0,15,15,72,8.5,2.375,1.75,0.2751322751322751,0.65826331,0.39800995,0.16091954,93.80017546791444,5.375,3.6248638108638183,4.815691873762343,4.150849101361302,0.3708169758319855,99.12126297577856,99.50906574394463,3.9725868448275863,53.983825862068976,47.44153501724137,-0.12329324137931034,4.150849101361302,3.9388114205076685,"Yu Darvish",13074,506433
2025,"Kevin Ginkel","ARI",1,4,3,29,0,25.2,10.168832176390033,4.558442010105877,0.7012987707855196,0.36,0.53398058,0.459459459,0.064516129,94.972671937751,7.363637093247956,4.567813726652018,3.641629874885218,4.490743676886731,0.19317509233951569,91.15899396378272,93.9013682092555,4.734910610997963,45.787617433808556,46.397452138492866,0.38492148676171084,4.490743676886731,3.9379840852704766,"Kevin Ginkel",19876,656464
2025,"Casey Legumina","SEA",4,6,0,48,1,49.2,9.966444228824415,4.530201922192916,1.2684565382140163,0.3076923076923077,0.59190031,0.397058823,0.118644067,94.37644555433741,5.617450383519215,3.8089655401918514,4.383458625655502,4.382705999509719,-0.10270805656909943,112.52965666959744,107.52903860974519,3.3695153427276363,60.46777801948752,53.57804071505658,-0.5253407943017482,4.382705999509719,3.9336537526631514,"Casey Legumina",25921,668984
2025,"José Soriano","LAA",10,11,0,31,31,169,8.094674556213018,4.153846153846154,0.6390532544378699,0.3060796645702306,0.6779661,0.652806652,0.15,98.02771809895833,4.260355029585799,4.026284192057029,3.7327694543014625,3.539509958346215,2.963775873184204,103.05589946140036,106.46099820466789,4.292594475574712,50.54322608117815,56.843236016522965,0.0900451221264368,3.539509958346215,3.929508812100397,"Jose Soriano",22100,667755
2025,"Tyler Wells","BAL",2,1,0,4,4,21.2,7.476923296324607,0.8307692551471785,1.661538510294357,0.22413793103448276,0.89552239,0.338709677,0.117647058,92.5215625,2.907692393015125,3.610339939778548,4.150520963386672,4.169865734862677,0.31655049324035645,99.07548387096776,100.30451612903225,4.203282660818713,51.503501345029235,34.399045263157895,0.030502543859649133,4.169865734862677,3.9209240284991926,"Tyler Wells",20000,669330
2025,"Jonathan Loáisiga","NYY",0,1,1,30,0,29.2,7.584271775910733,3.033708710364293,2.1235960972550054,0.3,0.86021505,0.505263157,0.259259259,96.71810477120536,4.247192194510011,3.6165122574052257,5.831766282975048,4.167506094572134,-0.5360051393508911,112.2930042918455,112.28051502145927,4.117797995735608,52.42256825159914,57.11008113006397,-0.026486353944562953,4.167506094572134,3.9203636623648968,"Jonathan Loaisiga",19753,642528
2025,"Chris Bassitt","TOR",11,9,0,32,31,170.1,8.771037443904913,2.7475538980906955,1.1624266491922173,0.3146997929606625,0.76368876,0.465208747,0.131736526,91.41218345905172,3.9628181222461953,4.156083869153655,4.009891725932244,3.842399346590432,2.430147584527731,98.50359333016844,97.95398318999146,4.232727849083216,51.18687026445698,42.194888741184776,0.05013374823695342,3.842399346590432,3.919728088613615,"Chris Bassitt",12304,605135
2025,"Carlos Rodón","NYY",18,9,0,33,33,195.1,9.353242564367159,3.363481316250259,1.0136519035274754,0.22821576763485477,0.76419214,0.434607645,0.110552763,94.11599902125279,3.087030797106402,3.340480607908019,3.780187529542453,3.8867035236681287,3.2265961170196533,107.31328750000003,102.62413124999995,4.127432368502956,52.318973075007776,56.825437643946465,-0.0200632026143791,3.8867035236681287,3.9178050232183077,"Carlos Rodon",16137,607074
2025,"J.P. France","HOU",1,0,0,2,0,4,11.25,4.5,0,0.2222222222222222,0.75,0.111111111,0,92.43125180844908,2.25,4.150087173585069,2.1351363182067873,4.447745290398598,0.06137549504637718,93.66263157894737,87.06157894736843,5.3191749999999995,39.50587710526316,49.958585,0.7744300000000001,4.447745290398598,3.9117669336795804,"J.P. France",21212,641585
2025,"Héctor Neris","- - -",3,2,0,35,0,26.2,11.81250239387203,5.4000010943414996,2.0250004103780626,0.3484848484848485,0.55851064,0.260869565,0.166666666,92.37486633024604,6.750001367926875,4.590198885396951,5.347636766582818,4.503984670584464,-0.13369397819042206,94.68728040248817,96.15070641802247,4.899367103825137,44.01944956284153,49.06946187613844,0.4945601821493624,4.503984670584464,3.9112686495437843,"Hector Neris",11804,593576
2025,"Yaramil Hiraldo","BAL",0,0,0,18,0,19.2,9.610171666264993,4.118644999827854,1.8305088888123795,0.26,0.6372549,0.37735849,0.148148148,94.76703287760417,4.576272222030949,2.6081201014202904,5.016492676152843,4.489049921173814,-0.00799820851534605,99.61584664536741,99.00568690095848,4.632421365079365,46.889543999999994,55.31419844444444,0.31659634920634927,4.489049921173814,3.910544540902681,"Yaramil Hiraldo",25215,682274
2025,"Chad Patrick","MIL",3,8,0,27,23,119.2,9.551532236413392,3.008356609893982,0.977715898215544,0.31347962382445144,0.77809798,0.31402439,0.089655172,94.1888975415911,3.5348190166254287,3.877614858008593,3.527893986720724,3.9837619683742664,2.55681817419827,104.71385732764868,102.22456261404527,5.083498910989558,42.039750810542024,35.20076128791645,0.6173145847836897,3.9837619683742664,3.9042583637569384,"Chad Patrick",30113,694477
2025,"Patrick Monteverde","MIA",0,0,0,1,0,3.2,9.818183520608992,2.454545880152248,0,0.6,0.6,0.333333333,0,90.11736591045673,9.818183520608992,4.380212988997938,1.771499718122205,4.714820738542629,0.06190361827611923,97.15057471264366,89.66781609195402,5.09384,41.92851,36.65293,0.62421,4.714820738542629,3.9027914649295803,"Patrick Monteverde",29564,687287
2025,"John Rooney","HOU",0,0,0,1,0,1.1,13.500003218651585,6.750001609325793,6.750001609325793,0,1,0.333333333,0.5,90.92974853515625,6.750001609325793,7.308413212195151,12.13513846397451,4.6977456629536976,-0.09768060594797134,99.25739130434783,78.46260869565216,4.90898,43.91607,76.37347,0.50097,4.6977456629536976,3.9018281242930817,"John Rooney",24590,680701
2025,"Drew Rasmussen","TBR",10,5,0,31,31,150,7.62,2.22,1.08,0.24623115577889448,0.83584337,0.492718446,0.128571428,95.79196947674419,2.76,3.476413268591816,3.841802984873454,3.7207596786816914,2.5460662841796875,107.86580449826988,109.08455017301043,3.224131485319516,62.03088864421418,50.55920596286701,-0.6222633808290156,3.7207596786816914,3.900938947147961,"Drew Rasmussen",25385,656876
2025,"Nic Enright","CLE",2,1,1,27,0,31,8.709679027005908,3.483871610802363,0.8709679027005908,0.2625,0.88757396,0.341463414,0.081081081,93.15076133144476,2.032258439634712,3.790494090098021,3.8125557980850244,4.394631861893539,0.22990557551383972,93.13283302063786,87.63031894934336,4.886996240601504,44.15247550751881,45.060017744360906,0.486312387218045,4.394631861893539,3.9003427457102164,"Nic Enright",25553,663671
2025,"Jakob Junis","CLE",4,1,0,57,0,66.2,7.425001132965261,2.4300003707886306,0.6750001029968419,0.3072916666666667,0.78481013,0.40625,0.066666666,91.26776123046875,2.9700004531861044,4.038621582322954,3.4501363662719804,4.209593211299756,0.5877531170845032,92.15129343629339,99.88658301158307,3.7365923410696267,56.52112613521694,44.69197334006054,-0.28062355196770933,4.209593211299756,3.8985586685984006,"Jakob Junis",13619,596001
2025,"Nick Mears","MIL",5,3,1,63,0,56.2,7.305884156277056,2.0647063919913418,1.1117649803030303,0.22727272727272727,0.67099567,0.339622641,0.092105263,95.36509610066372,3.494118509523809,4.4005405374297215,3.8586659085627275,4.320528162407825,0.4565664827823639,100.51215219976226,101.89762187871584,3.462004414201182,59.473382923076905,53.03366925443784,-0.46368207100591696,4.320528162407825,3.8892330235396075,"Nick Mears",25376,683232
2025,"Wikelman González","CHW",1,0,0,16,0,20.1,11.065575500484451,5.311476240232537,0.44262302001937803,0.24489795918367346,0.6779661,0.306122448,0.045454545,95.05832955917874,2.6557381201162684,4.342860505096212,3.0859559826490788,4.114723270969227,0.2826746106147766,96.93290816326532,83.80454081632652,5.518845978260869,37.359039429347824,49.81128733695653,0.9075461956521739,4.114723270969227,3.8889527212366524,"Wikelman Gonzalez",26641,682790
2025,"Sawyer Gipson-Long","DET",0,2,0,8,3,31.1,7.4680856367537265,1.7234043777123984,2.297872503616531,0.2857142857142857,0.51948052,0.404040404,0.210526315,92.90360201322116,7.18085157380166,6.2102625735362675,5.5606684053575695,4.111288322495035,-0.26920096576213837,94.7910895226341,98.79200722880944,3.6532773002159833,57.41687367170626,50.102451274298055,-0.3361669546436285,4.111288322495035,3.8888989137997942,"Sawyer Gipson-Long",26048,687830
2025,"Taylor Rogers","- - -",3,2,0,57,0,50.2,9.414475219979762,4.085526982255368,1.2434212554690252,0.2962962962962963,0.75949367,0.428571428,0.132075471,,3.3750005505587826,4.1361737211477285,4.378557573675812,4.195245379642974,0.16685626283288002,108.8897767322943,99.62103183274247,3.652368087248322,57.426663299776294,44.69328376957493,-0.33677268456375836,4.195245379642974,3.886093472399957,"Taylor Rogers",13449,573124
2025,"Ben Casparius","LAD",7,5,2,46,3,77.2,8.227468686714442,2.4334766538169474,0.9270387252635991,0.30434782608695654,0.67180617,0.334745762,0.074766355,96.16414113230519,4.635193626317996,3.7185313644497455,3.57290460513682,4.357876019354981,1.2659822180867195,111.31014162159289,112.36194072409361,3.424151187648456,59.88038195566112,57.54809996041172,-0.488917711797308,4.357876019354981,3.8858617402269875,"Ben Casparius",30085,676508
2025,"Tyler Glasnow","LAD",4,3,0,18,18,90.1,10.56088620349201,4.284133082548646,0.9963100191973595,0.22549019607843138,0.78409091,0.443925233,0.121951219,95.68392730075901,3.1881920614315504,3.329454494491838,3.7550625523740333,3.7154605997363177,1.6288933753967285,101.28198917456024,97.41780784844389,4.385600774932614,49.543266469002695,64.87820793126684,0.152049076819407,3.7154605997363177,3.8827728498586134,"Tyler Glasnow",14374,607192
2025,"Ryan Zeferjahn","LAA",6,5,2,62,1,57,11.526317332260042,5.526316529165774,1.8947370957139795,0.2781954887218045,0.8005618,0.361702127,0.193548387,97.45698692908654,4.736842739284949,4.337123914294314,5.363206791870448,4.303344150311698,-0.6097594946622849,111.43586174312605,102.22115267175572,4.178467601941748,51.77026771844658,56.287017563106815,0.013959980582524312,4.303344150311698,3.8772184671927516,"Ryan Zeferjahn",25420,666171
2025,"Eric Lauer","TOR",9,2,0,28,15,104.2,8.770701009877364,2.2356688848707003,1.2898089720407888,0.2669039145907473,0.81443299,0.293515358,0.102040816,91.64126361720739,3.1815287977006124,3.863288188655806,3.8516968582294475,4.153948583897882,1.3730140328407288,94.11442904676211,91.32467363025002,4.524407354685647,48.05086636417556,32.0429703084223,0.24458644128113874,4.153948583897882,3.876830183528124,"Eric Lauer",19316,641778
2025,"Pierson Ohl","MIN",0,3,0,14,3,30,8.100000257492074,2.1000000667572043,1.5000000476837174,0.35106382978723405,0.60526316,0.346938775,0.131578947,91.84533383665966,5.100000162124639,4.780043789706955,4.201803018781876,3.98800614405854,0.11956849694252014,97.750017900975,109.16006112224423,3.450088385321101,59.601479541284405,44.2473600733945,-0.47162577981651377,3.98800614405854,3.8736165781284444,"Pierson Ohl",30179,701487
2025,"Trey Yesavage","TOR",1,0,0,3,3,14,10.285714285714286,4.5,0,0.3333333333333333,0.75,0.538461538,0,94.79262514467592,3.2142857142857144,4.086841801837275,2.3494220324925017,3.2304159266608106,0.4469996690750122,106.99715481171548,98.37623430962344,4.467913179916318,48.65830259414226,55.23684259414226,0.206923179916318,3.2304159266608106,3.8729663463692834,"Trey Yesavage",35456,702056
2025,"José De León","BOS",1,0,0,1,1,6.2,10.80000102996836,4.050000386238135,1.350000128746045,0.4375,0.83333333,0.294117647,0.125,90.55995686848958,4.050000386238135,3.2637771221639937,4.035136404037484,3.935223572262503,0.10423962771892548,103.2054700854701,113.77059829059829,3.26923,61.546,45.270070000000004,-0.5922,3.935223572262503,3.872203635917594,"Jose De Leon",15463,592254
2025,"Pablo López","MIN",5,4,0,14,14,75.2,8.682819675086595,2.3788547055031763,0.713656411650953,0.27751196172248804,0.75376884,0.384976525,0.071428571,94.67278746380309,2.735682911328653,3.9415547750801196,3.187999756106858,3.8686971680959914,1.8072704076766968,96.2806852589641,107.31053386454182,3.4211784908657665,59.91229093725179,54.58847241461477,-0.49089893566322484,3.8686971680959914,3.8697775971677513,"Pablo Lopez",17085,641154
2025,"David Morgan","SDP",1,2,0,41,2,47.1,9.507043849757666,4.3732401708885265,0.7605635079806133,0.2719298245614035,0.84558824,0.449152542,0.097560975,97.82127075195312,2.6619722779321466,3.7354085926877567,3.7055589491922474,3.9424176912125355,0.2919011116027832,112.38139077958132,94.68771733389272,4.749226762402088,45.63369532637076,51.95528908616189,0.39446579634464735,3.9424176912125355,3.8695429232954144,"David Morgan",31616,688158
2025,"Mike Burrows","PIT",2,4,0,23,19,96,9.093750271014878,2.906250086613002,1.2187500363215815,0.29296875,0.76559546,0.417910447,0.128712871,95.38154442630596,3.937500117346648,4.3225403932978335,3.9997196773067127,3.8613412439561365,1.3105713929980993,94.64758896999551,97.56943260299904,4.34215565669701,50.01036132639793,47.78429640442133,0.12308569570871256,3.8613412439561365,3.868941947954693,"Mike Burrows",24728,681347
2025,"Joey Lucchesi","SFG",0,1,0,38,0,38.1,7.278261835282279,2.8173916781737853,0.9391305593912618,0.2672413793103448,0.73732719,0.529914529,0.111111111,92.7379042227057,3.756522237565047,3.5291088506100667,3.9699190376656865,4.061291623683473,0.05069467052817345,102.51492063492064,97.9907301587302,4.542559936808845,47.8556914849921,37.098583127962094,0.25668843601895736,4.061291623683473,3.8674045897564886,"Joey Lucchesi",19320,664192
2025,"Connor Brogdon","LAA",3,2,0,43,0,47,9.382981008078637,3.4468093499064385,2.10638349160949,0.2809917355371901,0.67226891,0.297709923,0.161764705,95.52049671519886,5.553192841515928,3.8451187082305065,5.241519809816277,4.429567982454096,-0.29811832308769226,102.28626650660267,102.53154861944778,3.5291405595238086,58.751550452380954,58.58453660714285,-0.4189244999999998,4.429567982454096,3.8592428824754235,"Connor Brogdon",21205,641401
2025,"Yimi García","TOR",1,2,3,22,0,21,10.714287660560183,5.142858077068888,0.8571430128448146,0.22,0.68965517,0.411764705,0.117647058,96.1436713836478,3.857143557801666,4.745667081398961,3.849422162244133,3.8594016093667878,0.121170774102211,117.54498614958446,109.90448753462609,3.716814111111111,56.733787694444445,59.89189083333334,-0.2938089166666667,3.8594016093667878,3.858910357663581,"Yimi Garcia",12095,554340
2025,"Justin Topa","MIN",1,5,4,54,1,60,7.350000934600949,2.7000003433227975,0.3000000381469775,0.3384615384615385,0.66513761,0.476923076,0.04,,3.9000004959107075,4.4186252790379505,3.035136305491128,3.886585842753986,0.9201321713626385,99.714943893612,104.232642568045,3.417661377551019,59.950148683673476,48.79568725510206,-0.49324437755102035,3.886585842753986,3.8568966400256732,"Justin Topa",15145,623437
2025,"Chris Devenski","NYM",0,0,0,13,1,16.2,7.560000288391124,2.70000010299683,0.540000020599366,0.20930232558139536,0.83333333,0.454545454,0.058823529,92.44330160958427,2.160000082397464,3.7055533672030547,3.495136331939698,4.287710463264433,0.14786867052316666,101.65615754698824,99.89438963371613,4.632516641221375,46.88849614503817,55.741069694656495,0.31665954198473284,4.287710463264433,3.8568940047051683,"Chris Devenski",12763,606965
2025,"Kris Bubic","KCR",8,7,0,20,20,116.1,8.974212426749611,3.0171921089934037,0.4641834013836006,0.2948717948717949,0.77507599,0.471698113,0.056603773,92.35496249079529,2.5530087076098034,3.1683300096590585,2.894448628600476,3.6287555435268315,3.341315984725952,96.04660356347442,100.3883853006682,4.0100222729805015,53.58132857938718,60.21125548746518,-0.09833646796657382,3.6287555435268315,3.853608774715336,"Kris Bubic",21455,663460
2025,"José Castillo","- - -",2,2,0,29,0,32,8.437501760200034,3.9375008214266822,1.1250002346933379,0.3711340206185567,0.76335878,0.54,0.173913043,93.24291314019098,3.9375008214266822,4.13268354804514,4.572636618092719,4.055761642772772,-0.07209351751953363,110.49762458354532,111.08740074838751,3.63073119266055,57.659312935779816,52.18625148623854,-0.35119733944954135,4.055761642772772,3.851556630542562,"Jose Castillo",17169,620454
2025,"Danny Coulombe","- - -",2,1,2,55,1,43,9.000002395275665,3.7674428631386503,0.6279071438564418,0.25892857142857145,0.85152838,0.392857142,0.065217391,90.38052717396911,2.3023261941402864,3.951641597786609,3.2979270592066054,4.040253035387895,0.6580213978886604,102.61775470920504,107.1562139214664,4.58825261111111,47.364440097222214,47.732413986111105,0.2871499583333334,4.040253035387895,3.8504021933899697,"Danny Coulombe",13293,543056
2025,"Austin Warren","NYM",1,0,0,5,0,9.1,8.678572610933115,3.8571433826369397,0.9642858456592349,0.2,1,0.38095238,0.1,93.86125102796052,0.9642858456592349,4.346555750240113,3.8851364203861922,4.144142864381456,0.06618193536996841,99.24190476190475,89.73156462585033,5.040877671232877,42.49795054794521,49.44284315068493,0.5889017123287671,4.144142864381456,3.8472894853325377,"Austin Warren",24937,681810
2025,"Hayden Wesneski","HOU",1,3,0,6,6,32,8.15625,1.6875,1.96875,0.25,0.76335878,0.380434782,0.184210526,93.97473538306451,4.5,4.286758046282243,4.822636318206787,3.809701754525304,0.18056605756282806,95.93758893280634,104.62486166007908,3.3806347440944884,60.34822466535433,48.795782696850395,-0.5179279724409448,3.809701754525304,3.8445807896761157,"Hayden Wesneski",27581,669713
2025,"Cam Schlittler","NYY",4,3,0,14,14,73,10.356164383561644,3.8219178082191783,0.9863013698630136,0.2840909090909091,0.84541063,0.364130434,0.115942028,97.8234887660485,2.958904109589041,4.107644671632191,3.7378760442341843,3.770478958218065,1.3074924945831299,112.40865047233466,107.71519568151147,3.8530791939345566,55.26869140462888,50.57756015961692,-0.2029654748603352,3.770478958218065,3.843444924667477,"Cam Schlittler",32095,693645
2025,"Darren McCaughan","MIN",0,0,0,3,0,5.1,10.125002413988689,1.6875004023314482,0,0.3125,0.83333333,0.1875,0,89.92453835227273,1.6875004023314482,2.6589804600541633,1.4476359158753391,4.627474010771559,0.13749980926513672,93.396,113.72635294117649,1.7107034883720929,78.30260790697675,48.853776976744186,-1.6312155813953488,4.627474010771559,3.842437448995278,"Darren McCaughan",20038,670766
2025,"Noah Davis","- - -",0,2,0,9,0,11,12.272728336744164,4.909091334697666,5.727273223813944,0.5,0.43650794,0.378378378,0.583333333,94.58228824013158,18.000001560558108,12.606263343624148,12.226046197276538,5.635215787460975,-0.7393521666526794,94.341593625498,74.81083665338645,5.481167327681755,37.764219666297215,43.62089253991552,0.8824257115897314,5.635215787460975,3.839937565368286,"Noah Davis",25862,663562
2025,"Sam Moll","CIN",1,0,0,23,0,18.1,10.800005243477333,4.909093292489697,1.9636373169958787,0.26666666666666666,0.49019608,0.361702127,0.19047619,92.06289210464016,6.381821280236606,3.779923195786371,5.207864597257993,4.1374927472587935,-0.08946657925844193,107.4502114803625,97.22308157099697,5.446477222222223,38.1371529738562,48.08188895424837,0.8593002941176467,4.1374927472587935,3.8382184697893997,"Sam Moll",14874,594580
2025,"Yennier Cano","BAL",3,7,2,65,0,58,8.224139553755311,3.7241386658514615,1.0862071108733429,0.3353658536585366,0.66919192,0.548192771,0.155555555,94.81643288352272,5.12069066554576,3.634526539132518,4.273067577216956,3.900279041001923,0.058927904814481735,100.55059280855203,97.35871720116619,4.1207538765182194,52.39079164979758,48.26592336032387,-0.024516062753036413,3.900279041001923,3.8324636448484424,"Yennier Cano",25911,666974
2025,"Joey Cantillo","CLE",5,3,1,34,13,95.1,10.195804739774944,3.9650351765791445,0.9440559944236059,0.2821576763485477,0.76415094,0.408,0.109890109,91.771592408115,3.20979038104026,3.71211595589868,3.5547167601728344,3.662740657330958,1.5014533046633005,100.77041459627162,99.15845867533326,4.631814791710162,46.896050879516146,47.78330626314216,0.3161919241228036,3.662740657330958,3.827666308970191,"Joey Cantillo",23335,676282
2025,"Kody Funderburk","MIN",4,1,1,39,0,41,8.780489438776051,3.951220247449223,0.43902447193880256,0.35,0.77170418,0.533333333,0.06060606,,3.5121957755104205,3.697956415147246,3.354648554176188,3.9614144570414638,0.42613178491592413,100.97307277628038,100.98822102425873,4.1471237878787885,52.107255247933885,61.34196615702479,-0.006935275482093645,3.9614144570414638,3.8217268157714197,"Kody Funderburk",24993,681892
2025,"Zebby Matthews","MIN",5,6,0,16,16,79.1,9.983193917359035,2.7226892501888273,1.3613446250944137,0.3565217391304348,0.67193676,0.316666666,0.117647058,96.21604835115865,5.558823885802189,4.669486908629068,3.7905985451040975,3.806448253377109,1.360643744468689,101.06188847583645,106.47928624535318,3.4448230746489292,59.658114811529934,51.69577107908352,-0.47513632668144856,3.806448253377109,3.8186932010621355,"Zebby Matthews",31827,805673
2025,"Riley O'Brien","STL",3,1,6,42,0,48,8.43750134110472,4.1250006556511964,0.37500005960465427,0.25203252032520324,0.8277027,0.540983606,0.08,,2.0625003278255982,3.591506671906395,3.6143030610349567,3.8756256623598886,0.3143768608570099,106.58539890710382,106.29471038251366,3.915733913043478,54.59506918313569,65.12270143610014,-0.16119629776021077,3.8756256623598886,3.816194108810203,"Riley O'Brien",20348,676617
2025,"Easton McGee","MIL",0,0,0,9,0,14.2,7.977273073078202,3.0681819511839237,0.6136363902367847,0.32558139534883723,0.59139785,0.5,0.066666666,92.85397135416666,5.522727512131063,4.278091017025306,3.2714999604816284,3.961915198722921,0.09739084541797638,101.95803571428571,104.5299107142857,3.127701076233184,63.06764771300449,42.27206757847533,-0.6865503587443946,3.961915198722921,3.8152803535448725,"Easton McGee",22176,668834
2025,"Caleb Boushley","TEX",0,0,1,25,1,43.1,8.515385614880561,2.907692648983606,1.038461660351288,0.37404580152671757,0.58730159,0.407407407,0.111111111,92.2828379573985,6.02307763003747,5.943522553106484,3.850521017559897,3.951558010167321,0.21433069556951523,88.11360097004149,98.59256427683255,4.545168948787063,47.82763733153638,33.296471455525605,0.2584281401617251,3.951558010167321,3.813398472429397,"Caleb Boushley",19736,676961
2025,"Aaron Nola","PHI",5,10,0,17,17,94.1,9.254417460110261,2.671378235908117,1.7173145802266465,0.3151750972762646,0.62381853,0.424908424,0.181818181,91.81550797732068,6.0106010307932625,4.118197520423562,4.576832509014342,3.7142761957013164,0.9263066053390503,101.58740882917468,108.56507997440818,3.341751581632653,60.766310784438765,44.52813323341837,-0.543850344387755,3.7142761957013164,3.8131696783946607,"Aaron Nola",16149,605400
2025,"Orion Kerkering","PHI",8,4,4,69,0,60,9.750001239776768,4.050000514984196,0.9000001144409325,0.29878048780487804,0.74742268,0.420118343,0.092307692,97.38279073816156,3.3000004196167527,3.6433302279574025,3.8184697384304584,4.188687376533484,0.7070420384407043,115.41824790307547,112.36029822926373,2.525233392357875,69.54515575955263,67.28086379310345,-1.0881960205032617,4.188687376533484,3.808856697797667,"Orion Kerkering",31776,689147
2025,"MacKenzie Gore","WSN",5,15,0,30,30,159.2,10.427975612184886,3.6075158874585553,1.1273487148307986,0.3251231527093596,0.75647668,0.372037914,0.116279069,95.32928616522366,4.171190244873954,4.323833232815744,3.7426520145322733,3.7750893577971834,2.889007568359375,99.52653613385549,99.32001423994302,4.283612089393401,50.63980451933309,57.66700980134799,0.08405628946434901,3.7750893577971834,3.800389001155644,"MacKenzie Gore",22201,669022
2025,"Camilo Doval","- - -",4,3,16,69,0,65.1,9.918368408651279,4.821429087538816,0.5510204671472932,0.2865853658536585,0.65947242,0.536144578,0.088888888,98.18769939095128,3.581633036457406,3.5428417574260735,3.4718710481301334,3.737864992405837,0.6219439432024956,108.86330655157727,105.13532974392768,3.871602425608657,55.06955024346257,60.51615593327321,-0.19061680793507665,3.737864992405837,3.799289460408404,"Camilo Doval",21992,666808
2025,"Eury Pérez","MIA",7,6,0,20,20,95.1,9.912587941447862,3.0209791821555387,1.132867193308327,0.24034334763948498,0.64965197,0.310204081,0.095238095,97.82969841385332,4.248251974906227,3.2376398031637823,3.670101381713497,4.071421196804374,1.8707106113433838,115.3109700598802,108.74410778443115,3.637092059701492,57.59091150447762,63.14272678208953,-0.34695668059701495,4.071421196804374,3.7980242578326067,"Eury Perez",27768,691587
2025,"Porter Hodge","CHC",2,2,2,36,0,33,10.909092170148002,4.909091476566601,2.4545457382833007,0.3125,0.7106599,0.382022471,0.25,,6.272727997835101,4.167216547398847,5.892712394549754,4.0291550679951005,-0.6411134600639343,108.82785100286534,103.12329512893983,4.0245697115384615,53.424917147435885,69.44800727564102,-0.0886382371794872,4.0291550679951005,3.7956772200427604,"Porter Hodge",26413,687863
2025,"Brian Van Belle","TBR",1,0,0,4,0,8.1,6.480000247192392,0,2.160000082397464,0.39285714285714285,0.78431373,0.333333333,0.166666666,90.806591796875,5.40000020599366,3.5245256812554566,4.815136382293704,3.9152409612695562,0.008833475410938263,88.83720930232558,98.73131782945737,3.8930772093023256,54.83869341085271,47.08268519379845,-0.17630023255813954,3.9152409612695562,3.7950040649229324,"Brian Van Belle",27695,687003
2025,"Kevin Gausman","TOR",10,11,0,32,32,193,8.813471502590673,2.33160621761658,0.9792746113989638,0.26171875,0.72228443,0.366920152,0.095022624,94.46422949938575,3.5906735751295336,3.7330307134101344,3.414929064320777,3.7658326320388777,4.101304531097412,102.01167603305787,103.0968,3.36343294719472,60.533175013201316,53.63886876897689,-0.5293963696369636,3.7658326320388777,3.791767901136695,"Kevin Gausman",14107,592332
2025,"Lake Bachar","MIA",8,2,3,53,1,71,9.50704327511245,3.80281731004498,1.2676057700149934,0.25280898876404495,0.72972973,0.34054054,0.120481927,94.76564108455882,3.9295778870464795,4.467878981921701,4.247812494108837,4.219141549168061,0.1354840025305748,101.3792475940507,99.30297462817148,4.046455888013998,53.189614286964144,58.243846535433065,-0.07404797025371827,4.219141549168061,3.7885361763617675,"Lake Bachar",19222,669199
2025,"Calvin Faucher","MIA",4,4,15,65,0,60.1,8.801105714332683,3.580110799050583,1.1933702663501944,0.2795031055900621,0.77034884,0.458333333,0.145454545,95.99041581284153,3.281768232463034,4.302006605447967,4.245633649393774,3.927329683007951,-0.017164716497063637,107.36558178752107,108.37150084317032,3.9972558957345967,53.71858323222748,60.467957260663475,-0.10684751658767765,3.927329683007951,3.7861759215984647,"Calvin Faucher",20116,676534
2025,"Hoby Milner","TEX",3,4,0,73,0,70.1,7.421803094743656,2.6872045687864965,0.6398106116158324,0.30434782608695654,0.66666667,0.526570048,0.073529411,88.02061222484276,3.838863669694995,3.7926009016758657,3.39106056285312,3.957481675600454,0.9622408747673035,106.06511708586292,107.11250650477015,3.5658789501312316,58.35656669291339,48.03971162729658,-0.39443246719160097,3.957481675600454,3.781591295910126,"Hoby Milner",13346,571948
2025,"Luis Garcia","HOU",1,0,0,2,2,7.2,8.217391985801363,1.1739131408287662,2.3478262816575324,0.058823529411764705,0.90909091,0.263157894,0.181818181,91.18154296875,3.521739422486299,2.1328906116964257,5.48296259986432,4.303718910255233,0.07997837662696838,87.72547169811322,89.87264150943396,5.2299015094339625,40.465761698113205,31.56058735849057,0.7149151886792452,4.303718910255233,3.7813988776643375,"Luis Garcia",23735,677651
2025,"Michael Soroka","- - -",3,8,0,22,17,89.2,9.535316661233205,2.9107808755343467,1.2044610519452468,0.2631578947368421,0.67540323,0.44117647,0.12,93.6484483584783,4.516728944794676,3.5275261045970217,4.228073198675622,4.207708120794318,1.098541146144271,95.48562465685093,90.74451486351191,4.656375431937172,46.63200428664921,43.24296958769634,0.3325648363874345,4.207708120794318,3.779931966972374,"Michael Soroka",18383,647336
2025,"Mason Fluharty","TOR",5,2,1,55,0,52.2,9.569623487803998,4.1012672090588564,1.0253168022647141,0.23622047244094488,0.63432836,0.41221374,0.107142857,,4.443039476480428,3.3004741540931204,3.9705796385706282,4.12888478629145,0.1898726522922516,106.6536214953271,109.1643691588784,3.9143562630966247,54.609883073341095,64.99276668218857,-0.1621140977881257,4.12888478629145,3.778258934585167,"Mason Fluharty",31553,689254
2025,"Zach Thompson","ATL",0,0,0,2,0,3.2,7.363637640456744,2.454545880152248,0,0,1,0.375,0,91.28299082880434,0,1.2448783845967504,2.316954358156038,4.419326515599199,0.05518478900194168,85.64433333333334,77.08733333333333,5.83005,34.01316,37.60496333333334,1.1150166666666668,4.419326515599199,3.778105904162637,"Zach Thompson",16094,605507
2025,"Wandy Peralta","SDP",6,1,0,71,1,71.2,7.9116301880590845,3.767442946694802,0.6279071577824671,0.2863849765258216,0.75824176,0.597222222,0.094339622,95.39232042100694,3.1395357889123354,4.007563608049223,3.623508552037595,3.856701879980449,0.48722559958696365,98.66610887825465,102.3271731209233,4.817433628396143,44.900368387379494,44.92718382120948,0.439937449605609,3.856701879980449,3.7777610914469455,"Wandy Peralta",14295,593974
2025,"Erik Sabrowski","CLE",0,1,0,33,0,29.1,12.886369222454254,6.443184611227127,0.6136366296406788,0.22641509433962265,0.85227273,0.283018867,0.08,93.8917329130117,1.8409098889220363,3.343330234104699,3.6124092523717595,4.040028171939461,0.3204088807106018,111.17096,93.60563999999997,4.273824940239043,50.74502420318725,60.14358125498008,0.07753187250996017,4.040028171939461,3.777100745021432,"Erik Sabrowski",24978,681870
2025,"Lucas Erceg","KCR",8,4,2,61,0,61.1,7.043479283049935,2.641304731143726,0.586956606920828,0.2857142857142857,0.80965909,0.528089887,0.076923076,97.77927667025862,2.641304731143726,3.833246306258119,3.493832022436182,3.9531328125046743,0.8593595623970032,98.85152892561983,105.14442148760335,4.0854161307053936,52.77072933609959,48.728974709543564,-0.04807458506224065,3.9531328125046743,3.777044610221637,"Lucas Erceg",19360,668674
2025,"Codi Heuer","- - -",0,0,0,3,0,4.2,9.642860427195831,3.8571441708783323,5.785716256317499,0.09090909090909091,1,0.5,0.5,94.6059820713141,5.785716256317499,4.645933577849645,10.635138872692433,4.260230106147286,-0.1890256144106388,95.1374712643678,74.59103448275862,6.396643908045977,27.921304597701152,43.47995149425288,1.4927440229885058,4.260230106147286,3.775683005612944,"Codi Heuer",23293,676051
2025,"Justin Steele","CHC",3,1,0,4,4,22.2,8.338235527998854,1.9852941733330607,1.9852941733330607,0.26666666666666666,0.75,0.415384615,0.217391304,,4.764706015999345,4.975320175807622,4.943959898354687,3.6407247547532093,0.0489722415804863,103.14830670926519,99.08261980830672,3.691171661341853,57.00948715654953,50.24570019169329,-0.31090472843450484,3.6407247547532093,3.77325329593434,"Justin Steele",17312,657006
2025,"Brenan Hanifee","DET",3,3,0,54,0,60,6.000001144409398,2.1000004005432893,0.45000008583070483,0.30845771144278605,0.65104167,0.558823529,0.058823529,96.19733476216814,3.000000572204699,4.1311007938943245,3.251803007125859,3.912281550677503,0.6386138796806335,98.86657476139978,106.97395546129378,4.384563463569165,49.55441341077086,34.624920654699054,0.15135738120380143,3.912281550677503,3.772541998444598,"Brenan Hanifee",22304,669724
2025,"Jacob Lopez","ATH",7,7,0,21,17,92.2,10.974820332129573,3.593525241493754,1.4568345573623327,0.2920353982300885,0.75238095,0.275423728,0.12605042,90.74481709798177,4.0791367606145315,3.6325770789762504,4.257438495730362,4.132981426623144,1.2463407069444656,98.03227783260182,99.5027722045666,4.788948811524609,45.206623685474185,43.32506648259303,0.4209474849939976,4.132981426623144,3.7633414625989494,"Jacob Lopez",25098,682052
2025,"Ryan Thompson","ARI",3,2,1,48,0,41.1,7.838712088896256,2.8306460321014257,0.8709680098773618,0.31666666666666665,0.70038911,0.491935483,0.102564102,91.13293696384804,3.919356044448128,3.5901501991144045,3.7399752139549545,3.936616402118078,0.2229783535003662,118.58710077519386,113.70982945736439,3.7905077287066242,55.94144567823345,57.676310536277605,-0.24467952681388022,3.936616402118078,3.756258516031919,"Ryan Thompson",16647,657044
2025,"Trevor Rogers","BAL",9,3,0,18,18,109.2,8.452887734013421,2.3799392649164,0.49240122722408275,0.22614840989399293,0.84233261,0.459649122,0.055045871,92.92774315967017,1.8054711664883034,3.3982787228512437,2.8159873746356228,3.637108232393889,3.333312749862671,96.80145320197042,100.23600985221675,3.556273337430855,58.4598451813153,47.14805041794714,-0.4008360971112478,3.637108232393889,3.754230149150211,"Trevor Rogers",22286,669432
2025,"Elvis Alvarado","ATH",1,1,0,37,0,42.1,10.629922537005871,4.677165916282584,1.2755907044407047,0.27184466019417475,0.8266129,0.3853211,0.136363636,98.69042713772846,3.1889767611017614,3.8247971869217294,4.316238822318551,4.0761568214486195,0.10508689284324646,104.2892689295039,102.45577023498693,4.651638431372549,46.682930849673205,59.7675128627451,0.3294074248366014,4.0761568214486195,3.7516938530895585,"Elvis Alvarado",21662,665660
2025,"Chase Silseth","LAA",0,0,0,10,0,11,10.636365480659741,4.909091760304496,0.8181819600507494,0.32142857142857145,0.96153846,0.535714285,0.111111111,95.54070963541666,1.6363639201014988,4.047567105007524,3.862409171585231,3.942014079311156,0.07274122536182404,99.80104265402844,91.74369668246446,4.47518245283019,48.580117311320755,50.62185995283018,0.21177018867924527,3.942014079311156,3.74612147877359,"Chase Silseth",30074,681217
2025,"Tylor Megill","NYM",5,5,0,14,14,68.1,11.72195209201363,4.346341786926403,0.7902439612593459,0.3176470588235294,0.68777293,0.40229885,0.09375,95.71447566105769,3.9512198062967294,3.8753250329071207,3.42781926682136,3.730326354901573,1.4964619874954224,107.70321428571427,103.7194642857143,3.708611717990275,56.82196400324148,60.821359683954604,-0.299277641815235,3.730326354901573,3.7447437908166483,"Tylor Megill",21318,656731
2025,"Jhonathan Díaz","SEA",0,0,0,1,0,1.1,6.750001609325793,0,0,0.25,1,0.25,0,90.01812744140625,0,2.820876352185373,1.6351359605788334,3.9477454841397206,0.020374450832605362,100.7253846153846,82.41307692307691,4.4471,48.88206000000001,44.78403,0.19305,3.9477454841397206,3.744601464929581,"Jhonathan Diaz",20298,646242
2025,"Brock Burke","LAA",7,1,0,69,1,61.2,7.589190910568238,2.6270276228890053,1.1675678323951135,0.2840909090909091,0.81120944,0.505681818,0.142857142,96.2512647052144,3.3567575181359515,3.8003803171261463,4.156758171552512,3.870337592454117,0.27380281686782837,105.21418312444061,107.67294197031035,3.822726932938856,55.595045769230765,55.83502004930967,-0.22320033530572003,3.870337592454117,3.743807043175702,"Brock Burke",17968,656271
2025,"Ryan Brasier","CHC",0,1,0,28,1,26,6.923077938824865,1.7307694847062163,0.6923077938824864,0.32051282051282054,0.65068493,0.4125,0.08,93.9164584545379,4.500000660236162,4.8753005560373905,3.17359786231137,3.656039581935701,0.2986057326197624,94.72178217821782,98.61915841584158,4.239150123762375,51.117824331683174,42.515287970297024,0.05441504950495049,3.656039581935701,3.742461885034699,"Ryan Brasier",5615,518489
2025,"Dane Dunning","- - -",0,0,2,12,0,20.2,9.145161993669848,3.0483873312232825,1.7419356178418757,0.3333333333333333,0.59859155,0.40625,0.166666666,88.92060089111328,6.967742471367503,5.604229327027418,5.070620338031093,4.34489819617132,-0.09550885856151581,81.48109003899326,89.17785980148884,4.993526021505375,43.00710682795699,39.49866825268818,0.5573323924731183,4.34489819617132,3.7379549287900917,"Dane Dunning",19409,641540
2025,"Ranger Suarez","PHI",12,8,0,26,26,157.1,8.637712143646246,2.1737288838315054,0.8008474835168704,0.3167420814479638,0.79035874,0.467706013,0.088050314,91.18984485346046,3.2033899340674816,3.1526433921054227,3.211407507113156,3.612699158130572,4.036607265472412,96.97712997129972,106.82658466584661,3.6471246916118414,57.48304363075657,38.39647552220396,-0.3402689350328948,3.612699158130572,3.7317698888786026,"Ranger Suarez",17277,624133
2025,"Kyle Leahy","STL",4,2,1,62,1,88,8.181819600507493,2.8636368601776225,0.5113637250317183,0.30120481927710846,0.75490196,0.438247011,0.060240963,95.43494882044686,3.0681823501903103,4.434661024122079,3.0442272115344817,3.7597314620535194,1.381503164768219,99.2507299028537,105.4948024286582,3.9819438222222217,53.883210051851854,57.67055312592592,-0.11705578518518518,3.7597314620535194,3.7302040186647276,"Kyle Leahy",24763,681517
2025,"Carmen Mlodzinski","PIT",5,8,0,34,12,99,8.09090971443174,2.4545456437040114,0.727272783319707,0.3230240549828179,0.74712644,0.474576271,0.094117647,96.07580032091751,3.545454818683572,4.06248222035619,3.3270555249161546,3.600266068774407,1.6472499370574951,102.15042379321434,105.05650966576462,4.080299388432295,52.825724710487194,46.440994401310114,-0.051484971386087895,3.600266068774407,3.730037645653564,"Carmen Mlodzinski",27572,669387
2025,"Sauryn Lao","- - -",1,0,0,8,0,11,7.363638278867101,1.6363640619704667,1.6363640619704667,0.34285714285714286,0.70422535,0.472222222,0.153846153,92.96751990685097,4.9090921859114,5.152442096301512,4.680591265623339,4.139010314973657,-0.02620419696904719,87.98851317139925,82.93618611016079,5.474561081081081,37.83518427027027,33.97840659459459,0.8780236756756757,4.139010314973657,3.7273518015377185,"Sauryn Lao",21922,666659
2025,"Tony Santillan","CIN",1,5,7,80,0,73.2,9.162897192893352,3.5429869145854296,0.8552037380033796,0.24864864864864866,0.82901554,0.361702127,0.093333333,96.1928515625,2.4434392514382273,4.337801805621876,3.718846806050364,4.05319683334595,1.0528761148452759,97.92287747035567,95.87784980237157,4.502077477253929,48.29094837882548,42.87360955334988,0.2297000661703887,4.05319683334595,3.7203215965715173,"Tony Santillan",19926,663574
2025,"Edward Cabrera","MIA",8,7,0,26,26,137.2,9.806296124126897,3.138014759720607,1.1113802274010482,0.29213483146067415,0.76675258,0.466307277,0.136,96.95364538278547,3.5302666046856825,4.046557117286899,3.8252090084231245,3.619766482462699,2.017101526260376,103.93431878895817,105.90121994657166,4.158122556591212,51.989005042166,56.90209553928096,0.00039668885929872275,3.619766482462699,3.719592293655105,"Edward Cabrera",21690,665795
2025,"Max Meyer","MIA",3,5,0,12,12,64.2,9.463917897958574,2.783505264105463,1.670103158463278,0.32786885245901637,0.71243523,0.492227979,0.196721311,95.08325407608696,4.731958948979287,4.781854635487567,4.465033277723842,3.506983212249919,0.51743084192276,97.33934362934365,107.22816602316604,3.7046756634615385,56.86429710576923,61.234311778846156,-0.30190176923076917,3.506983212249919,3.719014747030683,"Max Meyer",27474,676974
2025,"Cole Sands","MIN",4,6,3,69,3,72,8.000000847710593,2.3750002516640825,0.8750000927183461,0.28292682926829266,0.60102302,0.439613526,0.086419753,95.05237705660183,4.500000476837209,3.8704163040120867,3.5795808097462647,4.050148699864401,0.7966116294264793,96.09196615709864,100.36327197918365,4.100500305944054,52.6085304895105,44.3743774825175,-0.03801781468531471,4.050148699864401,3.7159980701414113,"Cole Sands",21461,663485
2025,"Jaden Hill","COL",1,1,0,28,0,29.1,9.511365285589962,3.681818820228372,0.613636470038062,0.30864197530864196,0.71428571,0.43902439,0.068965517,96.64799592391304,3.375000585209341,3.322529720429871,3.4419545532258184,4.079810577317131,0.2943955063819885,95.26395112016291,94.65250509164963,4.729309079754602,45.84786147239264,48.14970993865031,0.3811881595092025,4.079810577317131,3.715114949893891,"Jaden Hill",30250,677955
2025,"Collin Snider","SEA",2,1,0,24,0,26.1,8.202532635765152,2.050633158941288,1.025316579470644,0.34523809523809523,0.55865922,0.4,0.09375,92.63089939805327,5.4683550905101015,5.606081350183815,3.704756640134923,4.0972500320764995,0.2270427793264389,101.09300198807155,101.55379721669978,3.217710377358491,62.09993777777778,51.97580406708595,-0.6265441299790356,4.0972500320764995,3.7150479875754683,"Collin Snider",23307,676092
2025,"Gordon Graceffo","STL",3,1,1,26,0,43,8.37209376597682,2.7209304739424662,0.4186046882988409,0.35294117647058826,0.51446945,0.449275362,0.046511627,95.73482893730886,6.279070324482614,4.432498285939127,2.9258339740573667,3.862922209193952,0.47070756554603577,94.04384816753927,99.90261780104711,4.368692433862434,49.72504078042327,44.67118235449735,0.14077660052910057,3.862922209193952,3.7110923261739845,"Gordon Graceffo",29519,700669
2025,"Grant Anderson","MIL",2,6,0,66,0,69.2,9.559810008336118,3.746412030293884,1.033492973874175,0.27419354838709675,0.69796954,0.417989417,0.115942028,93.36409505208333,3.2296655433567967,3.7169359405353455,3.8384857032044897,3.87264857021424,0.40108245611190796,103.82064000000001,104.61404799999997,3.76384829015544,56.2280753626943,56.44989703799655,-0.26245269430051826,3.87264857021424,3.706477772035252,"Grant Anderson",20546,681982
2025,"Julian Fernández","- - -",1,0,0,4,0,5,9,3.6,3.6,0.09090909090909091,0.90909091,0.461538461,0.4,97.03688401442308,5.4,8.455213546300184,7.535136318206788,3.876875633001328,-0.10260465741157532,100.2384210526316,113.66868421052631,3.4356842105263152,59.75637960526317,56.271127500000006,-0.48122894736842114,3.876875633001328,3.7008739649295808,"Julian Fernandez",18341,642759
2025,"Tim Hill","NYY",4,4,0,70,0,67,4.970150385648901,2.1492542208211463,1.0746271104105731,0.2403846153846154,0.74840764,0.647887323,0.156862745,89.90287341101696,3.0895529424303976,3.3920004224816243,4.2993156878182415,3.9206395576149933,-0.02042071707546711,123.46398656215008,116.42156774916012,3.239664388888888,61.86389036666667,48.26977261111111,-0.6119089111111111,3.9206395576149933,3.7004349081995223,"Tim Hill",16814,657612
2025,"Austin Cox","ATL",0,0,0,13,1,21.1,9.281250981075676,2.9531253121604424,3.7968754013491406,0.328125,0.6557377,0.452054794,0.333333333,92.68503289473684,8.859375936481328,5.93739093836076,7.541386783969987,4.0082752307888745,-0.5705578085035086,99.49682106827599,104.29831021437576,4.206406088992974,51.46988196721312,44.37433236533958,0.03258599531615926,4.0082752307888745,3.6966676244294425,"Austin Cox",24604,680735
2025,"Nick Pivetta","SDP",13,5,0,31,31,181.2,9.412844563774714,2.4770643588880827,1.0899083179107565,0.23464912280701755,0.78703704,0.335443037,0.096916299,93.85475150877835,2.8733946563101758,3.9671302039083125,3.4929345033795105,3.8450895201171256,3.6734888553619385,101.61348693259971,103.08847317744147,3.7198966269284712,56.70064039270689,47.94461029803647,-0.29175451612903225,3.8450895201171256,3.694152686574169,"Nick Pivetta",15454,601713
2025,"Zack Kelly","BOS",1,3,0,28,0,35.1,8.915095622958146,3.0566042135856506,0.7641510533964126,0.32323232323232326,0.63318777,0.4,0.081081081,96.1983067536157,4.584906320378476,3.4319548978010226,3.5313627903382603,4.0420521463259504,0.36884960532188416,108.56442906574394,105.94183391003456,3.227065145797598,61.99935773584906,59.48372233276157,-0.6203078730703259,4.0420521463259504,3.6939885565901323,"Zack Kelly",20349,677161
2025,"Bobby Miller","LAD",0,0,0,2,1,5,12.6,3.6,3.6,0.5625,0.625,0.277777777,0.285714285,97.88754189980996,12.6,7.0970746216088605,7.3351363182067875,4.293571358919143,-0.11144852451980114,103.04758620689654,108.14224137931035,4.262691034482759,50.86468827586207,51.701830344827584,0.07011068965517239,4.293571358919143,3.6930655412856774,"Bobby Miller",27483,676272
2025,"Jimmy Herget","COL",1,2,0,59,0,83.1,8.74800133483907,2.8080004284668623,0.6480000988769682,0.2907488986784141,0.83850932,0.359307359,0.058252427,93.00575206043956,2.484000379028378,3.3087551993308946,3.3151363456726117,4.284726286706348,1.2502537965774536,100.63253521126764,96.0634428794993,4.758758051441933,45.5312169524552,38.11229095869057,0.4008207404520654,4.284726286706348,3.6872361840816454,"Jimmy Herget",17556,623474
2025,"Brant Hurter","DET",4,3,2,43,4,63,9.714287773011659,3.857143674578159,0.5714286925300975,0.31736526946107785,0.77181208,0.5,0.075471698,92.18361445835659,2.4285719432529147,3.6318501639471754,3.611326895315202,4.082948958504797,0.6053508669137955,112.25123973632658,92.60110384959897,4.8775680245133834,44.2538190676227,54.37289357003165,0.4800274625017837,4.082948958504797,3.679577163241389,"Brant Hurter",30133,676428
2025,"Freddy Peralta","MIL",17,6,0,33,33,176.2,10.392452530988225,3.362264054143249,1.0698112899546701,0.24349881796690306,0.85495283,0.372727272,0.104477611,94.70941853422168,2.6999999222665485,3.417243462438743,3.6445702658042487,3.853379329266389,3.6201796531677246,98.825108309085,105.53681215648234,3.9426005341534465,54.306204749109746,62.560236487536415,-0.14328482033020398,3.853379329266389,3.6787073082230752,"Freddy Peralta",18679,642547
2025,"Dennis Santana","PIT",4,5,16,70,0,70.1,7.677725673709936,2.1753556075511487,0.6398104728091614,0.21081081081081082,0.80701754,0.384210526,0.058139534,94.66415810751748,2.1753556075511487,3.5048166614281033,3.2062263707411387,4.167215744582492,1.169145107269287,93.19515392254222,93.14480635551146,3.917861009268794,54.57219709577756,47.97778297631309,-0.1597779711637487,4.167215744582492,3.676703322639307,"Dennis Santana",17878,642701
2025,"Ryan Helsley","- - -",3,4,21,58,0,56,10.125000689710937,4.017857416551959,1.285714373296627,0.3419354838709677,0.72559367,0.440993788,0.145454545,99.33793890449438,4.500000306538194,3.9780556756111203,4.135136386326386,3.7922017614247423,0.24907279014587402,122.60901346721609,113.162160619313,3.136593604887984,62.9720799694501,69.22725618126272,-0.6806228309572303,3.7922017614247423,3.6755695946123734,"Ryan Helsley",18138,664854
2025,"Jack Flaherty","DET",8,15,0,31,31,161,10.509316770186336,3.298136645962733,1.2857142857142858,0.3054187192118227,0.70469799,0.367058823,0.129943502,93.09007629992465,4.6397515527950315,3.9721321184837843,3.8494220324925017,3.68723481956476,2.542010545730591,102.28909090909093,103.55305978068623,4.779668743608473,45.30640263696128,36.657949119795475,0.41476103725346963,3.68723481956476,3.674135470432162,"Jack Flaherty",17479,656427
2025,"Seranthony Domínguez","- - -",4,4,2,67,0,62.2,11.345746867902132,5.170213762588313,0.7180852448039324,0.2805755395683453,0.69333333,0.430555555,0.096153846,97.65612537591527,3.1595750771373026,3.2439825329455725,3.470242765781956,3.7123243715313956,0.8665728271007538,111.94615474029533,91.19936820890341,4.793546451905624,45.15719283121597,64.63076224137932,0.4240129219600726,3.7123243715313956,3.6667309775090713,"Seranthony Dominguez",19249,622554
2025,"Jack Dreyer","LAD",3,2,4,67,5,76.1,8.724892610107396,2.829694900575372,0.471615816762562,0.25365853658536586,0.72580645,0.374384236,0.04347826,92.63654685988878,2.9475988547660124,2.6971816204496655,2.820725773698413,3.997669467505927,1.6904541850090027,98.56021577041246,99.17304445512431,4.570290479094076,47.557546994773524,52.054581968641116,0.27517537456446006,3.997669467505927,3.666314464809603,"Jack Dreyer",30249,676263
2025,"Framber Valdez","HOU",13,11,0,31,31,192,8.765625,3.1875,0.703125,0.29714285714285715,0.72888889,0.586142322,0.122950819,95.43178885323661,3.65625,3.7736891248460576,3.374719651540121,3.3387415078158185,4.016944408416748,106.23381364738485,110.58110148943541,3.65100682194617,57.44129774672187,56.973065752242924,-0.33768041407867494,3.3387415078158185,3.664973002322878,"Framber Valdez",17295,664285
2025,"Will Klein","LAD",1,1,0,14,0,15.1,12.326089511972823,5.869566434272773,0,0.3783783783783784,0.76923077,0.486486486,0,97.77940848214286,2.347826573709109,4.378334700176144,2.743831889255269,3.5482177854789794,0.2596542537212372,102.77375375375377,104.56390390390395,4.3869183278688535,49.529113180327876,56.36366714754099,0.15292665573770492,3.5482177854789794,3.663123902081103,"Will Klein",27787,694361
2025,"Kevin Kelly","TBR",2,5,0,41,0,39.2,7.941178507105341,2.042017330398516,2.495798959375964,0.29310344827586204,0.64766839,0.42519685,0.239130434,92.16632453762755,5.899161176706825,6.373920451380056,5.656145368081498,3.839002258727211,-0.5165374875068665,103.9113322091062,103.96559865092753,3.0380477232924705,64.03160558669,55.45528059544658,-0.7463202802101578,3.839002258727211,3.6630821561457547,"Kevin Kelly",25679,687330
2025,"Brendon Little","TOR",4,2,1,79,0,68.1,11.985369422092173,5.926831032902723,0.26341471257345433,0.2967741935483871,0.72668113,0.589743589,0.054054054,95.36256917317708,3.029269194594725,3.3596687892864505,2.9156240577289085,3.3699318219773935,1.2618151903152466,109.49214285714287,103.11079545454541,5.88456335483871,33.427025330645165,48.90434178225807,1.1513572258064522,3.3699318219773935,3.6591878384564196,"Brendon Little",21574,663893
2025,"Jordan Romano","PHI",2,4,8,49,0,42.2,9.914063977310654,3.5859380343464067,2.1093753143214156,0.3181818181818182,0.49019608,0.37815126,0.181818181,95.37512112403101,8.226563725853522,4.080618091065739,5.385136653482965,4.325659831085953,-0.37020063400268555,104.16957142857143,104.52008571428571,4.201499243937231,51.52264308131241,46.16668988587732,0.029314650499286696,4.325659831085953,3.6580654869681752,"Jordan Romano",16122,605447
2025,"Sean Newcomb","- - -",2,5,2,48,5,92.1,8.870036956157184,3.0216609411084914,0.4873646679207244,0.3436293436293436,0.76422764,0.459459459,0.061728395,93.39252105316558,2.7292421403560567,3.871663210441543,3.0376633846226424,3.68619288214134,1.7189671285450459,103.0853847222198,95.03977314697399,4.550851854005168,47.76653012919897,47.1092806007752,0.2622158656330749,3.68619288214134,3.6556570412792646,"Sean Newcomb",16943,656794
2025,"Willie MacIver","ATH",0,0,0,2,0,2,0,0,0,0.4,1,0.7,0,41.21321275499132,0,3.8975485004785653,3.1351363182067873,4.676875633001328,0.012610062025487423,47.798571428571435,56.885714285714286,9.16753,20,20,3.340003333333333,4.676875633001328,3.6531614649295805,"Willie MacIver",24641,680862
2025,"Robert Stephenson","LAA",2,0,0,12,0,10,9.000000858306967,2.70000025749209,0.9000000858306967,0.2222222222222222,0.72916667,0.296296296,0.083333333,96.52473250679348,2.70000025749209,3.327898892355662,3.635136365890508,4.185223596104363,0.10729432851076126,114.12263157894735,103.40578947368421,3.3770382638888887,60.38689784722223,56.96886666666666,-0.5203265277777779,4.185223596104363,3.649558286406851,"Robert Stephenson",13594,596112
2025,"Blake Snell","LAD",5,4,0,11,11,61.1,10.565217610342971,3.8152174704016284,0.44021740043095714,0.3137254901960784,0.76923077,0.486666666,0.073170731,95.1011623051225,2.3478261356317716,3.2706250128141834,2.69491891777583,3.089668576610498,1.8925966024398804,104.07564027370482,114.31524926686217,3.486864013605442,59.20609275996112,60.223032517006814,-0.44710918367346936,3.089668576610498,3.6419019173426603,"Blake Snell",13543,605483
2025,"Reed Garrett","NYM",3,6,3,58,1,55.1,10.409640946363185,4.2289166344600435,0.8132531989346238,0.29577464788732394,0.70149254,0.404109589,0.102040816,98.08627801192434,3.903615354886194,3.496178491320702,3.4604375977806368,3.651014022748776,0.7730584591627121,103.29259036029922,108.21473088058335,4.273822900919306,50.74503756894791,56.021423564862104,0.07753043922369765,3.651014022748776,3.6288927129288253,"Reed Garrett",16866,657585
2025,"Brandon Eisert","CHW",3,8,2,72,3,69.2,9.559811055258331,3.2296658970467336,1.5502396305824322,0.33157894736842103,0.78231293,0.395,0.151898734,89.79812049865723,4.3923456199835575,4.093203990229715,4.541835242253809,4.0508887895597265,0.07887999853119254,88.49410616332558,98.82496808638066,5.097406606409203,41.8902243138866,47.552905669679525,0.6265858751027116,4.0508887895597265,3.6256010771534304,"Brandon Eisert",27668,685126
2025,"Tim Mayza","- - -",0,0,0,15,0,16.2,8.100001699447988,2.7000005664826627,1.080000226593065,0.3,0.80188679,0.557692307,0.117647058,94.05477469308036,3.780000793075728,3.0664358696451584,4.155136532211349,4.167710635939932,0.03864835947751999,99.4029900332226,103.22478405315613,3.9948471096345517,53.74449328903654,49.178593488372094,-0.10845318936877074,4.167710635939932,3.624069063230227,"Tim Mayza",15042,641835
2025,"Steven Matz","- - -",5,2,2,53,2,76.2,6.926088392441873,1.29130461554001,0.9391306294836437,0.2838427947598253,0.73529412,0.463203463,0.1,,3.052174545821842,3.3764229064921656,3.4612233423330525,3.7134731144152098,1.1079564690589905,103.76432585514473,109.29232419332503,3.185352887931034,62.44782758620689,43.857912155172414,-0.6481164310344827,3.7134731144152098,3.6199372784015824,"Steven Matz",13361,571927
2025,"Braxton Ashcraft","PIT",4,4,0,26,8,69.2,9.172249138654102,3.10047858208026,0.3875598227600325,0.3125,0.79009434,0.502590673,0.05,96.77012853593273,2.7129187593202273,3.4456011727917746,2.7762846304660167,3.544289809999183,1.5805526077747345,105.1123205842174,103.62051675492228,4.145125185856755,52.12877082502267,49.37354181323663,-0.008268087035358123,3.544289809999183,3.6109012943596444,"Braxton Ashcraft",23793,677952
2025,"Pierce Johnson","ATL",3,3,1,65,0,59,9.000002327612492,2.8983058343158876,1.2203392986593211,0.2913907284768212,0.83881579,0.331210191,0.111111111,95.23425071022727,3.0508482466483025,3.6349588177461203,3.914797536794687,4.033530290640872,0.2887769937515259,98.93824742268038,101.8121855670103,3.8644717095777557,55.146229608650884,46.34683534500514,-0.19537096807415033,4.033530290640872,3.6088626496820004,"Pierce Johnson",13435,572955
2025,"Tyler Holton","DET",6,5,0,70,6,78.2,7.322035200189934,1.944915600050451,1.7161020000445155,0.23148148148148148,0.78688525,0.469026548,0.208333333,92.14670447147253,3.661017600094967,3.7857884299524613,4.635136584912364,3.5674062764033554,-0.15930413454771042,102.25466001209921,104.38087537810038,3.898692430604292,54.778288794588036,51.58056789629865,-0.17255686831095216,3.5674062764033554,3.606112382905215,"Tyler Holton",26231,663947
2025,"John Schreiber","KCR",3,3,1,74,0,64,8.718752598390758,2.6718757962810384,1.4062504190952836,0.27167630057803466,0.76190476,0.39010989,0.129870129,93.97447241806402,3.796876131557265,4.016685936915289,4.166386625543328,3.9900416861006227,0.3140561282634735,102.638255033557,110.12393096836044,3.3347089016236877,60.84203004775549,51.294677354345765,-0.5485460076408787,3.9900416861006227,3.604293667559671,"John Schreiber",20020,670167
2025,"Matt Strahm","PHI",2,3,6,66,0,62.1,10.106952696362884,2.8877007703893955,0.7219251925973489,0.2641509433962264,0.75806452,0.211538461,0.054347826,92.19198534366576,2.7433157318699255,2.769807264739996,2.9907512796873177,4.2234789251056295,1.537685751914978,109.77376387487385,102.34322906155397,3.9113328068410467,54.64237974849095,49.85108111670019,-0.16412927565392357,4.2234789251056295,3.600674679040909,"Matt Strahm",13799,621381
2025,"Max Fried","NYY",19,5,0,32,32,195.1,8.708191353031493,2.3498294127227837,0.6450512113356661,0.27932960893854747,0.74001947,0.523809523,0.086956521,95.81036261792453,2.8566553644865214,3.3720535954859296,3.068583415449933,3.407593815140464,4.7727370262146,109.03794591113967,114.04282034771408,3.791279209003215,55.93315274276527,59.246898868167214,-0.24416530225080388,3.407593815140464,3.5953671872018274,"Max Fried",13743,608331
2025,"Ryan Johnson","LAA",1,1,1,14,0,14.2,9.818183520608992,3.0681823501903103,2.454545880152248,0.425531914893617,0.5982906,0.490196078,0.210526315,94.95939636230469,7.363637640456744,3.535215311351104,5.521500368354806,3.973298757705895,-0.14998219907283783,100.64315789473683,100.41045614035087,3.666171775362319,57.27825351449276,47.703044094202895,-0.3275705797101451,3.973298757705895,3.591622110968627,"Ryan Johnson",35325,696270
2025,"Corbin Martin","BAL",1,0,2,17,0,18,11.500002437168215,4.500000953674519,2.0000004238553415,0.35294117647058826,0.65693431,0.442307692,0.25,95.78481079931973,6.000001271566025,4.87089857886581,5.3018034440500745,3.783349179842814,-0.2163078635931015,97.4751515151515,94.84242424242423,4.902679789156626,43.98383189759036,50.46242984939759,0.4967684337349398,3.783349179842814,3.5899363641346387,"Corbin Martin",19884,656686
2025,"Dylan Cease","SDP",8,12,0,32,32,168,11.517857142857142,3.8035714285714284,1.125,0.3195121951219512,0.6898288,0.366197183,0.118644067,97.06857706547154,4.553571428571429,3.4504740796513294,3.5577553658258347,3.5570878581986545,3.3976783752441406,107.69750491159137,107.79015062213495,3.806394130006565,55.77063860144452,63.56965764281025,-0.23408864084044645,3.5570878581986545,3.5791519975362394,"Dylan Cease",18525,656302
2025,"Nick Lodolo","CIN",9,8,0,29,28,156.2,8.961702709552048,1.780851179462266,1.2638298692958017,0.2761904761904762,0.80687831,0.425925925,0.129411764,93.8487689453125,3.331915109961659,3.499192693387338,3.811732106819691,3.6591513533916493,2.807055052369833,106.33941765824747,105.74600596235877,3.91755625877225,54.57549170097684,46.44861066738382,-0.15998077877491593,3.6591513533916493,3.573819533532258,"Nick Lodolo",26378,666157
2025,"J.T. Ginn","ATH",4,7,0,23,16,90.1,9.863468877659626,3.088560961691398,1.693726978992057,0.3138075313807531,0.73193916,0.52734375,0.215189873,92.69905090332031,5.081180936976171,3.742497463568175,4.618531188696563,3.5203474627745655,0.7537907361984253,97.45207309568224,108.89071986231728,4.6628080710659905,46.562820336294415,46.91950710025381,0.33685419416243656,3.5203474627745655,3.571118701377323,"J.T. Ginn",27889,669372
2025,"Juan Mejia","COL",2,2,1,55,0,61.1,9.978261697044513,3.668478565089895,0.8804348556215748,0.2948717948717949,0.65683646,0.403726708,0.092307692,96.6088873959778,3.9619568502970863,2.9824150127435054,3.705788539442993,4.067957952003874,0.6919631958007812,99.92658582089553,97.31947761194031,4.04250067039106,53.23212880819366,53.727669441340765,-0.07668451582867784,4.067957952003874,3.569479470174347,"Juan Mejia",23237,675848
2025,"Dauri Moreta","PIT",1,1,0,18,0,16.2,10.260002739716308,3.780001009369166,1.0800002883911903,0.35,0.74257426,0.268292682,0.105263157,94.3277779571281,3.2400008651735708,4.543620458373953,3.6751364624023823,3.8727193340284773,0.14527277648448944,97.17880701754389,89.31087719298246,5.383061948529411,38.818976213235295,43.20303231617646,0.8170227205882353,3.8727193340284773,3.566178334499146,"Dauri Moreta",21101,664294
2025,"Jacob Misiorowski","MIL",5,3,0,15,14,66,11.863636877911173,4.227272910520073,1.0909091381987286,0.2986111111111111,0.69105691,0.342105263,0.115942028,99.07764015197753,4.363636552794914,3.400063317092659,3.6199848240728887,3.656045624436435,1.2329582273960114,116.16207099217372,119.4478137533257,2.8360835965665236,66.20303565665233,72.7889276051502,-0.8809629184549356,3.656045624436435,3.5566960956647864,"Jacob Misiorowski",31623,694819
2025,"Mason Montgomery","TBR",1,3,1,57,0,46,12.326090023063168,5.282610009884214,1.1739133355298255,0.38392857142857145,0.65597668,0.429824561,0.15,98.63621759666081,5.673914455060824,4.566015311151596,3.9177452085600044,3.5627358287561277,0.27401211857795715,122.70433255269317,110.68210772833723,3.095608544819558,63.41271644935972,78.57255409778814,-0.707945983701979,3.5627358287561277,3.5514533492768776,"Mason Montgomery",29770,682254
2025,"Isaiah Campbell","BOS",0,0,0,6,0,7.2,3.521739422486299,1.1739131408287662,1.1739131408287662,0.41379310344827586,0.66176471,0.633333333,0.2,96.05614013671875,7.043478844972598,5.009201974538222,4.830788632737227,4.140618563412148,-0.018218912184238434,103.36708860759495,115.43063291139241,2.8611194495412846,65.93388211009174,49.898302293577984,-0.8642720183486239,4.140618563412148,3.5493712628134992,"Isaiah Campbell",25551,663462
2025,"Ty Adcock","NYM",0,0,0,3,0,3,15.000004768373097,6.000001907349239,3.0000009536746197,0.16666666666666666,1,0.166666666,0.2,97.22447294347427,3.0000009536746197,2.036402799434379,6.135137271881407,4.3713689025187765,-0.03684980049729347,110.19950617283952,108.58938271604937,4.000911707317073,53.679229756097556,46.95600146341464,-0.10441121951219522,4.3713689025187765,3.5484981880763464,"Ty Adcock",25651,686654
2025,"Jason Adam","SDP",8,4,0,65,0,65.1,9.642857893562931,3.4438778191296184,0.5510204510607389,0.27380952380952384,0.82872928,0.423529411,0.055555555,94.67942655617409,1.9285715787125863,2.753047491535503,3.073911823644483,3.9770531796468513,1.2452008724212646,102.22967622571693,100.21750231267349,4.504192405876949,48.26819142332415,61.12074662075297,0.23111022038567497,3.9770531796468513,3.544249252037345,"Jason Adam",11861,592094
2025,"Dietrich Enns","- - -",3,3,2,24,3,46.1,9.517986460444389,2.9136693246258334,1.1654677298503333,0.3384615384615385,0.70671378,0.4,0.139534883,93.86423452741148,4.079137054476167,3.4001178085835333,3.674704711656016,3.422074269040495,0.5305722802877426,108.27621285514445,108.40568248985765,3.685590275918036,57.06947788511143,52.432597878155526,-0.3146248860968611,3.422074269040495,3.5433509172846254,"Dietrich Enns",13932,608650
2025,"AJ Blubaugh","HOU",3,1,0,11,3,32,9.84375,3.09375,1.6875,0.1527777777777778,0.86734694,0.337662337,0.136363636,94.47847028459822,1.6875,3.19752533611963,4.416386318206787,4.09877787604928,0.13520276360213757,103.24861683266413,102.57550451061167,3.676773366141732,57.16430728346457,56.572735629921254,-0.32050332677165355,4.09877787604928,3.5393733866659316,"AJ Blubaugh",31764,805123
2025,"Jonathan Bowlan","KCR",1,2,0,34,1,44.1,9.338346936029069,3.4511282154890037,1.2180452525255308,0.27927927927927926,0.72368421,0.486956521,0.153846153,95.72687017722208,3.8571432996641803,3.7879269374666538,3.9697228801224287,3.5665912536537125,0.20982369780540466,103.42330123796421,104.83909215955984,3.9077403851444283,54.68101105914718,50.776032310866576,-0.16652486932599728,3.5665912536537125,3.5291337846582933,"Jonathan Bowlan",24607,680742
2025,"Félix Bautista","BAL",1,1,19,35,0,34.2,12.980770183032856,5.971154284195114,0.7788462109819714,0.19696969696969696,0.83333333,0.507246376,0.12,,2.5961540366065714,2.8349859493801253,3.365905565905149,3.3527368015697725,0.6101017594337463,99.80054313099038,105.99718849840251,4.1857423847376785,51.69204847376789,75.05312208267091,0.01881038155802859,3.3527368015697725,3.529035879714732,"Felix Bautista",20666,642585
2025,"Albert Suárez","BAL",2,0,0,5,1,11.2,7.714286134680946,1.5428572269361893,0,0.2903225806451613,0.66666667,0.419354838,0,93.55182848478618,2.314285840404284,2.6671955328016903,2.192279123968005,4.174515493870009,0.3438345640897751,89.06785447126828,85.64576480303107,5.105200231213873,41.806414277456646,40.12130560693641,0.6317822543352601,4.174515493870009,3.52771678106796,"Albert Suarez",6175,544150
2025,"Ian Seymour","TBR",4,3,0,19,5,57,10.105263496039658,3.0000001003867736,0.7894737106280983,0.2847682119205298,0.58730159,0.350993377,0.076923076,91.44345208662975,3.631579068889252,3.921783102179783,3.187767898915327,3.805540822423283,1.0799147859215736,95.3386320564191,95.55446425236069,4.7676835642570286,45.435240702811235,43.703139989959844,0.406770672690763,3.805540822423283,3.5218592282649848,"Ian Seymour",27932,693855
2025,"Ben Brown","CHC",5,8,1,25,15,106.1,10.24137980022274,2.7084640793977495,1.523511044661234,0.3468013468013468,0.63732929,0.424437299,0.155172413,95.9473135054903,5.924765173682577,4.529758829877525,4.075575234664339,3.556845684925516,1.0713987350463867,98.89486328606075,97.55469793114106,4.334794735645253,50.089491677089256,45.183095685048315,0.11817826606026152,3.556845684925516,3.518648056123784,"Ben Brown",23590,676962
2025,"Shane Bieber","TOR",4,2,0,7,7,40.1,8.256198607395854,1.5619835203181345,1.785124023220725,0.24528301886792453,0.84415584,0.48245614,0.210526315,92.65788043478261,3.57024804644145,4.492425587729941,4.473979335622331,3.3480146876170696,0.29509806632995605,91.67017054263565,101.3638449612403,4.289482837209302,50.57665248062016,55.094729534883726,0.08796998449612403,3.3480146876170696,3.517278942663145,"Shane Bieber",19427,669456
2025,"Gregory Soto","- - -",1,5,1,70,0,60.1,10.441992471428962,3.5801117044899295,0.596685284081655,0.3411764705882353,0.70021882,0.438596491,0.071428571,97.30745567908654,4.176796988571585,3.834721940779815,3.416904369023124,3.986032764726568,0.7365852892398834,114.62833021259245,104.11512232504224,4.0448976647286825,53.20635850775194,65.04375277131781,-0.07508654069767447,3.986032764726568,3.4936967481068115,"Gregory Soto",19677,642397
2025,"Cole Sulser","TBR",2,1,0,18,0,22.2,8.735295097720774,2.779412076547519,0.397058868078217,0.31666666666666665,0.859375,0.409836065,0.05,92.88650173611111,1.985294340391085,2.8019243186847773,2.6939597981198795,3.4807886935713572,0.36487796902656555,97.23479381443302,101.90902061855671,3.5400291989664088,58.63449224806201,54.08977537467701,-0.4116657622739019,3.4807886935713572,3.4809402267544822,"Cole Sulser",15256,642121
2025,"Pete Fairbanks","TBR",4,5,27,61,0,60.1,8.801105714332683,2.685083099287937,1.04419898305642,0.2389937106918239,0.77490775,0.451219512,0.109375,97.27475247524752,2.8342543825817113,3.080291806302471,3.632373929186035,3.7595228263169185,0.965918779373169,115.44996948118,109.31759918616478,3.672906687242797,57.205848395061714,50.89894419753086,-0.32308007201646094,3.7595228263169185,3.480505659053403,"Pete Fairbanks",17998,664126
2025,"Nolan Hoffman","PHI",0,0,0,1,0,1,18,9,0,0.75,0.25,0.5,0,94.43245152064732,27,2.0076604700769285,2.1351363182067873,2.1351363182067873,0.012630937620997429,83.45307692307694,100.78076923076924,3.7087999999999997,56.81995,47.34935,-0.29915,2.1351363182067873,3.4796716641293766,"Nolan Hoffman",23381,676510
2025,"Robert Garcia","TEX",4,8,9,71,0,64,9.562502279878206,3.093750737607655,1.1250002682209654,0.29411764705882354,0.78796562,0.394285714,0.121212121,94.54398114965596,2.9531257040800343,3.806900257396373,3.713261456042561,3.6781801160603877,0.5295040607452393,109.37278925619832,106.64371900826444,3.7830630062630486,56.02149892484344,57.89070498956158,-0.24964312108559492,3.6781801160603877,3.4791480124283156,"Robert Garcia",23363,676395
2025,"Kyle Finnegan","- - -",4,4,24,56,0,57,8.684211688689073,2.8421056435709695,0.6315790319046599,0.271523178807947,0.68493151,0.490066225,0.078431372,96.41057817254057,3.473684675475629,3.1512266638156476,3.1175924562094357,3.5847627828541424,1.225785255432129,103.2745918641213,107.6984491559391,3.436918595041323,59.74309008264463,54.15124453364816,-0.48040583234946865,3.5847627828541424,3.4722151871026257,"Kyle Finnegan",15009,640448
2025,"Justin Sterner","ATH",4,3,0,59,1,65,9.692309398764284,2.9076928196292853,1.3846156283948978,0.23417721518987342,0.83606557,0.305389221,0.12345679,93.60351637324185,3.184615945308265,3.3308106460525027,4.273598057109258,4.1948424201411205,0.3418738394975662,102.33260542757732,97.96654281895263,4.057331317474841,53.07266975297347,54.415221427264406,-0.06679704483074114,4.1948424201411205,3.47218152684715,"Justin Sterner",27694,686993
2025,"Jake Bird","- - -",4,2,0,48,0,55.1,10.734940953941122,4.066265512856485,1.1385543435998158,0.36054421768707484,0.65217391,0.474025974,0.14893617,,5.53012109748482,3.8446992762062573,3.9122448384415827,3.577216146848557,0.45240092277526855,116.04193174270507,113.9284159448269,3.2946766736183517,61.272428404588105,50.450626788321166,-0.5752342127215849,3.577216146848557,3.46732027954083,"Jake Bird",21267,656234
2025,"Tom Cosgrove","CHC",0,0,0,2,0,4,6.75,2.25,0,0.25,0.75,0.583333333,0,,2.25,1.499632423935464,2.3851363182067873,3.5414408043026926,0.05583610758185387,90.48541176470587,89.96494117647059,4.33735875,50.061970468750005,41.931879375,0.11988765625000003,3.5414408043026926,3.4666692774295806,"Tom Cosgrove",23443,676680
2025,"Taylor Clarke","KCR",1,1,1,51,0,55.1,7.1566271638642425,1.4638555562449587,1.3012049388844078,0.20833333333333334,0.76086957,0.440789473,0.140350877,94.98382280759162,3.2530123472110195,3.6572901319204014,3.9664616958273813,3.675120842721103,0.32931625843048096,95.91425742574265,93.40649504950498,4.40458294797688,49.3391670867052,49.204392485549114,0.16470339884393065,3.675120842721103,3.463237246258642,"Taylor Clarke",17611,664199
2025,"Graham Ashcraft","CIN",8,5,0,62,0,65.1,8.816328246511391,3.4438782212935117,0.275510257703481,0.34196891191709844,0.62084257,0.558510638,0.048780487,,3.994898736700474,3.4557739084406016,2.7218709316515657,3.2914319390329774,1.6137008666992188,113.3204267701261,115.54888457807947,3.331588227091633,60.875559820717136,67.78610002988049,-0.5506260856573707,3.2914319390329774,3.460905274732525,"Graham Ashcraft",27552,668933
2025,"Eduard Bazardo","SEA",5,0,0,73,0,78.2,9.381357145323303,3.0889834502893803,1.02966115009646,0.22797927461139897,0.85014409,0.376237623,0.104651162,95.12907270951705,2.516949478013569,3.3339184393780337,3.6436109602297306,3.8417836266057526,0.5081480145454407,103.01423202614383,104.07352941176472,3.149400604255318,62.83436748085105,47.03682035744679,-0.6720849702127659,3.8417836266057526,3.460069963646059,"Eduard Bazardo",20997,660825
2025,"Edgardo Henriquez","LAD",2,1,1,22,0,19,8.526318357262367,2.3684217659062132,0.9473687063624853,0.2830188679245283,0.88541667,0.490566037,0.1,100.77674278846153,2.3684217659062132,3.341522531553908,3.3982942921963666,3.652756805456208,0.28731846809387207,123.53374193548383,119.83696774193554,3.264297142857142,61.59904528957528,67.80635683397684,-0.5954869111969114,3.652756805456208,3.4446940181852925,"Edgardo Henriquez",26944,683618
2025,"Luke Weaver","NYY",4,4,8,64,0,64.2,10.020620133015761,2.7835055925043783,1.3917527962521892,0.22641509433962265,0.73584906,0.275449101,0.106382978,95.07697202620967,3.6185572702556916,2.9382273391161635,3.8928683961663126,4.123644137479596,0.463337779045105,97.12568981921979,101.32123691722168,4.148859485224023,52.0886037273594,51.626753536701614,-0.005778684461391839,4.123644137479596,3.4441607581089504,"Luke Weaver",16918,596133
2025,"Jordan Leasure","CHW",5,6,7,68,1,64.1,11.331609129256782,4.196892270095104,1.6787569080380416,0.25517241379310346,0.79113924,0.283870967,0.155844155,96.4142143459722,3.9170994520887636,3.1767646967170906,4.487468271904099,3.907891862451911,0.5197171419858932,102.146693728704,100.12210196541567,4.301599141592922,50.44641044247787,60.37390612389382,0.09604766371681418,3.907891862451911,3.4410149929243143,"Jordan Leasure",29950,673929
2025,"Mark Leiter Jr.","NYY",6,7,2,59,0,48.1,10.0551750591344,3.1655180741719406,0.9310347276976296,0.37410071942446044,0.66197183,0.454545454,0.1,93.38610076904297,4.841380584027674,3.733669796463877,3.548929530516845,3.7990047495430077,0.5963972210884094,93.58472858866102,96.45042219541612,4.654006971153846,46.657472836538446,51.68614775240386,0.3309858774038463,3.7990047495430077,3.4389666159210632,"Mark Leiter Jr.",15551,643410
2025,"Parker Messick","CLE",3,1,0,7,7,39.2,8.62184929226462,1.3613446250944137,0.9075630833962759,0.358974358974359,0.86206897,0.479338842,0.105263157,92.69705729166667,2.7226892501888273,3.061209515459816,2.983875804307408,3.1499117971925483,0.9899759292602539,98.7440705128205,108.06583333333333,3.703811488,56.873554192,46.398508528,-0.302477104,3.1499117971925483,3.4333007077452593,"Parker Messick",31986,800048
2025,"Tanner Scott","LAD",1,4,23,61,0,57,9.473685478569898,2.8421056435709695,1.7368423377378146,0.296551724137931,0.70957096,0.392156862,0.177419354,96.53583170572917,4.736842739284949,4.177118438902456,4.696540035971085,3.864747600377907,-0.02339387685060501,117.30006622516558,117.7548344370861,2.4446338419319438,70.41173888035127,66.3085815697036,-1.1419294511525795,3.864747600377907,3.4288338774482305,"Tanner Scott",17586,656945
2025,"Paxton Schultz","TOR",0,0,0,13,2,24.2,10.216217269507462,2.9189192198592746,1.4594596099296373,0.3333333333333333,0.65789474,0.397260273,0.137931034,93.81006153520332,4.378378829788912,3.75415644559756,4.067568846772945,3.7720461188332894,0.13254746422171593,92.6998388501742,89.93523047328686,5.564941049107142,36.86346049107143,32.983818660714284,0.9382760044642858,3.7720461188332894,3.4251141266670135,"Paxton Schultz",25501,687606
2025,"Justin Bruihl","TOR",0,0,0,15,0,13.2,11.853661569508745,4.6097572770311785,1.3170735077231939,0.4594594594594595,0.70247934,0.461538461,0.2,,5.2682940308927755,3.666574124833964,4.159526824213716,3.3851895393531017,0.01780243217945099,108.16310502283103,118.62009132420091,2.4309249771689503,70.5591410502283,67.36969433789955,-1.1510686301369861,3.3851895393531017,3.418890932602667,"Justin Bruihl",23779,677865
2025,"Chase Lee","DET",4,1,0,32,0,37.1,8.67857349770459,2.1696433744261476,1.6875004023314482,0.26595744680851063,0.78313253,0.356435643,0.162790697,89.478515625,4.0982152628049455,5.094186739372595,4.52799379314703,3.8662469533072863,-0.08993902057409286,90.85088186356074,95.77198003327786,3.3141209827586207,61.063346310344826,63.97990556896551,-0.5622710344827587,3.8662469533072863,3.4056168094615753,"Chase Lee",29574,695445
2025,"Tanner Banks","PHI",6,2,1,69,1,67.1,8.153465962435728,1.6039605172004712,1.2029703879003535,0.2554347826086957,0.79787234,0.367021276,0.116883116,92.5389940344769,3.07425765796757,3.7947726191577686,3.6400868513995284,3.6655412182606257,0.7766744792461395,112.12517937763597,118.13344707662364,4.004160341328415,53.64436014760147,42.23824316420665,-0.1022454704797048,3.6655412182606257,3.4052776667180384,"Tanner Banks",16990,621383
2025,"Jesús Luzardo","PHI",15,7,0,32,32,183.2,10.584392600744152,2.7931036029741514,0.7840290815366039,0.3240343347639485,0.69403715,0.427672955,0.09039548,96.37835043532338,3.9201454076830196,3.327402647237714,2.8955718766261582,3.2488633229737087,5.335048198699951,105.83230820325477,112.9645034872136,3.1833751177446095,62.469092517412946,59.16541505804311,-0.6494349320066335,3.2488633229737087,3.4020272852528373,"Jesus Luzardo",19959,666200
2025,"Ryan Walker","SFG",5,7,17,68,0,61.1,8.80434910381242,2.641304731143726,0.586956606920828,0.3181818181818182,0.67164179,0.494318181,0.085106382,,4.108696248445796,3.8330535370727894,3.2981798201292394,3.63179532172992,0.619860053062439,107.53000000000002,102.67009842519681,3.643731943081451,57.5195240235525,58.182803699705595,-0.34253024533856713,3.63179532172992,3.4008170129293034,"Ryan Walker",20423,676254
2025,"Hunter Brown","HOU",12,9,0,31,31,185.1,10.003597396839536,2.7679856874750177,0.825539591001321,0.26244343891402716,0.81986143,0.481400437,0.114093959,96.58185865644725,2.4280576205921207,3.1520613125449164,3.1405320018081033,3.1875778191300848,4.575861930847168,105.09617208672081,104.150406504065,4.423780360998651,49.13275753711201,51.46144604588394,0.17750195006747638,3.1875778191300848,3.391476947445671,"Hunter Brown",25880,686613
2025,"George Kirby","SEA",10,8,0,23,23,126,9.785714285714286,2.0714285714285716,1.0714285714285714,0.31547619047619047,0.71323529,0.441260744,0.128205128,96.05955729166666,4.214285714285714,3.875273453823832,3.3652950483655175,3.249291078769972,2.398303985595703,99.10016121384538,109.64350877192982,3.7002459415428843,56.91190090560614,52.49967747005271,-0.3048547101102061,3.249291078769972,3.390917014069372,"George Kirby",25436,669923
2025,"Aaron Bummer","ATL",3,2,0,42,2,54.1,8.44785518262959,2.815951727543197,0.4969326578017406,0.3137254901960784,0.69518717,0.538961038,0.096774193,91.5685288001751,3.809817043146678,4.20872501923108,3.5216394964970306,3.683490808394029,0.42454031109809875,105.26923111948643,102.02521181640034,4.358721791845494,49.83222987124463,51.32161431330472,0.13412950643776825,3.683490808394029,3.3882963714116707,"Aaron Bummer",16258,607481
2025,"David Robertson","PHI",2,0,2,20,0,17.2,11.207548783147384,4.075472284780867,2.0377361423904334,0.3181818181818182,0.83333333,0.4375,0.235294117,,4.075472284780867,4.535397519052728,4.94645733366495,3.4866213698320645,-0.1156901940703392,98.45304635761588,101.76662251655628,4.194165065789474,51.60150148026315,56.78184042763157,0.024425065789473635,3.4866213698320645,3.3866348312063868,"David Robertson",8241,502085
2025,"Mason Englert","TBR",0,1,0,29,0,44.2,8.865672146565004,2.216418036641251,0.8059701951422731,0.312,0.70850202,0.409448818,0.085106382,93.85167253521126,3.8283584269257975,4.2647458550799815,3.1351363182067873,3.5932351755280343,0.5573360919952393,94.67133603238867,102.37603238866393,4.087341255230125,52.75000675034867,44.48212577405858,-0.04679072524407253,3.5932351755280343,3.379971082285757,"Mason Englert",22288,669438
2025,"Angel Zerpa","KCR",5,2,0,69,2,64.2,8.072167170619776,3.061856512993708,0.9742270723161798,0.3225806451612903,0.75123153,0.624338624,0.159090909,96.42503967285157,4.175258881355056,4.007500498955138,3.861940641998223,3.503742551395323,0.3191561624407768,113.02409866962304,111.25905601228035,3.2065039999999994,62.22042530909092,52.7239451909091,-0.6340162181818182,3.503742551395323,3.378746162063432,"Angel Zerpa",22717,672582
2025,"Keaton Winn","SFG",0,0,0,7,0,10,8.1,1.8,0.9,0.36666666666666664,0.71428571,0.516129032,0.09090909,95.7239621184593,4.5,3.272546706813833,3.2351363182067874,3.6310495644807816,0.0577826127409935,94.97042424242423,98.80775757575756,4.944641515151515,43.53266642424243,47.063154606060614,0.5247429696969697,3.6310495644807816,3.368753865210248,"Keaton Winn",23499,676775
2025,"Justin Wilson","BOS",4,1,0,61,0,48.1,10.613796733444675,3.7241392047174298,0.5586208807076145,0.36,0.72948328,0.46031746,0.068181818,94.5666439318783,3.351725284245687,3.6031215632101805,2.9489293579709157,3.5455474210040476,1.0215709209442139,106.32129584352077,103.5317603911981,4.253345146341463,50.96521119512195,53.076724743902446,0.06387851219512196,3.5455474210040476,3.364458557611653,"Justin Wilson",4301,458677
2025,"Jared Koenig","MIL",6,1,2,72,0,66,9.272728344625802,2.7272730425370004,0.8181819127611002,0.3,0.82644628,0.459770114,0.085714285,95.76968587239584,2.8636366946638505,2.824113274439354,3.347257554848554,3.8006174865830937,0.8920438885688782,110.35351923076924,103.35844230769231,3.7237251390220516,56.65946496644296,50.273589117929035,-0.2892018983700863,3.8006174865830937,3.362136845400489,"Jared Koenig",27517,657649
2025,"Shawn Armstrong","TEX",4,3,9,71,2,74,9.000001855799052,2.4324329339997437,0.6081082334999359,0.19553072625698323,0.76271186,0.358695652,0.058139534,93.63777066454475,2.3108112872997566,3.0239405102126415,3.0675687367067943,3.9809416422378074,1.3512794971466064,104.70794275491954,96.95218246869409,3.8760322507934113,55.021934272823074,48.18658943868511,-0.18766350453025366,3.9809416422378074,3.3589102378702242,"Shawn Armstrong",12857,542888
2025,"Evan Sisk","- - -",1,1,0,19,0,17.2,12.735852264942883,5.094340905977154,0.5094340905977154,0.35714285714285715,0.78947368,0.5,0.066666666,90.65439890391791,3.5660386341840073,2.840875585478689,3.078532530362597,3.6517075646732886,0.2290683463215828,104.13841441929799,84.11470698700947,5.806993404255319,34.26103449848024,53.1896495136778,1.0996439513677811,3.6517075646732886,3.357583339929581,"Evan Sisk",24995,681895
2025,"Craig Kimbrel","- - -",0,1,0,14,0,12,12.750002026558244,5.250000834465159,1.500000238418617,0.34782608695652173,0.91549296,0.28,0.153846153,93.37671430958997,2.2500003576279255,4.098575239688799,4.218469823731344,3.7220206691836286,0.00018568156519904733,104.67071841146286,101.28952105902478,5.179726853448276,41.005115948275865,51.52827573275863,0.6814660775862069,3.7220206691836286,3.3570252644178815,"Craig Kimbrel",6655,518886
2025,"Matt Festa","CLE",5,4,0,63,0,54.2,9.21951519740995,2.469512999306237,0.6585367998149965,0.273972602739726,0.59931507,0.406896551,0.074074074,91.9136379076087,4.115854998843727,3.46070948909356,3.1351363182067873,3.7068546080224354,0.8067736029624939,100.4967200986437,95.28041923551172,3.324917674418605,60.947293684210536,56.39344157894735,-0.5550731456548348,3.7068546080224354,3.3491662843182657,"Matt Festa",19330,670036
2025,"Luinder Avila","KCR",1,1,0,13,0,14,10.285714986373016,3.8571431198898805,0,0.20588235294117646,0.84615385,0.5,0,95.96288287450396,1.285714373296627,2.078501208611638,2.1351362500871884,3.34650293708642,0.22240565717220306,105.0881860465116,104.19572093023255,3.6533399082568807,57.41622321100917,60.41067871559632,-0.336125,3.34650293708642,3.345490552112821,"Luinder Avila",24452,679883
2025,"Yohan Ramírez","PIT",3,3,0,24,0,33.1,12.150001853943154,4.320000659179788,1.080000164794947,0.3372093023255814,0.5907173,0.366666666,0.121212121,96.2406005859375,5.400000823974735,4.507553878936676,3.7951364189148107,3.761458335422538,0.1702820509672165,106.4296517412935,96.53943615257047,4.138245976821192,52.20271456953642,67.43691064569536,-0.01285418874172188,3.761458335422538,3.3388566585589636,"Yohan Ramirez",19444,670990
2025,"Kirby Yates","LAD",4,3,3,50,0,41.1,11.322582038458798,3.701613358726915,1.9596776605024844,0.29292929292929293,0.69124424,0.29906542,0.16981132,92.75036399147727,5.225807094673291,4.201332407919737,4.756104259610077,3.902366663040158,-0.09040607511997223,97.43979002624673,95.16414698162734,4.734999797843666,45.78665884097035,41.66248369272237,0.3849822102425878,3.902366663040158,3.333899559692081,"Kirby Yates",9073,489446
2025,"Emmanuel Clase","CLE",5,3,24,48,0,47.1,8.936620678605703,2.281690386026988,0.380281731004498,0.3235294117647059,0.70945946,0.459854014,0.045454545,,3.232394713538233,3.1319667725599163,2.712601061535123,3.596471505476475,1.0967930555343628,126.29595174262737,126.38747989276135,3.092404705093834,63.44717935656837,65.4352514075067,-0.7100819436997318,3.596471505476475,3.3320928803271914,"Emmanuel Clase",21032,661403
2025,"Brooks Raley","NYM",3,1,0,30,0,25.2,8.766235286258029,2.103896468701927,0,0.21212121212121213,0.68181818,0.333333333,0,,2.454545880152248,2.3676747183755102,2.1221491295725263,3.8641146314540022,0.7603611946105957,109.74775193798449,107.28346253229975,3.3710938917525772,60.45083324742268,59.80809030927835,-0.5242889948453608,3.8641146314540022,3.327441639179647,"Brooks Raley",10061,548384
2025,"Joe Ryan","MIN",13,10,0,31,30,171,10.210526315789474,2.0526315789473686,1.368421052631579,0.2679425837320574,0.78636959,0.366515837,0.120930232,93.59648750278025,3.4210526315789473,3.4287130464460644,3.7374754994933372,3.699311480082964,3.122781425714493,107.95231914940825,108.3516766806826,3.4856073901808795,59.21961397194535,47.24083122185309,-0.44794719084533047,3.699311480082964,3.3247544657670884,"Joe Ryan",21390,657746
2025,"Jacob deGrom","TEX",12,8,0,30,30,172.2,9.64285771095881,1.928571542191762,1.3552124350536705,0.22966507177033493,0.83598726,0.377828054,0.138297872,97.56576657315046,2.971042646079201,3.3567820548562897,3.64478885788509,3.3659104120036734,3.3914434909820557,108.5926903941829,117.63650975889783,2.8718489721054636,65.81850606801683,63.96831083683606,-0.8571192395873136,3.3659104120036734,3.3245469467338995,"Jacob deGrom",10954,594798
2025,"Yoshinobu Yamamoto","LAD",12,8,0,30,30,173.2,10.416507327997268,3.057581752994223,0.7255278735918494,0.24324324324324326,0.78507079,0.527577937,0.107692307,95.34593813195147,2.487524138029198,2.7235828511711904,2.9393589554915263,3.0454594084815447,4.996394634246826,100.01380473797562,110.48353194544151,3.4903687858166186,59.16842836676218,50.23514085601718,-0.4447721561604585,3.0454594084815447,3.3229016156790157,"Yoshinobu Yamamoto",33825,808967
2025,"Hunter Gaddis","CLE",2,2,3,73,0,66.2,9.855001503753892,2.8350004325867357,1.080000164794947,0.29239766081871343,0.81395349,0.369318181,0.105263157,94.7205061239193,3.1050004737854726,3.614059421654575,3.495136373138436,3.6927192221529626,0.8445630073547363,96.07023969319272,100.24291466922338,4.555194923954374,47.719848279467676,45.50158911596959,0.2651115209125475,3.6927192221529626,3.3068997951438432,"Hunter Gaddis",25636,683769
2025,"Bryan Woo","SEA",15,7,0,30,30,186.2,9.54642909166767,1.735714380303213,1.2535714968856537,0.23768736616702354,0.80369844,0.407786885,0.128078817,95.70774785323965,2.9410715888471106,3.0700219742953045,3.4672791934499947,3.3332064052683847,3.6130261421203613,109.45411373707533,113.19115952732645,3.1906341525423727,62.39103081429624,53.670220876934415,-0.6445954716285925,3.3332064052683847,3.3032218129974784,"Bryan Woo",30279,693433
2025,"Spencer Schwellenbach","ATL",7,4,0,17,17,110.2,8.783132731957785,1.4638554553262977,1.0572289399578816,0.2593856655290102,0.71585903,0.468852459,0.141304347,97.02559386022928,3.0903615167999616,3.559085143648244,3.2526062004243297,3.0071846613004602,2.3963608741760254,107.70126034373011,116.85084659452579,2.8165013477431664,66.4135862937063,58.95822861411315,-0.8940177368086456,3.0071846613004602,3.297769344793242,"Spencer Schwellenbach",31846,680885
2025,"Brock Stewart","- - -",2,2,0,43,0,37.2,10.513276643206105,3.106195371856349,0.7168143165822344,0.30526315789473685,0.84821429,0.37113402,0.0625,96.21346881200397,2.628319160801526,2.7296901275372463,3.1882336749906566,4.117529996873937,0.6844536438584328,109.64459749061268,109.12187617913727,3.5089940983606556,58.96817567213114,59.34831601639343,-0.4323560983606555,4.117529996873937,3.288700689054018,"Brock Stewart",16727,592779
2025,"Sonny Gray","STL",14,8,0,32,32,180.2,10.012915692933463,1.892989036474983,1.2453875239966994,0.3292181069958848,0.69633508,0.438735177,0.14450867,91.69117647058823,4.284133082548646,3.8669103491079917,3.3897488786683345,3.0671708243031417,3.5670740604400635,101.62135743268169,103.92995942456662,3.7898765528634364,55.94824661160059,53.49840727239353,-0.24510089941262853,3.0671708243031417,3.288148920828471,"Sonny Gray",12768,543243
2025,"Ron Marinaccio","SDP",0,0,0,7,0,10.2,10.125000603497064,3.375000201165688,0,0.23076923076923078,0.9,0.44,0,94.10107421875,0.843750050291422,1.823119955584253,2.010136251151558,3.6000550142999708,0.21433381736278534,104.17660606060606,101.28860606060606,3.5941395180722893,58.05270421686746,54.9955928313253,-0.37559132530120476,3.6000550142999708,3.28807983697169,"Ron Marinaccio",23488,676760
2025,"Connor Phillips","CIN",5,0,0,21,0,25,11.520001757812768,4.320000659179788,1.080000164794947,0.16326530612244897,0.76923077,0.307692307,0.115384615,98.05274476396276,2.880000439453192,3.939571497767791,3.8151364219665687,3.8585453159765626,0.18578363955020905,113.87862068965516,99.4627586206897,4.250814456233423,50.99242244031829,61.18534021220158,0.062191405835543764,3.8585453159765626,3.2738699142540644,"Connor Phillips",27649,683175
2025,"Jordan Wicks","CHC",0,1,1,8,0,14.1,8.162790878712652,0.627906990670204,1.255813981340408,0.43137254901960786,0.58558559,0.461538461,0.125,94.27380087209302,6.2790699067020395,3.976667846139192,3.3444386484301885,3.2514964861395232,0.1402435451745987,106.54351851851852,116.01499999999999,3.056519585253456,63.83299341013824,56.484364147465435,-0.7340043778801844,3.2514964861395232,3.27154574506239,"Jordan Wicks",30094,696136
2025,"Caleb Thielbar","CHC",3,4,1,67,0,58,8.68965745851121,2.017241910011531,0.775862273081358,0.22602739726027396,0.77272727,0.406666666,0.073529411,92.85423344017094,2.6379317284766173,2.4802919296072687,2.997205247436768,3.684072211002059,1.1103848218917847,113.07904761904761,113.07747619047612,3.6195466309523816,57.77955079761903,46.424581511904755,-0.3586538571428571,3.684072211002059,3.241080684155702,"Caleb Thielbar",10078,573204
2025,"Nick Burdi","BOS",0,0,0,4,0,5.1,8.43750050291422,3.375000201165688,0,0.35714285714285715,1,0.571428571,0,94.8283755653783,0,4.812671054316769,2.385136273503301,2.9632885510118148,0.07523445039987564,102.72371134020618,86.00288659793813,5.3771553012048185,38.882461325301215,49.95393662650602,0.8130855421686746,2.9632885510118148,3.2333814197155784,"Nick Burdi",16074,595897
2025,"Gerson Garabito","TEX",0,0,0,3,0,8,9.000001072883734,1.1250001341104667,1.1250001341104667,0.4827586206896552,0.36144578,0.433333333,0.166666666,93.883515625,9.000001072883734,5.979388491863813,3.885136407613765,3.4164408378368045,0.02549225650727749,90.27041322314051,95.39867768595043,3.894735041322314,54.820822314049586,50.57939074380165,-0.17519396694214875,3.4164408378368045,3.2141293356457203,"Gerson Garabito",19835,642520
2025,"Jeff Hoffman","TOR",9,7,33,71,0,68,11.117648306190077,3.573529812703953,1.985294340391085,0.2484076433121019,0.796875,0.394117647,0.2,96.35514322916667,4.367647548860387,3.7462716722675578,4.899842398554418,3.7326429824450904,-0.37737658619880676,109.83361264822143,106.59897233201589,4.0345858067375895,53.31722300531915,63.35720328900708,-0.08196148936170211,3.7326429824450904,3.213797962323896,"Jeff Hoffman",17432,656546
2025,"Taylor Rashi","ARI",0,1,2,10,0,16.1,12.122449923336257,4.4081636084859115,0,0.38095238095238093,0.66666667,0.428571428,0,89.93045558286516,4.4081636084859115,3.744305936647861,1.9106464269607009,2.9489607402071214,0.415275901556015,84.59429467084638,90.78608150470215,5.87606946708464,33.518344796238246,31.790068213166144,1.1456952037617554,2.9489607402071214,3.2126487376987987,"Taylor Rashi",26344,688497
2025,"Brandon Walter","HOU",1,3,0,9,9,53.2,8.720497307652884,0.6708074852040681,1.6770187130101701,0.2517482517482518,0.84615385,0.447368421,0.185185185,91.69186032046179,3.3540374260203403,3.2531603656048858,4.01091275722321,3.13986780288265,0.8265148997306824,96.75628078817732,104.71839901477836,3.8658552392638037,55.131358171779134,46.96009819631902,-0.19444868711656443,3.13986780288265,3.2093680174410424,"Brandon Walter",26056,687888
2025,"Logan Henderson","MIL",3,0,0,5,5,25.1,11.723684798977741,2.8421054058127857,1.0657895271797946,0.2545454545454545,0.96153846,0.228070175,0.096774193,93.07905783582089,1.7763158786329911,3.683590994758677,3.016715259631255,3.363843649106018,0.8123263716697693,101.57149038461536,107.36807692307691,3.254419365853659,61.705261731707324,51.1730978292683,-0.6020717317073171,3.363843649106018,3.195723061608523,"Logan Henderson",31475,701656
2025,"Emmet Sheehan","LAD",6,3,0,15,12,73.1,10.922727888261026,2.700000152154411,0.8590909575036761,0.24561403508771928,0.69620253,0.331460674,0.0875,95.43712832322761,2.822727431797793,2.998216316758176,2.9305908521344834,3.3715792203979396,2.0811538696289062,101.24966460725415,109.48057841478236,3.9221377835951134,54.52622438917976,56.74409667539267,-0.15692624781849915,3.3715792203979396,3.195688766373889,"Emmet Sheehan",29839,686218
2025,"Emilio Pagán","CIN",2,4,32,70,0,68.2,10.616505247560713,2.8834952524238977,1.3106796601926807,0.2,0.76470588,0.286585365,0.107526881,95.71937117737004,2.8834952524238977,2.884330498141222,3.7176606116257567,3.9125405646087312,1.0349700450897217,111.91433678269044,105.14793979303857,3.5549307372400762,58.47427748582229,58.876185642722135,-0.4017314933837429,3.9125405646087312,3.1814160543127117,"Emilio Pagan",14771,641941
2025,"Bradgley Rodriguez","SDP",1,0,0,7,0,7.2,10.565219581690991,3.521739860563664,0,0.25,0.9,0.5625,0,98.36282113882211,1.1739132868545545,2.288436428850488,3.1351363182067873,4.341715162542353,0.10285652428865433,104.34818897637795,85.59826771653542,5.8050419531249995,34.282013125,63.414881093750004,1.098342734375,4.341715162542353,3.1769575109277146,"Bradgley Rodriguez",29107,699134
2025,"Raisel Iglesias","ATL",4,6,29,70,0,67.1,9.7574264796362,2.138614022933962,1.069307011466981,0.25748502994011974,0.76124567,0.304597701,0.09090909,94.83298498376624,3.2079210344009423,3.124050026451968,3.313354153451284,3.783746164755102,0.9988003373146057,96.84883575883576,102.73471933471933,3.771536635610766,56.145418250517594,47.111475103519666,-0.2573271946169772,3.783746164755102,3.1727089304274383,"Raisel Iglesias",17130,628452
2025,"Justin Hagenman","NYM",0,1,1,9,1,23.2,8.746479460654424,0.7605634313612543,1.5211268627225085,0.2898550724637681,0.65420561,0.383561643,0.133333333,92.9466069539388,4.563380588167526,4.150086237292082,3.768939177674499,3.5260735040609057,0.17119549214839935,99.84356984122961,110.07297827574844,4.132369921671019,52.265889947780686,47.41001451697127,-0.01677146214099218,3.5260735040609057,3.1726563716497864,"Justin Hagenman",21546,663795
2025,"Nathan Eovaldi","TEX",11,3,0,22,22,130,8.930769230769231,1.4538461538461538,0.6923076923076923,0.24316109422492402,0.86538462,0.503012048,0.096153846,94.3563387784091,1.7307692307692308,3.019513802275403,2.7966747797452487,3.0300662315808813,3.7312192916870117,99.53720250521926,104.93618997912314,4.010230583333333,53.579075531250005,46.23225047916667,-0.09819806770833332,3.0300662315808813,3.1723694176830413,"Nathan Eovaldi",9132,543135
2025,"Cristian Mena","ARI",1,0,0,3,0,6.2,10.80000102996836,4.050000386238135,1.350000128746045,0.14285714285714285,1,0.533333333,0.25,95.23683324353448,1.350000128746045,3.0522396782554115,4.035136404037484,3.010179895166739,0.050377752631902695,93.85405940594062,92.64514851485148,4.112457702702702,52.479884324324324,62.63259918918919,-0.03004486486486488,3.010179895166739,3.1690372072734565,"Cristian Mena",27974,691441
2025,"Dylan Dodd","ATL",1,0,0,28,0,35,7.714287395866917,1.2857145659778193,1.2857145659778193,0.24210526315789474,0.74074074,0.52,0.147058823,93.73086144179894,3.6000007847378943,3.421657712361519,3.7922793185954506,3.432826003184114,0.15408547222614288,102.58038674033146,101.39342541436471,3.929940932835821,54.44232024253732,45.73360432835821,-0.15172468283582088,3.432826003184114,3.1557695910274415,"Dylan Dodd",29928,689266
2025,"A.J. Minter","NYM",0,0,0,13,0,11,11.45454744071049,4.090909800253747,0,0.24,0.81818182,0.48,0,94.79664370888158,1.6363639201014988,3.191046791696484,1.953317931466816,3.214741225932712,0.32283085584640503,109.71728260869563,106.6375,3.5143979032258064,58.9100358064516,61.85555650537634,-0.42875295698924737,3.214741225932712,3.1511965822885473,"A.J. Minter",18655,621345
2025,"Logan Webb","SFG",15,11,0,34,34,207,9.73913043478261,2,0.6086956521739131,0.3462897526501767,0.74257426,0.532399299,0.098591549,92.74687801640927,3.217391304347826,3.5831788373531785,2.6037353520232127,2.782126572800144,5.528478622436523,105.81324159021406,110.7442385321101,3.351377166361974,60.66278809262646,55.157822565508845,-0.5374333851310177,2.782126572800144,3.136037035241155,"Logan Webb",17995,657277
2025,"Louis Varland","- - -",4,3,0,74,1,72.2,9.288992126043775,2.7247710236395073,0.743119370083502,0.3089005235602094,0.76923077,0.525773195,0.122448979,98.12869497445914,2.972477480334008,3.999283275710889,3.1351363182067873,3.1013550257474947,1.2416552603244781,109.39182784653664,111.54932216694955,3.207111594746717,62.21388073170734,66.81759186679174,-0.6336104221388368,3.1013550257474947,3.1290402668672,"Louis Varland",27691,686973
2025,"Drew Pomeranz","CHC",2,2,1,57,4,49.2,10.32886097758868,2.7181213098917585,0.9060404366305861,0.2727272727272727,0.8627451,0.384,0.094339622,92.60987083609018,2.1744970479134067,3.4772720121700553,3.3566128693831527,3.693099851654312,0.6839758902788162,110.21640705528347,111.07016634065724,3.635186803995006,57.61140043695381,49.46972752808989,-0.3482268664169788,3.693099851654312,3.1278071650970793,"Drew Pomeranz",11426,519141
2025,"Touki Toussaint","LAA",0,0,0,1,0,2,13.5,4.5,0,0.5714285714285714,0.6,0.428571428,0,,9,3.4749185666173465,1.6351363182067873,2.4060059756040575,0.031969279050827026,89.7786046511628,79.55906976744185,6.29927,28.96826,39.49789,1.42783,2.4060059756040575,3.12553336306468,"Touki Toussaint",16929,657053
2025,"Rico Garcia","- - -",0,2,0,29,1,34.1,9.96116652422659,2.6213596116385762,1.3106798058192881,0.29213483146067415,0.85294118,0.483870967,0.151515151,95.38507397143871,3.145631533966292,3.2011257426718545,3.6885344584415978,3.2771964573555756,0.2595395090756938,106.65938414276536,107.531070461083,4.012702793867121,53.55251534923339,56.87394550255537,-0.09655003407155026,3.2771964573555756,3.117702211608085,"Rico Garcia",20023,670329
2025,"Shelby Miller","- - -",4,3,10,48,0,46,10.565218048420245,2.934782791227846,0.978260930409282,0.25925925925925924,0.77777778,0.339285714,0.102040816,95.19647642623546,2.7391306051459896,3.5031916402249688,3.4394841632230078,3.66872823019703,0.6360309440642595,105.04139688984321,108.07975373804412,3.3375750354609925,60.81119049645392,57.837590595744686,-0.5466349219858155,3.66872823019703,3.1080307011211676,"Shelby Miller",10197,571946
2025,"Chris Martin","TEX",2,6,2,49,0,42.1,9.141734205595585,1.700787759180574,1.2755908193854306,0.31896551724137934,0.77981651,0.426229508,0.139534883,94.89367228403141,2.9763785785660044,3.774481423110095,3.5839553102127715,3.307454241119233,0.5514674782752991,109.00683291770575,118.43299251870323,3.278910761904762,61.441930523809525,40.88966980952381,-0.5857450634920633,3.307454241119233,3.1056661268027725,"Chris Martin",11847,455119
2025,"Matt Svanson","STL",4,0,0,39,0,60.1,10.1436479053294,2.9834258545086474,0.44751387817629706,0.2158273381294964,0.81439394,0.421428571,0.057692307,96.5569356282552,1.9392268054306208,3.0843252437618975,2.7207716161916973,3.4031547727085174,0.9913101196289062,105.17493801652893,104.25283057851236,3.634591015544042,57.61781261139896,54.5249636476684,-0.3486244352331607,3.4031547727085174,3.1018192936371896,"Matt Svanson",29629,694335
2025,"Paul Skenes","PIT",10,10,0,32,32,187.2,10.358792746226051,2.0142097006550657,0.5275311120763266,0.27292576419213976,0.82443654,0.443254817,0.06321839,98.23233492080479,1.966252326829945,2.6524270787352653,2.362489739913177,3.029963883239011,6.502514839172363,110.12291917167666,121.19911155644623,3.193665528862195,62.35845335669,55.868436229562896,-0.6425749616282952,3.029963883239011,3.096647333859409,"Paul Skenes",33677,694973
2025,"Zach Maxwell","CIN",0,0,0,8,0,10,11.700001115799056,3.6000003433227867,2.70000025749209,0.30434782608695654,0.91836735,0.307692307,0.333333333,99.47866981907895,4.500000429153483,3.8811055907745367,5.635136556625389,3.122701700336016,-0.0979810282588005,109.41987878787879,107.35842424242423,3.752852909090909,56.34629278787878,72.03988690909091,-0.26978193939393935,3.122701700336016,3.0962950444891506,"Zach Maxwell",31610,687209
2025,"Bubba Chandler","PIT",4,1,1,7,4,31.1,8.904255680500423,1.1489362168387642,0.5744681084193821,0.27380952380952384,0.61643836,0.465116279,0.071428571,98.64282912901606,4.0212767589356755,3.6631266172105086,2.6564128945239687,3.2043501767894607,0.9471743442118168,105.29662869374091,110.94437373403628,3.418498751428638,59.94113530193829,64.55474339584354,-0.4926864219905302,3.2043501767894607,3.091162375007186,"Bubba Chandler",29868,696149
2025,"Braydon Fisher","TOR",7,0,0,52,1,50,11.160002341461674,3.4200007175447062,0.7200001510620434,0.24561403508771928,0.80578512,0.367521367,0.074074074,95.548583984375,2.7000005664826627,3.323818025820268,3.01513629302978,3.640214884154591,0.8120140731334686,111.48850287364971,102.45963542262203,4.81566634730539,44.91936530538921,46.321371293413186,0.43875928143712567,3.640214884154591,3.0896730600305187,"Braydon Fisher",24609,680755
2025,"Trevor McDonald","SFG",1,0,0,3,2,15,8.4,1.2,0.6,0.27906976744186046,0.66176471,0.53488372,0.1,,1.8,3.2190664222479333,2.535136318206787,2.6962958614031476,0.4225101317279041,97.82413714932407,108.1668246111951,3.853847230046948,55.26047018779343,53.851952206572776,-0.20245464788732395,2.6962958614031476,3.0768453558327082,"Trevor McDonald",26448,686790
2025,"Sean Manaea","NYM",2,4,0,15,12,60.2,11.12637461750517,1.7802199388008273,1.9285716003675628,0.3141025641025641,0.68471338,0.363636363,0.19402985,91.67016893946482,5.637363139535953,4.002174147719213,4.387883682548111,3.3048594227415804,0.44398920238018036,110.10775399162178,105.97532093864584,3.502248246575343,59.04072531506849,45.73050320547945,-0.43685356164383554,3.3048594227415804,3.0744638919409133,"Sean Manaea",15873,640455
2025,"Adrian Morejon","SDP",13,6,3,75,0,73.2,8.552038265738089,2.0769235788221074,0.2443439504496597,0.23857868020304568,0.68037975,0.53125,0.036363636,96.61758915070564,2.0769235788221074,2.6323855320956833,2.2799324916329784,3.0780638471348434,2.243201494216919,126.2577689243028,121.93187250996019,2.2575435099999996,72.42325068,66.75193844,-1.2666557899999995,3.0780638471348434,3.067793920046633,"Adrian Morejon",20039,670970
2025,"Daniel Palencia","CHC",1,6,22,54,0,52.2,10.424051891284881,2.7341775452550507,0.8544304828922034,0.29770992366412213,0.78181818,0.388059701,0.096153846,99.58150478369384,2.9050636418334914,3.2530750220122884,3.0781742860139736,3.366220732862064,0.9513782262802124,112.31288018433185,111.19315668202768,3.539548026159333,58.63966004756242,58.74528587395955,-0.4119859215219977,3.366220732862064,3.0639259165293815,"Daniel Palencia",27914,694037
2025,"Hunter Greene","CIN",7,4,0,19,19,107.2,11.034055988183178,2.1733746643391108,1.2538699986571793,0.24489795918367346,0.82926829,0.329457364,0.119047619,99.40799894403379,2.7585139970457946,3.0333518537559736,3.274455206946474,3.2675742810636224,2.904505968093872,119.88305220883531,121.00797475616751,2.409293586956522,70.79169885583522,66.93015029748284,-1.1654895594965675,3.2675742810636224,3.063146979971768,"Hunter Greene",22182,668881
2025,"Reid Detmers","LAA",5,3,3,61,0,63.2,11.308901652880529,3.5340317665251653,0.8481676239660397,0.33986928104575165,0.7310705,0.445859872,0.122448979,95.97306495221328,3.958115578508185,3.601541603035342,3.1194295103555643,3.080872853493719,1.2086458206176758,114.76621004566215,122.89598173515978,2.8560033870967745,65.98885680265653,54.17412083491461,-0.8676827419354836,3.080872853493719,3.058339628852864,"Reid Detmers",27468,672282
2025,"Justin Lawrence","PIT",1,0,0,17,0,17.2,11.716982818744993,4.075472284780867,0,0.25,0.94736842,0.472222222,0,94.90545654296875,0.5094340355976084,2.952622576816706,2.2294758104777057,3.538499945436496,0.482041597366333,103.13437037037038,100.63637037037034,3.8696897416974165,55.090113321033215,69.12602944649447,-0.1918919557195572,3.538499945436496,3.0564651728636365,"Justin Lawrence",17639,664875
2025,"Steven Okert","HOU",3,2,1,68,1,71.2,10.5488395488738,2.386047040816693,0.7534885392052715,0.23636363636363636,0.71180556,0.245508982,0.063829787,91.96962320777317,3.013954156821086,2.632446781495859,2.7583920486041515,3.692208473254837,1.5918453335762024,112.2512263188276,111.4570772582537,3.245207901234567,61.80429432098769,55.84818576448244,-0.6082132383665718,3.692208473254837,3.0544829827690503,"Steven Okert",13580,595345
2025,"Brad Keller","CHC",4,2,3,68,1,69.2,9.68899663007039,2.842105678153981,0.5167464869370875,0.24260355029585798,0.81602374,0.561403508,0.078431372,,2.06698594774835,2.7907016772882582,2.9341793510645866,3.3164096229703612,1.2831206172704697,107.53258158460139,98.33674189893156,3.912412477558348,54.63078354578097,54.42207609515259,-0.1634099102333931,3.3164096229703612,3.040436372471771,"Brad Keller",15734,641745
2025,"Nolan McLean","NYM",5,1,0,8,8,48,10.6875,3,0.75,0.27522935779816515,0.84051724,0.610619469,0.142857142,95.71808235012755,2.0625,3.561065046050801,2.968469651540121,2.784484251836936,1.2067679166793823,108.5254397834912,109.39328822733422,3.4454011216216216,59.65190605405406,64.8525566891892,-0.47475177027027027,2.784484251836936,3.039959244222899,"Nolan McLean",33703,690997
2025,"Bryan King","HOU",5,4,2,68,0,68,9.132354990421742,1.4558826796324515,1.3235297087567741,0.27624309392265195,0.8852459,0.409574468,0.144927536,91.93592201791158,2.779412388389226,3.059176938237541,3.67925408736235,3.3319012553129337,0.7030428051948547,101.4174585635359,106.11694290976058,3.0362339483747607,64.05107914913957,49.543768824091785,-0.7475285946462716,3.3319012553129337,3.0320949890252993,"Bryan King",25890,687911
2025,"Manuel Rodríguez","TBR",1,2,0,31,0,30.1,7.417583194940503,1.7802199667857208,0.5934066555952403,0.27586206896551724,0.79470199,0.602272727,0.1,96.92884347098214,2.076923294583341,3.0680689579919314,3.036235208940914,3.1956237848499285,0.6747832298278809,108.14252927400467,107.53934426229507,3.812897958236658,55.70072016241299,62.99084220417632,-0.22975236658932718,3.1956237848499285,3.025285495532913,"Manuel Rodriguez",20794,655889
2025,"Cristopher Sánchez","PHI",13,5,0,32,32,202,9.445544554455445,1.9603960396039604,0.5346534653465347,0.29831144465290804,0.79823702,0.58302583,0.092307692,,2.495049504950495,3.0239149292162284,2.5509779023652035,2.7709091445597096,6.400233268737793,117.57642411642414,116.17318087318085,3.0370005557473245,64.0428556851916,59.96666947186744,-0.7470181221953742,2.7709091445597096,3.020819212022765,"Cristopher Sanchez",20778,650911
2025,"Freddy Tarnok","MIA",1,0,1,5,0,7.1,12.272727804735695,4.909091121894278,1.2272727804735695,0,0.86956522,0.692307692,0.333333333,95.2817715731534,2.454545560947139,2.5108432945250936,4.226045456405516,3.0840296720436857,0.01351338904350996,97.13100775193799,89.01209302325582,5.549516000000001,37.02931176923077,46.044463923076925,0.9279926923076923,3.0840296720436857,3.0171971677697953,"Freddy Tarnok",23324,676206
2025,"Colin Selby","BAL",0,2,0,11,0,14,9.000000613076388,1.285714373296627,1.285714373296627,0.3333333333333333,0.85526316,0.477272727,0.142857142,95.73058319091797,3.214285933241567,3.5090493802559624,3.4208506233838154,3.105447059550336,0.08596513420343399,96.78355140186916,95.25850467289716,4.39950546728972,49.3937203271028,55.3803494859813,0.16131929906542056,3.105447059550336,3.0171420221667415,"Colin Selby",24986,681882
2025,"Matt Brash","SEA",1,3,4,53,0,47.1,11.02817108791506,3.4225358548701914,0.760563523304487,0.3162393162393162,0.83032491,0.547008547,0.121212121,95.75521047491776,2.4718314507395824,3.251436361537557,3.050629260061844,3.026912299015001,0.7659394145011902,103.63776900296146,99.2606910167818,3.9247017719950423,54.49863638166047,70.88056488228004,-0.15521666666666664,3.026912299015001,2.989585369576175,"Matt Brash",25756,666374
2025,"Andrés Muñoz","SEA",3,3,38,64,0,62.1,11.983957463717486,4.0427808311336095,0.28877005936668637,0.24817518248175183,0.76687117,0.514705882,0.047619047,98.5158176369863,1.7326203562001183,2.8119916811941903,2.4292539508659985,3.0509606676346346,1.9050965309143066,120.36546737213399,109.12052910052913,4.25375998046875,50.96076041992186,61.40640928710938,0.06415506835937498,3.0509606676346346,2.9807960045490356,"Andres Munoz",20373,662253
2025,"Will Vest","DET",6,5,23,64,0,68.2,9.830098543644661,2.883495572802434,0.5242719223277152,0.3131868131868132,0.73979592,0.581521739,0.083333333,96.84275377516778,3.0145635533843627,2.875878297391482,2.7128061585539056,3.0332453386968257,1.7659273147583008,105.61250221043323,112.7787267904509,3.289799928825623,61.32486483985763,55.76541737544485,-0.5784851512455516,3.0332453386968257,2.977182002571084,"Will Vest",19769,676684
2025,"Robert Suarez","SDP",4,6,40,70,0,69.2,9.688995569000813,2.06698572138684,0.775119645520065,0.2411764705882353,0.72438163,0.362068965,0.084507042,98.6495388215859,2.9712919744935826,3.6462500649818272,2.8767631030334324,3.3283921819659374,1.912063479423523,107.36421052631582,112.24073868882738,2.4200275510204077,70.67628202226345,64.85985280148421,-1.1583330426716139,3.3283921819659374,2.975311946280409,"Robert Suarez",30115,663158
2025,"Bennett Sousa","HOU",5,1,4,44,0,50.2,10.480264472994612,2.6644740185579523,0.7105264049487873,0.2727272727272727,0.73275862,0.387096774,0.075471698,95.00707097457627,2.842105619795149,2.880453464959033,2.7206625819866614,3.3070873335491378,1.091772198677063,110.13795013850411,107.7680886426593,3.8218712225274727,55.604250796703305,54.058150109890086,-0.22377076923076925,3.3070873335491378,2.9543816824758973,"Bennett Sousa",21345,656986
2025,"Trevor Megill","MIL",6,3,30,50,0,47,11.489362634647664,3.2553194131501715,0.5744681317323832,0.29464285714285715,0.75819672,0.392857142,0.069767441,99.07513534813596,2.4893619041736605,3.225334990579315,2.4968383940596945,3.0775786653684936,1.5518964529037476,125.494414893617,122.75888297872348,1.485546945551129,80,78.94018343957504,-1.7813203320053115,3.0775786653684936,2.926493217100369,"Trevor Megill",17722,656730
2025,"Brandon Woodruff","MIL",7,2,0,12,12,64.2,11.551546846037672,1.948453684873824,1.2525773688474584,0.24324324324324326,0.72874494,0.339743589,0.11392405,92.96900860191637,3.2010310537212825,2.204293756764957,3.166064154474626,3.2402508460844484,1.767730474472046,97.31071129707114,101.84523012552303,3.703830580912864,56.873381265560155,41.53941165975104,-0.30246434647302906,3.2402508460844484,2.9032465270565457,"Brandon Woodruff",16162,605540
2025,"Justin Wrobleski","LAD",5,5,2,24,2,66.2,10.260000391387955,2.2950000875473062,0.810000030899049,0.33146067415730335,0.66579634,0.505555555,0.125,96.0137911977492,4.320000164794928,3.412140134818393,2.925136310195923,2.865188614561169,1.5189756453037262,101.43301881545794,109.53181645878435,3.5059628388278385,59.000744917582416,48.97755262820513,-0.4343762820512821,2.865188614561169,2.8945340411927476,"Justin Wrobleski",31204,680736
2025,"Tyler Rogers","- - -",4,6,0,81,0,77.1,5.586207263960165,0.8146552259941907,0.4655172719966804,0.2594142259414226,0.78947368,0.620833333,0.09090909,,1.9784484059858918,2.6673093923944133,2.8765156115419654,3.081298338600654,1.3047574162483215,137.27442338238976,130.38359063405866,2.3528092638036813,71.39898964212679,52.134150388548065,-1.2031457157464216,3.081298338600654,2.8920885806048027,"Tyler Rogers",15541,643511
2025,"Abner Uribe","MIL",3,2,7,75,0,75.1,10.752213115335186,3.2256639346005556,0.47787613845934157,0.27485380116959063,0.84183673,0.532163742,0.09090909,99.552138671875,1.6725664846076955,2.753989376976583,2.750180540003429,2.9603999769971163,1.6883260011672974,115.08548109965638,110.57747422680414,3.607947349914236,57.90426656946826,70.78344616638078,-0.36638650085763286,2.9603999769971163,2.8859958853726715,"Abner Uribe",25327,682842
2025,"Aaron Ashby","MIL",5,2,3,43,1,66.2,10.260001565551997,3.2400004943848413,0.40500006179810516,0.3128834355828221,0.84832905,0.619631901,0.081081081,96.838974609375,2.160000329589894,3.1005659391529226,2.7001362518310446,2.970801612842271,1.2408712953329086,119.85179560974338,116.85305105686518,3.4354737463697953,59.75862506292352,60.64945787028074,-0.4813687415295257,2.970801612842271,2.885788743611208,"Aaron Ashby",23550,676879
2025,"Chris Sale","ATL",7,5,0,21,20,125.2,11.816976187106349,2.2917771999236556,0.7877984124737566,0.3127147766323024,0.82561728,0.39,0.093220338,94.8563668079174,2.5782493499141124,2.852859111236814,2.6735978543332735,2.9833477695270885,3.6004711240530014,116.20537235096664,112.9956814499735,3.509595898572132,58.96169171836534,49.25104114721811,-0.4319538552437224,2.9833477695270885,2.880285647006711,"Chris Sale",10603,519242
2025,"José Alvarado","PHI",4,2,7,28,0,26,11.076924702119783,2.4230772785887025,1.3846155877649728,0.32857142857142857,0.78231293,0.458333333,0.173913043,99.62188720703125,3.8076928663536758,3.640010120033764,3.5966748474617782,2.9605210710594845,0.3494435250759125,120.35251101321586,125.75180616740086,3.3877853610503275,60.27136417943107,73.0288707002188,-0.5131613566739606,2.9605210710594845,2.865595440392155,"Jose Alvarado",17780,621237
2025,"Fernando Cruz","NYY",3,4,2,49,0,48,13.500003218651585,4.500001072883862,0.9375002235174712,0.2916666666666667,0.73584906,0.37,0.135135135,93.89872472426471,3.5625008493663906,3.3996578057680096,3.176802994807564,3.0110603437788948,0.776668131351471,100.6730973451328,93.79876106194693,4.794415145018915,45.147870630517026,61.479679873896615,0.42459142496847413,3.0110603437788948,2.858324664929581,"Fernando Cruz",7048,518585
2025,"Logan Gilbert","SEA",6,6,0,25,25,131,11.885496183206106,2.1297709923664123,1.3740458015267176,0.27631578947368424,0.78070175,0.389408099,0.148148148,95.47628035491906,3.435114503816794,3.084206169207837,3.3488767762220544,2.952959276201161,2.5506298542022705,104.06592044403331,108.82713228492139,3.6627028200371057,57.31556557050093,55.203914675324675,-0.3298831447124304,2.952959276201161,2.8564570889485434,"Logan Gilbert",22250,669302
2025,"Garrett Crochet","BOS",18,5,0,32,32,205.1,11.176948328809573,2.0162338161774134,1.051948078005607,0.29012345679012347,0.84257206,0.483101391,0.14117647,96.54952505506608,2.586039025097117,2.88012613853992,2.8867596886776856,2.643719180295724,5.780231475830078,117.01030862233536,114.58281259942733,3.1332129673119637,63.00842089178038,62.01396093621075,-0.6828764646144081,2.643719180295724,2.8551850604159803,"Garrett Crochet",27463,676979
2025,"Mason Black","SFG",0,0,0,1,0,4,11.25,0,4.5,0.25,0,0.357142857,0.25,92.91758991109914,6.75,4.554715489030665,7.135136318206787,3.718614947795868,-0.0670703575015068,93.81675675675676,100.79216216216214,3.96641,54.05024,39.84666,-0.12741,3.718614947795868,2.8531614713155804,"Mason Black",30171,696131
2025,"Jose A. Ferrer","WSN",4,4,11,72,0,76.1,8.371180433778127,1.8864631963443668,0.5895197488576146,0.3377777777777778,0.64948454,0.625570776,0.111111111,96.9155502319336,4.480350091317871,3.5606082313034864,3.030332807298767,3.0876900548326898,1.3798214197158813,122.26729235880391,114.16255813953495,3.1242398680956307,63.10487952184667,61.85471812860674,-0.6888579802143444,3.0876900548326898,2.8511238044747556,"Jose A. Ferrer",24017,678606
2025,"Dylan Lee","ATL",2,4,2,74,0,68.1,10.009757960204698,1.8439027821429708,1.71219544056133,0.24539877300613497,0.81967213,0.370588235,0.173333333,94.04249750181685,3.292683539541019,2.9348936529893326,3.9985511130197655,3.2175331424602556,0.31619635224342346,109.02718835304823,113.59095541401277,3.526601332728922,58.77885996373528,51.63830119673617,-0.4206171804170445,3.2175331424602556,2.8459747925072896,"Dylan Lee",19996,669276
2025,"Tommy Nance","TOR",2,0,0,30,0,31.2,9.094738668088144,1.9894740836442815,0,0.29069767441860467,0.66666667,0.529411764,0,,1.9894740836442815,3.874319702261334,1.8719781698612117,2.845708458914936,0.7562869191169739,108.33960954446852,109.39822125813446,3.565469783080261,58.36098091106291,63.731142364425175,-0.3947051626898047,2.845708458914936,2.842729496707974,"Tommy Nance",19178,667297
2025,"Ronny Henriquez","MIA",7,1,7,69,0,73,12.082194306296635,3.328767819081726,0.9863015760242151,0.2710843373493976,0.83791209,0.397660818,0.101265822,96.68015579312865,2.2191785460544837,2.9631386004389793,3.1488349512071236,3.3926350825614175,1.3445810079574585,109.17925798101815,109.00303710094917,3.4152179758828596,59.976413307493544,70.71658187769164,-0.4948732213608959,3.3926350825614175,2.8395258109439743,"Ronny Henriquez",24094,678692
2025,"Alex Vesia","LAD",4,2,5,68,0,59.2,12.067041934934249,3.3184365321069187,1.357542217680103,0.23140495867768596,0.83657588,0.285714285,0.132352941,92.68598533163265,3.016760483733562,3.0653249624566623,3.7720079758838727,3.5681801080912945,0.9717240929603577,117.35287401574801,113.8322244094488,3.422463076171874,59.89851371093748,56.04576943359372,-0.49004308593750007,3.5681801080912945,2.838246818353838,"Alex Vesia",25007,681911
2025,"Edwin Uceta","TBR",10,3,1,70,0,76,12.197369645507175,3.1973687420261525,1.3026317097143585,0.29651162790697677,0.78431373,0.316666666,0.1375,93.88512936487854,3.789474064623588,3.871023809312255,3.6877679526310607,3.4290724685504466,0.8615763783454895,102.98797498045352,105.35044566067235,4.192428760469012,51.62016623953099,55.62510721943049,0.023267345058626474,3.4290724685504466,2.83579516898636,"Edwin Uceta",20539,670955
2025,"Garrett Whitlock","BOS",7,3,1,62,0,72,11.3750012053385,3.0000003178914727,0.25000002649095604,0.30409356725146197,0.77306733,0.450867052,0.033333333,,2.2500002384186044,2.7892535095283804,2.176802883324789,3.100474632418242,2.2452890872955322,110.17424793388432,108.4358016528926,3.3378294576271186,60.80846306779661,56.97959865254237,-0.5464655762711865,3.100474632418242,2.831546499769602,"Garrett Whitlock",20191,676477
2025,"Phil Maton","- - -",4,5,5,63,0,61.1,11.885871659774555,3.3750005947507993,0.44021746888053903,0.291044776119403,0.75221239,0.444444444,0.069767441,,2.7880439695767474,2.863350219132632,2.5970927451305728,3.0421165822955785,1.5362759828567505,109.91962227598306,108.72170438220054,3.594086045589693,58.053288622398405,63.910059633300314,-0.37562772051536175,3.0421165822955785,2.800257958996375,"Phil Maton",18064,664208
2025,"Ryan Burr","TOR",1,0,0,2,0,2,13.500006437304705,4.500002145768235,0,0.25,1,0.5,0,93.88928985595703,0,2.017182864217771,1.635135602950709,3.1768756529041933,0.05930504947900772,97.78923076923077,106.9323076923077,2.8805230769230765,65.72520692307693,51.601466153846154,-0.8513346153846154,3.1768756529041933,2.785755214929581,"Ryan Burr",17536,621114
2025,"Jesse Scholtens","TBR",0,1,0,2,0,8.1,12.960000494384785,3.240000123596196,1.080000041198732,0.36363636363636365,0.47169811,0.391304347,0.125,95.05145160222457,5.40000020599366,3.1702513759829642,2.8951363090515136,2.815206048205175,0.10311102122068405,94.28325301204818,106.09963855421687,4.072457012987013,52.91008688311688,44.881416753246754,-0.05671532467532465,2.815206048205175,2.7718387524735744,"Jesse Scholtens",19205,669947
2025,"Brent Headrick","NYY",0,0,0,17,0,23,11.739133355298256,2.7391311162362597,1.565217780706434,0.26,0.87628866,0.25,0.16,93.84719718215813,3.130435561412868,3.109822558800673,3.830788665187425,3.245722557452137,0.11529889702796936,108.89391780821916,100.4998904109589,3.5482550273224045,58.54606153005465,54.633088469945356,-0.40618188524590154,3.245722557452137,2.7677011614987,"Brent Headrick",27702,687396
2025,"Chase Burns","CIN",0,3,0,13,8,43.1,13.915385329963224,3.323077093722561,1.0384615917883002,0.36,0.64,0.3592233,0.116279069,98.56677522270928,4.569231003868522,3.4643558672880603,2.6505209087055803,2.6804006918437713,1.3736562058329582,115.98569570448413,119.71750081834833,2.359419960784314,71.32791183006536,69.29714386928106,-1.1987375163398692,2.6804006918437713,2.756239166846269,"Chase Burns",35333,695505
2025,"Josh Walker","TOR",0,0,0,3,0,5,14.400002746582555,3.6000006866456387,0,0.5714285714285714,0.63636364,0.357142857,0,93.17354439400337,7.200001373291277,4.052774610850725,1.7351360511779277,3.276875660035962,0.137173593044281,88.33630434782609,89.28608695652174,5.688439239130434,35.53569010869565,44.14162684782609,1.0206072826086956,3.276875660035962,2.7532110649295807,"Josh Walker",23617,677020
2025,"Bryan Baker","- - -",4,4,3,73,0,68.2,10.878641783949638,2.2281555461101665,1.7038836529077745,0.2857142857142857,0.74394464,0.38150289,0.180555555,96.69675660593629,4.0631071723185395,4.005118782764332,3.9215441580103763,3.07696006037182,0.48304085433483124,108.66865582110654,108.71328981989667,3.510561197822142,58.951333339382934,60.849084700544466,-0.43131082577132485,3.07696006037182,2.740986968743611,"Bryan Baker",19804,641329
2025,"Zack Wheeler","PHI",10,5,0,24,24,149.2,11.726058703454148,1.984409934430702,1.142539053157071,0.26666666666666666,0.82372323,0.399425287,0.141791044,95.9765063526694,2.7060135469509574,2.4815738362582778,3.0015060195919254,2.7315265013475694,4.039516925811768,110.59825031393895,120.89949769778146,2.7033366499582288,67.63027331244778,63.247472481203,-0.969460885547201,2.7315265013475694,2.73081445209842,"Zack Wheeler",10310,554430
2025,"Evan Phillips","LAD",0,0,1,7,0,5.2,9.529414437634648,3.176471479211549,0,0.2857142857142857,1,0.642857142,0,95.7119561557112,0,2.218088261439574,2.0763124918029376,2.620455932005606,0.22369952499866486,109.04195652173915,113.34217391304347,3.2733513043478264,61.50168847826086,66.21712760869566,-0.5894496739130435,2.620455932005606,2.724785426906341,"Evan Phillips",17734,623465
2025,"Lazaro Estrada","TOR",0,0,0,2,0,7.1,12.272727804735695,1.2272727804735695,2.454545560947139,0.4,0.58823529,0.238095238,0.222222222,93.55357623922414,8.590909463314986,4.916419399784773,5.180590952329403,3.527270948816847,-0.07151429355144501,97.50033898305084,95.77728813559322,4.126614285714285,52.32768126050421,37.98382176470588,-0.02060714285714285,3.527270948816847,2.7235475899019157,"Lazaro Estrada",24914,681751
2025,"Bryan Abreu","HOU",3,4,7,70,0,71,13.30986058515743,3.9295778870464795,0.5070423080059974,0.3092105263157895,0.84577114,0.348387096,0.06557377,97.24713936237374,2.281690386026988,3.412074852127331,2.3886573647535134,2.9808559946208932,2.233285427093506,112.4533894028595,106.1518250630782,4.187969345088162,51.66809448362721,63.64307209907641,0.020294735516372755,2.9808559946208932,2.7138816850528715,"Bryan Abreu",16609,650556
2025,"Tarik Skubal","DET",13,6,0,31,31,195.1,11.104095852278252,1.520477855291213,0.8293515574315707,0.2727272727272727,0.80624187,0.409871244,0.100558659,97.70739994026285,2.2116041531508555,2.710346836848104,2.4491294744053644,2.663999807721626,6.636077404022217,123.27728242174062,123.58350189198488,2.621210231660231,68.5132521270621,64.83252978588978,-1.024211804141804,2.663999807721626,2.713446995385841,"Tarik Skubal",22267,669373
2025,"Devin Williams","NYY",4,6,18,67,0,62,13.064516932857694,3.6290324813493595,0.7258064962698719,0.2962962962962963,0.55223881,0.446043165,0.094339622,94.06204870975378,4.790322875381155,3.0530043819913417,2.6835233871944224,2.9530747535229307,1.3547265529632568,116.48865107913667,118.51282374100718,2.215281478494624,72.8776370878136,76.95245758960571,-1.2948308602150533,2.9530747535229307,2.670718759785639,"Devin Williams",15816,642207
2025,"Shohei Ohtani","LAD",1,1,0,14,14,47,11.872340425531915,1.7234042553191489,0.574468085106383,0.32456140350877194,0.75892857,0.413793103,0.071428571,98.24802701271186,2.872340425531915,2.5335038385682194,1.901093765015298,2.449031025044462,1.9280993938446045,114.62385126162017,116.8540770252324,2.989405856573706,64.55455559096946,67.41806678618858,-0.7787475697211156,2.449031025044462,2.667287763051777,"Shohei Ohtani",19755,660271
2025,"Seth Johnson","PHI",1,1,0,10,0,12.2,12.07894797470434,2.8421054058127857,2.131579054359589,0.26666666666666666,0.64814815,0.515151515,0.25,96.9535245028409,4.263158108719178,2.231855940333808,4.477241648729493,2.8588893394095285,-0.019216297194361687,103.89289719626167,103.29915887850466,3.965254018691589,54.0626414953271,54.01653490654206,-0.12818172897196262,2.8588893394095285,2.6649382215930166,"Seth Johnson",26020,686751
2025,"Grant Taylor","CHW",2,4,6,36,2,36.2,13.254546373856034,3.6818184371822316,0,0.42045454545454547,0.61538462,0.476190476,0,98.65731811523438,4.909091249576308,2.9086618987332233,1.4169543808550793,2.3419980338911035,1.7070753201842308,115.99155878384195,118.88831736097157,2.5918269836065573,68.82915996721309,74.49815386885247,-1.0438000655737705,2.3419980338911035,2.645999440462509,"Grant Taylor",33927,691799
2025,"Kyle Bradish","BAL",1,1,0,6,6,32,13.21875,2.8125,0.84375,0.3076923076923077,0.83892617,0.323529411,0.1,,2.53125,3.084566420786459,2.4476363182067873,2.674266925826669,1.124294400215149,102.50947154471545,106.42459349593494,3.7495520647773275,56.38179374493927,54.29781307692307,-0.2719836842105264,2.674266925826669,2.630074915067309,"Kyle Bradish",24586,680694
2025,"Joey Gerber","TBR",0,0,0,2,0,4.1,8.307692917141027,0,2.076923229285257,0.2,1,0.454545454,0.166666666,93.70131293402778,2.076923229285257,1.2603430097940151,4.288982556698596,3.4236984675526365,-0.000898956845048815,94.32,102.66666666666667,4.819765,44.87527375,39.70149484375,0.44149000000000005,3.4236984675526365,2.6278325823103366,"Joey Gerber",24591,680702
2025,"Andrew Walters","CLE",0,0,0,2,0,1.1,13.500003218651585,0,6.750001609325793,0.3333333333333333,0,0.25,0.333333333,96.54503716362848,13.500003218651585,3.863264572445519,9.885137927532579,3.6040498882922103,-0.06486517190933228,112.57310344827584,115.13103448275862,2.921889655172414,65.2804748275862,51.494287241379304,-0.8237568965517241,3.6040498882922103,2.61560591180047,"Andrew Walters",33834,689958
2025,"Hunter Barco","PIT",1,0,0,2,0,3,9,0,0,0.3333333333333333,1,0.444444444,0,93.6421535326087,0,4.440339608310485,1.1351363182067877,2.676875633001328,0.14044378697872162,102.13652173913042,108.83246376811594,3.866025434782609,55.12946565217392,45.88981869565218,-0.1943330434782609,2.676875633001328,2.6060156322059975,"Hunter Barco",33174,682995
2025,"Jeremiah Estrada","SDP",4,5,3,77,0,73,13.315071276326904,3.328767819081726,1.4794523640363226,0.2987012987012987,0.8005618,0.359756097,0.142857142,97.91346153846153,3.452055516084753,2.7525750192203016,3.546095308216877,3.1831651288314844,1.0448246002197266,123.08440650406504,121.99786991869912,2.888610881877022,65.63827958737865,66.52825587378639,-0.8459446763754045,3.1831651288314844,2.5520477866277824,"Jeremiah Estrada",22210,669093
2025,"Cole Ragans","KCR",3,3,0,13,13,61.2,14.302703292545763,2.9189190392950537,1.021621663753269,0.35384615384615387,0.64417178,0.367647058,0.122807017,95.5696248829588,4.670270462872086,2.668361916316302,2.502703859692859,2.4520953323617993,2.082580327987671,112.05238361266296,111.52201117318435,3.792543308619091,55.91957170528266,56.30977212233549,-0.2433227432808156,2.4520953323617993,2.5182514013992283,"Cole Ragans",21846,666142
2025,"Hunter Harvey","KCR",1,0,0,12,0,10.2,9.281250553205643,0.843750050291422,0,0.2222222222222222,1,0.481481481,0,96.42104108146067,0,1.5466081707718808,1.3538862120360073,2.799266905807292,0.48861438035964966,98.67511904761908,101.15904761904763,3.9450526347305392,54.27985353293412,43.810918083832334,-0.14164999999999994,2.799266905807292,2.5069800013810912,"Hunter Harvey",15507,640451
2025,"Garrett Cleavinger","TBR",2,6,2,67,0,61.1,12.032611190259185,2.641304895422748,1.320652447711374,0.2440944881889764,0.91603053,0.443609022,0.1875,97.0595703125,2.347826573709109,3.2193198313261386,3.5916581519835584,2.8906279051804726,0.7246436476707458,109.20543601359002,108.49624009060022,3.581666150289018,58.18682764161851,56.68393973410405,-0.3839078843930637,2.8906279051804726,2.4953602380105946,"Garrett Cleavinger",17897,664076
2025,"Andrew Kittredge","- - -",4,3,5,54,0,53,10.867925701637164,1.8679247299688875,1.1886793736165648,0.2698412698412698,0.71090047,0.492424242,0.159090909,,3.3962267817616136,2.7779116467246507,3.059664611945418,2.622617958174829,0.8223144859075546,100.57181989777028,107.14251630086135,3.0610680208333334,63.784084114583344,58.38113333333333,-0.7309729687500002,2.622617958174829,2.4878903420772547,"Andrew Kittredge",12828,552640
2025,"Josh Hader","HOU",6,2,28,48,0,52.2,12.98734239927569,2.734177347215935,1.3670886736079675,0.20192307692307693,0.86592179,0.212962962,0.123076923,,2.0506330104119512,1.9958071190069766,3.2490603743407847,3.1771563606468054,1.0994247198104858,123.4616666666667,117.98140476190471,3.089255631641087,63.48103069657616,69.18749465171192,-0.7121811806375442,3.1771563606468054,2.473735976028847,"Josh Hader",14212,623352
2025,"David Bednar","- - -",6,5,27,64,0,62.2,12.351065082861016,2.7287236810972013,0.5744681433888844,0.2978723404255319,0.79470199,0.44137931,0.072727272,97.07157921632484,2.2978725735555376,2.848870936380127,2.177689412558647,2.701024502574199,2.049939513206482,108.32343750000003,108.80841796874998,3.900338133162074,54.76059972075764,47.68746460894204,-0.17145978339234408,2.701024502574199,2.47063993282982,"David Bednar",19569,670280
2025,"Jhoan Duran","- - -",7,6,32,72,0,70,10.285714565977766,2.4428572094197194,0.3857142962241662,0.3021978021978022,0.80474934,0.650273224,0.083333333,100.55504496850132,2.057142913195553,2.5076996004363172,2.349422011083486,2.5851736651158292,2.1193090081214905,128.41349211370724,130.0944053431114,3.9219309484454237,54.5284435776961,57.999154342674764,-0.15706408313090478,2.5851736651158292,2.452548260152599,"Jhoan Duran",21029,661395
2025,"Cody Laweryson","MIN",0,1,0,5,0,7.2,8.217391985801363,0,0,0.21052631578947367,0.5,0.444444444,0,93.06349339978448,1.1739131408287662,1.9639311697203226,1.3090492102509286,2.5156279044973613,0.30913400650024414,97.92131868131868,115.68813186813188,1.5748537634408601,79.76323075268816,45.738329139784945,-1.7217824731182794,2.5156279044973613,2.418066794265255,"Cody Laweryson",26429,689520
2025,"Griffin Jax","- - -",1,7,0,73,2,66,13.500001560558152,2.8636366946638505,0.9545455648879502,0.36774193548387096,0.69553806,0.44654088,0.155555555,97.0192465225452,4.2272732159323505,3.250700136944678,2.5139241251844706,2.186322104977641,1.6977027840912342,116.30774097565022,123.89278155486758,2.3461053705397985,71.4710876852699,77.2446272095151,-1.2076151235132662,2.186322104977641,2.3541093028596753,"Griffin Jax",20253,643377
2025,"Joe Rock","TBR",0,0,0,3,0,7.2,12.91304454911643,2.3478262816575324,1.1739131408287662,0.3157894736842105,0.9375,0.55,0.2,93.86683238636364,2.3478262816575324,3.2887747324452112,3.5264406984830425,2.836270629157963,0.03451744467020035,106.4102777777778,88.29444444444444,4.7213024137931034,45.93392462068965,52.45914724137931,0.37585041379310347,2.836270629157963,2.3464259566540333,"Joe Rock",30016,697812
2025,"Connelly Early","BOS",1,2,0,4,4,19.1,13.500000887903733,1.8620690879867217,0,0.37777777777777777,0.72727273,0.466666666,0,94.01216547539893,2.327586359983402,2.3441172927255365,0.910998240889314,2.3464108007956854,1.1005114316940308,100.87583850931678,111.18229813664597,3.470234736842105,59.384910588235286,57.958552321981415,-0.45819532507739935,2.3464108007956854,2.344599676514286,"Connelly Early",33666,813349
2025,"A.J. Puk","ARI",0,0,4,8,0,8,13.5,2.25,2.25,0.3333333333333333,0.97560976,0.3,0.222222222,96.52531008376289,3.375,2.8564904461139626,4.510136318206787,2.9945930473506452,-0.0015935521805658937,123.4378343949045,125.188152866242,2.4561772435897438,70.28764205128205,66.20450564102565,-1.134233205128205,2.9945930473506452,2.3438039202205605,"A.J. Puk",19343,640462
2025,"Randy Rodríguez","SFG",3,5,4,50,0,50.2,11.901317282892187,1.9539476136091651,0.7105264049487873,0.26785714285714285,0.85253456,0.370689655,0.08,97.45567024886878,1.7763160123719683,2.5568537853895283,2.404873068676089,2.9000106125128013,1.4403460025787354,120.24054658385091,119.06742857142858,2.7559277351485156,67.06481331683167,72.64638560643564,-0.934399801980198,2.9000106125128013,2.3277359196083918,"Randy Rodriguez",23974,678495
2025,"Cade Smith","CLE",8,5,16,76,0,73.2,12.705884107478782,2.321267288866316,0.4886878502876455,0.30177514792899407,0.64917127,0.366279069,0.059701492,96.48865439842805,2.932127101725873,2.507430867821359,1.954140680011644,2.65047381812976,2.7134203910827637,110.39327674023772,114.0343463497453,2.6733557497857747,67.9526123821765,60.52846990574122,-0.9894479091688086,2.65047381812976,2.316045201015801,"Cade Smith",27867,671922
2025,"Gabe Speier","SEA",4,3,0,76,0,62,11.903229468323945,1.5967746847751632,0.7258066748978015,0.2714285714285714,0.76923077,0.405594405,0.079365079,95.09524802791262,2.612904029632085,2.487513483063781,2.312555419989279,2.830774560574791,1.7029671669006348,110.05889250814336,114.93168295331165,3.1206713178294567,63.14324918050938,46.71495013289035,-0.6912375636766334,2.830774560574791,2.2280508103972427,"Gabe Speier",17170,642100
2025,"Edwin Díaz","NYM",6,3,28,62,0,66.1,13.296483431599176,2.849246449628395,0.5427136094530276,0.25984251968503935,0.86092715,0.484375,0.093023255,97.35310407366072,1.6281408283590828,2.489935206540468,2.2758397699061605,2.4913391412466384,2.0127620697021484,114.0293521126761,107.90985915492962,4.1305069353327095,52.285927319587614,67.62171009372072,-0.018013945641986835,2.4913391412466384,2.1794234613730232,"Edwin Diaz",14710,621242
2025,"Tommy Henry","ARI",0,0,0,2,0,6.2,10.80000102996836,1.350000128746045,4.050000386238135,0.23076923076923078,1,0.6,0.75,88.92490571120689,4.050000386238135,8.098738608718346,7.485136733055155,2.5601798522513906,-0.16526973247528076,82.28547169811321,87.69377358490567,5.664757943925234,35.79021448598131,30.548575420560745,1.0048208411214952,2.5601798522513906,2.160300520480412,"Tommy Henry",26285,674072
2025,"Mason Miller","- - -",1,2,22,60,0,61.2,15.178380412735248,4.086487034197951,0.7297298275353484,0.23958333333333334,0.76,0.404040404,0.113636363,101.22627401447106,2.6270273791272545,2.5222320814297414,2.2270280883850204,2.273025875917015,2.044782817363739,126.85703173743487,116.03294010130355,3.6595895169578627,57.349033175745106,74.47088727646454,-0.3319587461459404,2.273025875917015,2.116156200364088,"Mason Miller",31757,695243
2025,"Aroldis Chapman","BOS",5,3,32,67,0,61.1,12.472827121305642,2.2010871390539366,0.4402174278107874,0.2,0.87628866,0.385826771,0.052631578,98.4798018292683,1.1739131408287662,2.060281595618892,1.7329622888835388,2.5299048703522624,2.6448545455932617,125.87130625686068,128.22996706915478,1.9188992400881055,76.06421268722465,77.16363408590307,-1.492418425110133,2.5299048703522624,2.1062031293902868,"Aroldis Chapman",10233,547973
2025,"Danny Young","NYM",0,0,0,10,0,8.1,14.040003749085473,3.2400008651735708,0,0.45,0.61538462,0.631578947,0,,4.320001153564761,2.9386407951551616,1.455135869598269,1.6401446367762846,0.24197372794151306,110.09452229299364,89.85044585987261,5.359602974683544,39.07119151898734,68.7224196835443,0.8013842405063292,1.6401446367762846,1.9913031768538714,"Danny Young",18439,664849
2025,"Jose Espada","BAL",0,0,0,1,0,3,12,0,0,0.2,1,0.4,0,93.83982631138393,0,0.05058534437600371,0.4684696515401212,2.0102089663346616,0.0865260437130928,83.4241379310345,111.57034482758621,4.55308,47.74263,50.85481,0.2637,2.0102089663346616,1.0033960362467906,"Jose Espada",21131,664744
2025,"Lucas Gilbreath","COL",0,0,0,1,0,1,18,0,9,0,1,0,1,88.92369733537946,9,31.175790194203817,12.135136318206786,0.6768756330013277,-0.038343656808137894,85.66666666666667,98.05111111111111,3.51794,58.87201999999999,26.23501,-0.42639,0.6768756330013277,0.7972864649295808,"Lucas Gilbreath",21290,656458
2025,"Alan Trejo","COL",0,0,0,1,0,1,0,0,0,0.3333333333333333,1,1,0,82.95139723557692,0,4.639818690623258,3.1351363182067873,3.1351363182067873,0.0068894317373633385,53.58125,81.72625,8.97559,20,24.7251,3.21204,3.1351363182067873,-1.1858385350704195,"Alan Trejo",20056,676701