pitcher_id,pitcher_name,pitcher_team,total_pitches,stuff_overall,stuff_FF,stuff_SI,stuff_FC,stuff_SL,stuff_ST,stuff_CU,stuff_CH,stuff_FS
656730,Trevor Megill,MIL,753,118.74548482704922,119.83706158085873,,,,,117.06952859897807,,
695243,Mason Miller,ATH/SD,972,117.8520988260277,118.99644975831522,,,116.74194139605451,,,113.83454513549805,
661403,Emmanuel Clase,CLE,746,117.42974528294786,,95.4250005086263,118.38458262323176,115.83102189805773,,,,
695505,Chase Burns,CIN,765,117.04288899540121,116.66260188521304,101.29000091552734,,119.84515516887339,,108.58076946551984,109.79590918801047,
664854,Ryan Helsley,NYM/STL,979,116.26012253883057,117.21649440808243,,107.81846090463492,117.13915943277293,,103.5633330763432,,
682254,Mason Montgomery,TB,859,115.78019783632858,115.90632685709922,,,115.53272399902343,,,,
687209,Zach Maxwell,CIN,165,115.63806069113991,121.28221066123561,,97.41487180269681,121.26741938437185,,,,
668881,Hunter Greene,CIN,1748,115.6143707345225,115.27764521984516,,,118.06016365713066,,105.04000091552734,,109.47420225752161
678495,Randy Rodríguez,SF,808,115.46647283346346,116.29131707123348,,,114.44000000423856,,,,
547973,Aroldis Chapman,BOS,917,115.31852775831649,116.65761642456054,111.88848857327673,,119.51043190715981,,,,115.27245076497395
642207,Devin Williams,NYY,1115,114.43936333763226,108.23544429786264,,97.60000228881836,,,,120.116678224851,
691799,Grant Taylor,CWS,610,114.04050813268442,114.67872779891336,,109.42441169888366,123.89684175190173,,113.13583322004838,,
592773,Ryne Stanek,NYM,1063,113.97740356359186,113.85077422140458,,,117.15207791018796,110.00336775487783,,,111.8748031375915
656629,Michael Kopech,LAD,231,113.70532503995028,114.2205763012951,,111.57184239437706,,,,105.03499984741211,
687863,Porter Hodge,CHC,624,113.61599364647499,113.79942691098353,,,113.0700924484818,113.74678392266509,,,105.3933334350586
689147,Orion Kerkering,PHI,1073,113.47383966650345,106.91443816195714,102.8455940095505,,,122.17685434285877,,,
642585,Félix Bautista,BAL,627,113.29679424036443,,118.26095356892064,100.9066670735677,108.82561425995408,,,,104.1679329046324
689958,Andrew Walters,CLE,29,113.27482868063039,116.22947492097553,,,107.6610008239746,,,,
608371,Lucas Sims,WSH,279,113.2731183506682,108.55739829210731,94.56555430094402,99.69999821980794,110.68333435058594,120.94491839799724,106.36083348592122,,105.63999938964844
694819,Jacob Misiorowski,MIL,1164,113.26158071957093,113.90649531712042,,,112.5289399379555,,114.45999980253332,107.31333326256794,
801139,Payton Tolle,BOS,304,113.0063815869783,116.17410235282702,,105.5556102845727,107.87620728591392,,103.61444515652127,113.27333323160808,
702752,Jonathan Pintaro,NYM,29,112.66137984703327,112.1183344523112,,114.2442859468006,,,,97.67000198364258,
683175,Connor Phillips,CIN,377,112.64013257014024,109.47888285048465,,,,116.79711765962489,106.72578952186986,,
663158,Robert Suarez,SD,1076,112.34039040746299,113.79180358931465,105.98362980595341,109.66999816894531,,,,111.84871599368084,
668933,Graham Ashcraft,CIN,1039,112.10538010510031,,,104.82877223601969,120.67865813953071,,,,
666374,Matt Brash,SEA,822,112.03907538272459,95.75975669302592,103.02804458873898,,118.3684939955133,,116.66999944051106,102.86142808563855,
686580,Justin Slaten,BOS,499,112.02765527086889,112.90988934764546,,109.96245606182612,,117.86087745532654,110.48288896348741,,
671922,Cade Smith,CLE,1182,111.4712097568157,111.30542363497015,,,,107.25666678292411,,,113.77984062893933
643377,Griffin Jax,MIN/TB,1093,111.43345841724503,101.69103083659694,94.78140604496002,103.13181842457165,,121.2448442423418,111.0099983215332,110.07418035288326,
669093,Jeremiah Estrada,SD,1236,111.3802104196888,114.82210829862503,,,111.51457489260778,,,,102.8457144760504
683618,Edgardo Henriquez,LAD,279,111.0870609351811,118.21087493896485,109.0963290250754,103.37345470081677,116.48885716029577,,105.17200012207032,,
676508,Ben Casparius,LAD,1262,111.0490966772693,105.00195318460464,86.56066691080729,112.30469099564986,,119.11423635247893,105.93752745743636,,
669622,Anthony Bender,MIA,783,111.01735625869927,93.36499938964843,104.75404743012928,,111.30857112339565,115.65783341725667,,102.81321498325893,
690925,Clayton Beeter,NYY/WSH,465,110.99907539941931,109.78725114191671,,,112.42042067340601,,,,
656302,Dylan Cease,SD,3044,110.80963856600587,112.9908969539934,94.0278335571289,,111.67651953310994,110.13796311837656,105.32604742238644,98.93705884148093,
673929,Jordan Leasure,CWS,1130,110.42868136515659,112.50823132223334,108.28357097080776,,108.39895836512248,,,,102.24064463953817
656848,Michael Petersen,ATL/MIA,327,110.33807347382245,111.1655194225207,99.17000007629395,109.93792572021485,,,,102.27999877929688,
650556,Bryan Abreu,HOU,1189,110.32369221911098,109.47557236128785,97.93142918178013,,111.58013898796506,,,101.03600006103515,
623465,Evan Phillips,LAD,92,110.32076072692871,107.17068981302195,101.5442864554269,90.4885722569057,,116.27204023088727,,,
691587,Eury Pérez,MIA,1673,110.20108178612435,115.0611407687417,103.92647058823529,104.12374973297119,105.73289608564534,110.76430763831506,103.79389577097707,99.34580155001342,
696149,Bubba Chandler,PIT,461,110.19611712805361,112.34301209354018,,,110.49450006484986,,104.11750003269741,106.46298056382399,
806960,Luis Morales,ATH,821,110.09291124053472,110.64939546806868,,,110.55363672429866,117.00073406674446,,93.49850492388289,
671212,Joe Boyle,TB,934,109.9905461101001,106.74573954735897,,,113.97996960616693,98.69000244140625,,,111.1265132803666
656546,Jeff Hoffman,TOR,1128,109.97399825914532,112.41080393689744,104.15099983215332,,110.77071208557672,,,,107.29876871251348
445276,Kenley Jansen,LAA,869,109.87156512191298,,100.1305004119873,111.64393218605656,103.22169840110922,105.68758576491783,,,
663474,Triston McKenzie,CLE,123,109.85292698309674,112.78242446437027,,,101.11250019073486,,96.0968747138977,,
666171,Ryan Zeferjahn,LAA,1029,109.79905736272606,105.14876539913224,100.05500030517578,108.30395562065972,110.65092481491882,116.23923920894015,108.8668002319336,,
607192,Tyler Glasnow,LAD,1480,109.76409464140197,111.02791440597903,104.37030810525972,,112.5911011535458,,109.6773147818483,,
656945,Tanner Scott,LAD,911,109.69466518230418,110.50056361953003,95.62999725341797,,108.86234886701718,,,,
594798,Jacob deGrom,TEX,2614,109.61530223983613,106.23302577043313,,,114.08161750863309,,102.61706778160611,111.68057636325642,
693312,Kyle Nicolas,PIT,652,109.6021933409334,107.51631438840192,106.19000244140625,,115.87834293910436,,106.92784706751506,90.22000122070312,
666711,Joel Peguero,SF,315,109.57946041046627,98.47320401089863,100.62509275365758,,129.87769229595477,,,,
666661,Juan Morillo,AZ,617,109.55988660469241,111.49038605271724,104.09566663106283,,115.4125385577862,,,101.56804880281774,
593833,Wander Suero,ATL,142,109.52992909391162,,,114.07194398950648,,,92.58499908447266,95.2596869468689,
686973,Louis Varland,MIN/TOR,1066,109.52561920624066,109.04422361954398,99.24677961963718,,109.31460551211708,,112.3235339210147,104.19163295200893,
678692,Ronny Henriquez,MIA,1158,109.50992223182902,112.38316848666169,101.03541692097981,,106.09959250556098,110.11365860264476,,109.18572906653087,
681799,Ethan Roberts,CHC,144,109.46743027369182,,92.14285714285714,103.35425892582646,,114.90578286044568,,,
664747,Alexis Díaz,ATL/CIN/LAD,361,109.40950143238184,112.36562794530114,,,105.05630143048012,,,,
664126,Pete Fairbanks,TB,987,109.25025324642719,109.22519839756073,,113.92285737537202,110.76791339126859,,,92.99895811080933,
674384,Eduarniel Núñez,ATH/SD,249,109.23590354459832,107.08748380599484,,,112.99352273074064,,109.62499872843425,,
623352,Josh Hader,HOU,847,109.19521856927253,,113.2248584855356,,104.96772094465729,,,99.31000085779138,
686752,Ryan Pepiot,TB,2699,109.18281215965946,108.94672153730565,96.00657108851841,100.1388891119706,110.88538623403657,,114.0783145347338,111.40800304525703,
805123,AJ Blubaugh,HOU,507,109.18128207355326,112.80715824374192,,102.57799987792968,102.19999694824219,108.90203687879774,97.26941097483916,101.67785769092794,
676742,Cam Sanders,PIT,147,109.08999965953178,111.4724673977146,,,106.74999938140044,102.74533233642578,,108.99555545383029,
820862,José Fermin,LAA,645,108.93100771645243,106.92970290986618,105.03086985712466,,111.14892739377187,,,105.44000244140625,
681870,Erik Sabrowski,CLE,503,108.87759440367076,112.38558478104441,,,101.17482353659237,,101.70657880682694,,
656686,Corbin Martin,BAL,332,108.83933745234846,112.78108832949684,,,103.7612036952266,,110.29134403057952,96.01100006103516,
621345,A.J. Minter,NYM,185,108.8255676681931,114.34240500534636,,107.00250018726696,,,,93.52555592854817,
689254,Mason Fluharty,TOR,859,108.70173454062625,,90.79000091552734,109.25283993530273,,107.98206704422083,,,
666215,Forrest Whitley,HOU/TB,256,108.61347636580467,106.06895322577898,102.52088860405816,113.12661765603458,,,112.1229625278049,107.47666931152344,
641941,Emilio Pagán,CIN,1068,108.57612367694297,111.5289908826169,,105.00045239625864,,,,,102.90348847854969
518886,Craig Kimbrel,ATL/HOU,230,108.54017400326936,109.86709471006651,,89.80999755859375,,110.3220001220703,106.90568178350276,96.0166670481364,
502085,David Robertson,PHI,304,108.43835499412135,,96.97866668701172,111.39730227620979,109.51125001907349,,105.81421541700176,93.5933329264323,
592094,Jason Adam,SD,1087,108.36114993968357,104.71408899592967,,105.51333363850911,106.37664920746968,101.30869583461596,,114.74206608123359,
694037,Daniel Palencia,CHC,841,108.29824018988683,106.99651156707459,96.46999867757161,,112.87175278811111,,95.13666534423828,,107.56358982966496
661563,Luis Gil,NYY,970,108.23354644775391,110.76710794608123,,,109.69476022338867,,,101.20611352379144,
670329,Rico Garcia,BAL/NYM/NYY,586,108.22477819813803,115.97030302766082,,,105.15660721915108,,106.83500022218938,98.24689915383509,
681911,Alex Vesia,LAD,1023,108.19986328095169,110.04602053376283,,,106.517607637631,,,100.90238129146515,
669199,Lake Bachar,MIA,1143,108.17902013823742,108.51677660773782,,,105.2253381255874,114.0591374601419,,,99.5578416783175
640462,A.J. Puk,AZ,156,108.17057717152132,109.73298983229805,109.89999771118164,,105.45105315091317,,,,
672578,Carlos Hernández,CLE/DET/PHI,759,108.1601712976991,112.5439849698604,102.94214303152901,,106.02408122367599,100.19999694824219,101.3073077568641,,101.69754963047457
672391,Kaleb Ort,HOU,788,108.12096450534568,114.08848133265415,,98.25672602020533,,103.33296698266334,,99.3821536724384,
682842,Abner Uribe,MIL,1164,108.08158953820717,101.2783999633789,99.30923731410088,,118.26779873691387,,,,
682274,Yaramil Hiraldo,BAL,314,108.05859865808183,112.090496031706,,,110.4854874959806,,,101.8706304876654,
675650,Michael Mercado,PHI,85,108.04152948716107,109.21127692689286,,106.98857116699219,,,105.12307680570163,,109.30999946594238
641329,Bryan Baker,BAL/TB,1102,108.01587112759073,105.70849984975962,,,111.66709103670988,,,108.65348542552042,
642547,Freddy Peralta,MIL,3086,107.95110179137194,111.91461542546568,,,104.648821788229,,99.57725328437249,105.50128242550916,
678226,Daysbel Hernández,ATL,717,107.94428177624734,104.71253964863126,,,110.47661702549873,,,,
663432,Tanner Rainey,DET/PIT,201,107.92636825789266,110.1695284573537,,,105.42347371954666,,,,
804636,Jonah Tong,NYM,371,107.92636108398438,112.96985905606982,,,106.23099975585937,,98.10086938609247,101.99166660682828,
683004,Jack Leiter,TEX,2584,107.91804171051403,109.97131729887393,98.32296767696258,,108.9428902306034,,102.48897521222224,111.73218308927868,
674444,Steven Cruz,KC,642,107.85168227674062,110.20099386369219,,97.29890237203459,114.0964103111854,,,,
678020,Seth Halvorsen,COL,636,107.85158807526595,105.07332381761142,,,115.88317447238498,,,,107.54243897228706
554340,Yimi García,TOR,359,107.83194996188278,107.66836495069587,100.10370381673177,,91.36000061035156,118.45193555278163,106.5311289141255,102.75650024414062,
681517,Kyle Leahy,STL,1350,107.72517774228696,109.51764677085129,98.22722799471109,,105.91844538496576,124.28177404916414,102.56925932958784,99.29596905375637,
660271,Shohei Ohtani,LAD,753,107.6859894913348,108.56801377910458,97.93339610549639,102.27540008544922,109.79258835736444,112.74000034775845,99.69681814945105,,107.9374285016741
700187,Troy Taylor,SEA,136,107.64426444558536,104.0118750333786,103.0210519087942,,,114.36235255821079,,96.48999786376953,
695549,Jackson Jobe,DET,877,107.59176748834695,108.84937730726305,101.1106954159944,,112.18697792736452,109.61499786376953,104.8370424727319,103.28108117387102,
670183,Garrett Acton,TB,21,107.58523850213913,108.3252944946289,,,,,,104.44000053405762,
547184,Michael Kelly,ATH,658,107.57218848463249,93.71635409196217,95.31500015258788,,108.03712771801239,116.83415670279997,,98.50800018310547,
694361,Will Klein,LAD,305,107.47186892149878,107.79148577008928,,101.4577546411631,,120.15500095912388,108.3852241857728,,
656731,Tylor Megill,NYM,1234,107.41457041735781,111.16427189911006,104.5356845143425,,104.06212025564888,101.22999983567458,100.47953459273937,111.48224708471406,
669704,Kade Strowd,BAL,406,107.38748778733127,104.86000010172526,92.70049204591845,110.72011986464084,,113.81509818282782,111.25499989436223,,
643338,Chad Green,TOR,710,107.35146483300437,108.08212876520237,92.94562530517578,,107.26139482900014,,,,
660896,Jorge Alcala,BOS/MIN/STL,1058,107.33508512067885,108.89509155211283,99.12347854393116,,109.80435601918975,,107.81317079745656,99.6920009613037,
670970,Adrian Morejon,SD,999,107.31602604802067,105.01250004768372,105.70298219306736,102.45393949566466,113.46662611302321,,,102.99196948427142,
685801,Hunter Bigge,TB,226,107.26181394863973,106.79421585681392,86.10111067030165,,110.48940533930713,,101.06076930119441,,100.02999877929688
621051,Steven Wilson,CWS,974,107.24941489437033,108.78492323655348,,108.35899963378907,,107.27901417100934,,99.82760577134682,
669194,Ryne Nelson,AZ,2466,107.14747769061086,109.80960681960279,,102.42265298025949,107.08882040388129,,98.80542729601098,98.00557131086077,
693645,Cam Schlittler,NYY,1253,107.1276297542636,105.27701446533203,96.02342083579616,116.50242917450817,119.70266723632812,117.51379289298222,103.54672023814211,,
676534,Calvin Faucher,MIA,1054,107.11813086667142,96.08527154507844,96.4346511012824,110.47176910791642,,116.2450786410826,109.46949686494264,90.30000305175781,
685005,Christian Roa,MIA,41,107.04609773217177,113.22222137451172,102.30764770507812,,109.83583386739095,,,104.20999908447266,
622554,Seranthony Domínguez,BAL/TOR,1102,107.03516333938293,108.11436056141083,100.09418925723514,,,111.08204177220662,103.10944380583587,,105.68666672836888
689225,Beau Brieske,DET,405,107.0337777785313,110.64710653856926,101.25044785684614,,106.86536593553497,,,103.85940002441406,
678606,Jose A. Ferrer,WSH,1208,107.01187920096694,106.92754759878483,108.1881659634142,,105.00077785915799,,,104.41283036717829,
676604,Tyler Zuber,MIA/NYM,245,107.00395928207709,104.9983824561624,96.48399988810222,99.03750038146973,106.7769048781622,113.6467858269101,,103.20294144574333,
667297,Tommy Nance,TOR,461,106.9991540805378,,99.67968738079071,,104.25616177645597,,117.9621482566551,,
683232,Nick Mears,MIL,845,106.99474548700998,106.51913717151743,,,108.11377083123064,,101.69085649762835,,
552640,Andrew Kittredge,BAL/CHC,768,106.99315109848976,103.03222241813754,99.29631393321239,,113.25660100476495,,,,90.82285744803292
686993,Justin Sterner,ATH,1093,106.9512076975551,107.50024526298778,,105.65162384815706,,107.785438582214,,,
643511,Tyler Rogers,NYM/SF,978,106.89359923130651,,106.61082307792005,,107.72148604182354,,,,
669062,Erik Miller,SF,482,106.85045645939364,96.39484849409624,115.83197713452716,,109.95757001359885,,,111.85290311997936,
806185,Hayden Birdsong,SF,1194,106.82553609851217,109.34364339115497,,,101.0020964317715,,101.73485717773437,113.08646749619821,
663878,Nate Pearson,CHC,280,106.79142867497035,104.20698641424309,94.11142948695591,,111.28778751339533,,103.7914297921317,,
605447,Jordan Romano,PHI,701,106.73600567696609,107.01352703478909,,,106.57437924283892,,,,
679885,Justin Martinez,AZ,268,106.73339544837154,110.2919720931792,107.80195354593211,,105.54500007629395,,,,103.04616280489189
670990,Yohan Ramírez,PIT,604,106.68150675691516,103.07951866432472,101.53650035858155,93.71124935150146,106.08913023575492,114.74850354875836,107.62870703072383,,
669160,Dustin May,BOS/LAD,2169,106.65219925932755,95.66091409614542,100.40682702536111,96.6749525524321,,119.32995321043491,,94.62764739990234,
669308,Sean Reynolds,SD,494,106.63912960778364,102.66109377145767,,,109.79075979884666,117.74384586627667,,104.60249955313546,
670912,Johan Oviedo,PIT,665,106.63365421151757,112.29670737041691,103.06147553490811,,107.29028184201236,,96.65575466515882,100.03333341158353,
595014,Blake Treinen,LAD,511,106.59532307365403,95.82754166399846,105.4221715927124,100.29964888723273,,111.54970946252594,,,
663671,Nic Enright,CLE,532,106.56791339960313,108.61342759172909,,,103.09384044702502,,100.7265001296997,97.58000183105469,
621237,José Alvarado,PHI,457,106.46448568598707,101.50833384195964,107.65889640018858,104.07107906204334,,,107.1936368075284,,
669358,Shane Baz,TB,2718,106.45383005093089,106.51764661702678,,104.60162502288819,106.31719514800281,,109.51071140899867,101.44196130685101,
534910,Jesse Hahn,SEA,79,106.44291107564032,100.99125003814697,102.73279021507086,,,114.78764657413258,112.01454578746448,,
701542,Will Warren,NYY,2802,106.4130157236539,104.19872963049893,102.60180264427548,,,116.73095168539398,102.69239807128906,104.90796358975497,
621242,Edwin Díaz,NYM,1067,106.39720698663199,105.11297680859897,,,107.86518785835493,,,85.5199966430664,
668970,Gavin Hollowell,CHC,172,106.38563936810161,105.81512813079051,105.15638881259494,,,107.91586172169653,,,
664849,Danny Young,NYM,158,106.36696214313748,,103.98678167935076,97.13000030517578,,110.20424259070194,,,
650671,José Quijada,LAA,41,106.35878083764052,108.54702738169077,,,,,,86.11750030517578,
665660,Elvis Alvarado,ATH,765,106.348719069537,109.06344097916798,103.10264991695045,,104.25926532356107,,,102.53677417385963,
519151,Ryan Pressly,CHC,661,106.33582436335068,104.75884761731811,94.73833328638321,,108.23764261518205,,114.95957038738976,95.95432425834038,
669373,Tarik Skubal,DET,2849,106.26241480304132,107.41749687880099,101.32814969190242,,108.03640447037944,,99.78759504873541,108.78767590229738,111.46333567301433
572955,Pierce Johnson,ATL,968,106.17158066142689,97.87968615886876,,91.25595693385347,,,109.8250574368802,,
640448,Kyle Finnegan,DET/WSH,846,106.13796682335243,106.87348891561945,,,100.32179436316856,,,,105.70554113691779
676617,Riley O'Brien,STL,758,106.03807382910736,,100.73467204609855,,112.88613049051035,108.34260857623556,,101,
677960,Ryan Weathers,MIA,642,106.00459491575248,109.14772724605106,98.03719970703125,,102.48608663807745,104.3281665166219,,103.78303178827814,
665795,Edward Cabrera,MIA,2252,105.99099917437213,100.00904122444048,106.28015237891155,,108.32874021554667,,110.00337115788864,103.53198272441996,
664875,Justin Lawrence,PIT,270,105.98381488941334,96.94559936523437,100.38172739202327,,,112.22222239176432,,,
677161,Zack Kelly,BOS,582,105.95417530020488,105.12543106079102,103.99797726749034,105.87851677360115,,114.40933341979981,98.3633321126302,96.02565201469089,
554430,Zack Wheeler,PHI,2394,105.91637014008205,107.6786035271352,104.56764129338745,98.29145627808802,,109.16279666706667,106.67935888176291,,101.49721725032015
690953,Mick Abel,MIN/PHI,720,105.87598617341783,108.81590756960829,99.10168424907484,,104.44578340829136,110.42954566261984,104.69058455430068,105.14333331395709,
690382,Michael Darrell-Hicks,LAA/PIT,158,105.81816477715215,98.4000004359654,103.55147114922019,105.9166038081331,,112.5129997253418,,,
702056,Trey Yesavage,TOR,239,105.7924686894756,107.72638893127441,,,100.98985335406135,,,,107.66095212906126
642016,Daniel Robert,PHI,255,105.78748988731235,103.11220278982388,101.02173913043478,100.8501512932055,,111.55584875142799,,87.66000366210938,
690916,Richard Fitts,BOS,735,105.74825853620257,108.03007006728858,94.21166691635594,,107.41946596312292,108.24846160106169,101.99370405409071,99.21842193603516,
673965,Caleb Freeman,CWS,70,105.71471448625837,101.15999984741211,,,109.21000061035156,,110.5923814319429,,
660730,Elvin Rodríguez,BAL/MIL,335,105.70253728610366,111.99168827007344,,100.08087693599232,,104.2744120429544,99.3561428615025,97.93800010681153,
694918,Blade Tidwell,NYM,309,105.6911972194042,103.45280992492171,100.65491217897649,108.68333435058594,107.53372506534352,112.98179045719887,,102.34100036621093,
669203,Corbin Burnes,AZ,1009,105.67555006951596,,97.29659845411163,108.32063061138531,108.62355541653103,,104.79335041636044,95.40931523989325,
687765,Mitch Spence,ATH,1354,105.64864116651798,,89.37007928082323,107.88959151623295,111.20829230694731,,101.1344536212312,87.94428525652204,
592426,Luke Jackson,DET/SEA/TEX,782,105.63538383035099,103.35958830872725,,95.03499984741211,108.04521979595647,,103.46669435107019,106.68000030517578,
676684,Will Vest,DET,1137,105.62427430836486,107.1271307900448,94.65257877550627,,110.87944638861062,,,102.68387498855591,
687377,Orlando Ribalta,WSH,501,105.60620758300294,110.24005381266277,102.60333317582325,,107.65555565988916,,,97.77380945114862,
676254,Ryan Walker,SF,1018,105.56820237285262,,101.48960691727932,,112.35874349783852,,,,
663462,Isaiah Campbell,BOS,109,105.56789006224466,100.40450096130371,97.00545501708984,,107.15434795877208,111.0826311613384,107.08307647705078,,
694851,Andrew Hoffmann,AZ/KC,245,105.56216306102519,97.67303908104991,,,104.88545400446111,,102.96249961853027,112.6559827103574,
664351,Luis Contreras,HOU,224,105.53526782989502,112.92486734305862,90.58999888102214,,100.3404541015625,102.55851886890552,,92.5286485826647,
686701,Ryan Bergert,KC/SD,1312,105.43604419289565,107.3789426605334,93.38767410988031,,104.84076916034405,110.0302542993578,103.09625053405762,96.14282835372771,
696147,Sam Bachman,LAA,335,105.43534329542473,89.50750350952148,102.42577572526604,,108.46059463088577,,,100.54033330281575,
687849,Zak Kent,CLE,308,105.43025977890213,103.59766684638129,90.89099998474121,,107.34206611065825,,108.34441554081904,,
605242,Michael Fulmer,BOS/CHC,90,105.42544377644857,107.39761861165364,92.21888817681207,109.23589696639624,,128.7199993133545,100.80374908447266,91.27333153618707,
656876,Drew Rasmussen,TB,2316,105.33559154187665,106.80647556956221,99.17239091789926,108.75871057078672,,106.67848212378365,100.87240013122559,99.7050004686628,
623149,Paul Sewald,CLE/DET,317,105.3274763811274,104.11193548223024,,,,107.05335887879816,,,
521230,Liam Hendriks,BOS,231,105.30177492083925,108.18492197990417,,,103.64131586175216,,96.30740695529514,,
686753,Drey Jameson,AZ,53,105.25358466382296,103.26900024414063,103.65749931335449,,107.21928569248745,,,106.62769200251653,
686751,Seth Johnson,PHI,214,105.25191583366038,103.85727261629971,,,107.72383587980923,,106.81266632080079,,102.0987491607666
571946,Shelby Miller,AZ/MIL,704,105.2418606931513,105.42514865622095,,,94.83400115966796,108.3615251961401,,,104.1969456790116
675848,Juan Mejia,COL,1074,105.21689004738238,102.60070732000301,,,110.63002822615884,,,86.05999755859375,
671305,Michel Otañez,ATH,121,105.21148744693473,111.5172545489143,101.5181480690285,,100.05162793536519,,,,
690997,Nolan McLean,NYM,738,105.20842810116486,105.094693553691,101.97660183212132,98.61714293464782,,112.95989464207699,106.91376078026926,96.14359366893768,
805299,Brandyn Garcia,AZ/SEA,277,105.20794226030151,,98.80586205844222,,105.49309467134022,116.91511944362095,,94.02833302815755,
666808,Camilo Doval,NYY/SF,1103,105.18059841373889,,91.93133335819951,100.07514816318938,112.79863894774468,,,,
686930,Mason Barnett,ATH,431,105.17245948950819,104.00752172055452,,,,115.23923956829569,99.1275385929988,99.14318171414462,
606303,Joel Payamps,ATL/MIL,449,105.11106904843336,104.59349418548216,98.48681790900953,96.43500137329102,107.62108998954014,,,107.82499885559082,
686218,Emmet Sheehan,LAD,1145,105.09226196822121,104.21156709585617,,,104.46491377381072,,102.01028551374164,109.83628278003313,
676974,Max Meyer,MIA,1039,105.08982667014276,100.33701291435209,100.42563365882552,,107.20444141356757,112.14126035546055,,105.89555536905924,
666277,George Soriano,MIA,692,105.05718215765981,99.44430907955015,102.08970376473886,,106.19671184093029,,,109.01009433674362,
661395,Jhoan Duran,MIN/PHI,1073,105.05413792051118,106.12525197239074,100.23719620036188,,,115.32952408563523,109.98336587301115,,
657376,Clarke Schmidt,NYY,1226,105.04980428922818,101.59516152002479,95.38686281092026,103.48369258796859,105.86303802683383,111.09677851120098,109.81228716384135,,
688158,David Morgan,SD,766,105.04889033544157,107.85992893205419,100.7055150349935,,106.18471445356097,,103.7166478247616,111.26000213623047,
592779,Brock Stewart,LAD/MIN,610,104.9740490647613,105.2426707344766,98.85249979355756,100.12074621399837,,114.33149403539197,,102.56257560036399,
680755,Braydon Fisher,TOR,834,104.96420850685175,95.82772959116343,,87.98360046386719,112.18413766125526,,104.34652457315414,,
676477,Garrett Whitlock,BOS,1180,104.94483892796403,,103.64021586685729,,104.72441080171768,98.72615403395433,,108.54918686161196,
699134,Bradgley Rodriguez,SD,127,104.92338574026513,107.02588279574525,101.71848458954783,117.87461383526141,,,,99.26233317057292,
596133,Luke Weaver,NYY,1049,104.92104868347924,109.37916268857013,,94.87060616233133,102.80750131607056,,,99.36297127233146,
676979,Garrett Crochet,BOS,3150,104.85648248823863,105.50149864444181,104.55166661212722,106.35181507128014,,101.9125296756091,,100.56202533577061,103.4314816792806
686654,Ty Adcock,NYM,82,104.85426823685809,103.902941086713,91.38999938964844,101.66411770091338,108.73880004882812,,,,105.43999938964843
554431,Tyler Matzek,NYY,127,104.85078772597426,105.44129894306133,99.03750038146973,,104.87547665550595,,,,
548384,Brooks Raley,NYM,388,104.84631451872207,,99.12244666890895,102.70461527506511,,112.8867485654866,,93.4218875237231,
662253,Andrés Muñoz,SEA,1035,104.7816715406335,103.86129470699089,101.89414125680923,,105.61183907519812,,,117.07045399058948,
678906,Kai-Wei Teng,SF,573,104.77560206441564,97.56783209313879,99.07535198372854,,,111.2116213618098,109.86769299629407,98.15610180870961,
601713,Nick Pivetta,SD,2851,104.72454229734187,106.88070141950209,92.58907658503605,100.5536957450535,98.30000305175781,107.17560588952267,100.86804092789892,,94.5316670735677
493603,Adam Ottavino,NYY,42,104.70714278448196,104.99200057983398,100.69533284505208,111.06000010172527,,107.44071415492466,,,
681676,Ryan Fernandez,STL,524,104.69230916845889,102.6439392783425,,97.57324342469911,107.460121525444,,,104.34309532528832,
676661,Max Lazar,PHI,646,104.68797204221366,104.87574210287143,,105.96232319841481,,,104.19189353807438,,99.48047637939453
663941,Tristan Beck,SF,817,104.66331704185234,99.7189628318504,,,102.9542527034365,115.16099163581585,98.96751793394698,,
670280,David Bednar,NYY/PIT,1024,104.64587885886431,112.5538357990544,,,,,96.29940695132849,,102.3194060750527
687847,Marc Church,TEX,99,104.64474764737216,105.25234076317321,,,105.13163274648238,,,87.17333221435547,
680767,Victor Vodnik,COL,919,104.5803917271528,102.4495499045415,111.4000015258789,110.13173841393512,106.51067798420534,,,106.9905834197998,
657097,Jacob Webb,TEX,978,104.57187108857012,107.92765494160268,,,,103.09377468333525,,101.15525070685553,
650911,Cristopher Sánchez,PHI,2895,104.5560793598287,,105.9456798344246,,101.34020833969116,,,104.2738467564882,
671737,Taj Bradley,MIN/TB,2272,104.54848593389484,109.17038777263298,93.92089103472115,107.45848254192664,,,100.84247769028393,,98.2669183819793
670059,Colin Holderman,PIT,492,104.54554857083453,97.95757594253078,102.87190209264341,105.56495788317768,102.61749839782715,108.31428522095645,,,99.83578892758018
621363,Colin Poche,NYM/WSH,244,104.54061464403496,105.51794276646206,,,102.06188389874887,,,,
666619,Gregory Santos,SEA,132,104.5378030719179,,93.85352938782935,,111.26493835449219,,,,
670036,Matt Festa,CLE,817,104.52570397179743,102.9566251039505,92.06697013161399,105.1689078707655,,108.52519245636769,,,
642397,Gregory Soto,BAL/NYM,1031,104.48873902107186,98.05178028263458,104.75273570908637,,104.99597754025592,108.1410908092152,,,90.63999938964844
681916,Dylan Smith,DET,165,104.45945471561316,103.0450002579462,91.94399948120117,,,110.80553599766323,,,97.03199971516928
679358,Eric Orze,TB,681,104.4504698586709,100.62534886737203,98.08499908447266,,106.21661001948986,,,,105.5354545362068
678022,Jack Perkins,ATH,637,104.4368288887539,99.70123137289019,,92.4928089098984,,114.88406693307977,105.23799896240234,106.6289396575003,
592454,Tommy Kahnle,DET,1035,104.43622219067265,98.86344825481547,,,100.45999908447266,,,105.36619635898427,
621114,Ryan Burr,TOR,39,104.37717946370442,102.48444451226129,,,104.94499994913737,,,,
641312,Shaun Anderson,LAA,216,104.35143509617558,102.02606538866387,91.51500066121419,,106.52208926072761,116.35264722038718,,97.38041671117146,
694335,Matt Svanson,STL,964,104.34199180444742,89.88461538461539,99.91043766948275,101.8217091620723,,112.11392868132819,,,
694350,Zach Brzykcy,WSH,459,104.34121998306972,106.57093870201889,,,,,103.77500029972622,99.60725447710823,
805673,Zebby Matthews,MIN,1353,104.33280123240492,106.20978421272991,100.21000010172526,99.27545478127219,106.84200595191798,,101.78708861145792,100.4471327241484,
690544,Bailey Horn,DET,224,104.31616071292332,102.4612330606539,93.75295430963689,106.39088193108054,,111.57164398611408,,,
458677,Justin Wilson,BOS,816,104.21378683576397,103.86452901550612,,99.61834704186306,106.20176466773538,,,,107.84146322855135
669923,George Kirby,SEA,2086,104.08695114881857,96.55652254076051,103.35828263175296,,112.6350171744418,,105.01970323465638,96.1555809198424,104.55762740312997
676272,Bobby Miller,LAD,116,104.07025856807314,101.18387086929813,103.6234623835637,,111.36818140203303,,102.70656204223633,108.09874963760376,
691548,Rolddy Muñoz,ATL,78,104.06205152853941,94.30000305175781,106.49829287645294,,101.51971457345145,,,102.91999816894531,
664744,Jose Espada,BAL,29,104.04344782336005,109.95499910627093,,,102.98666763305664,,,,95.5522215101454
672282,Reid Detmers,LAA,1084,104.02964944593141,104.12298785574067,95.9934778628142,,109.37683425993609,,96.77484717223321,100.48500061035156,
690829,Ben Joyce,LAA,70,104.00028523036411,107.80628487723214,99.6096875667572,,99.23999786376953,,,120.80999755859375,
664199,Taylor Clarke,KC,865,103.98224285324184,96.62798979421142,93.36269227052347,,108.28936040124228,,,112.8740342313593,
656257,Jeff Brigham,AZ,63,103.95761931888642,108.4461543743427,,97.42000024968928,,105.76599985758463,,,
645261,Sandy Alcantara,MIA,2891,103.9428987242449,101.88785864319465,106.1600267644872,104.75921514211608,104.66565919454393,,,101.8675112546645,
657044,Ryan Thompson,AZ,650,103.93153847327599,97.93280044555664,101.86754496226054,,107.77060595425692,,,,91.82999801635742
680732,Sean Burke,CWS,2376,103.9261405251243,106.78804486704479,94.70547843601393,,106.13136533590463,,98.8961455919391,102.75077435893397,
682989,Victor Mederos,LAA,314,103.92480874517162,,105.2381697012708,,99.19296311743466,108.84872993590339,,97.1558329264323,94.5959976196289
542888,Shawn Armstrong,TEX,1118,103.88492856511917,99.21761629086899,95.92128797010942,103.29159855044908,,118.31218406706478,107.91999816894531,,
682243,Bryce Miller,SEA,1543,103.8848736825425,107.15987352781659,96.88976488300398,100.69999991522894,105.11376085851947,106.64772738832416,101.0561443466738,,103.58979235058425
680702,Joey Gerber,TB,64,103.86296892166138,105.70777808295355,,,99.65833324856229,,,96.52999877929688,
682825,Luis Mey,CIN,414,103.84057954428853,102.49375057220459,102.31096012544948,,108.38596123915453,,,,
666142,Cole Ragans,KC,1079,103.82300282673664,103.22559929608406,,99.98803935331456,107.10389263997942,,103.37702897666158,104.24468607142352,
694973,Paul Skenes,PIT,2997,103.82238905979547,102.34921179005705,104.75852550604405,,103.1933928444272,108.4161051539371,101.44131930669148,99.58165633312764,106.47950618414231
656641,Jacob Latz,TEX,1388,103.79707488683871,106.6196204415203,,,103.17406902970939,,98.63797734292706,99.80444425418054,
673380,Dedniel Núñez,NYM,183,103.7970492253538,102.35821051346629,118.88999938964844,,105.40321440923782,,,99.3566665649414,
676917,Cade Cavalli,WSH,788,103.79203049906619,104.03291841433284,98.00496568350957,93.98343741893768,,101.66000366210938,107.60915954974519,108.50607520843221,
690990,Cade Horton,CHC,1788,103.727829960902,106.44642929399637,92.23948965267259,,102.63500213623047,104.51421200459009,104.80109195051521,95.80214912013004,
641401,Connor Brogdon,LAA,840,103.71726169586182,106.94258499145508,,104.09823513031006,,,,100.34474411877719,
642759,Julian Fernández,LAD/WSH,76,103.70802658482602,105.51384647075946,,,,,,99.79541683197021,
676263,Jack Dreyer,LAD,1146,103.68716413354791,104.79988400664044,,,103.44735354331581,,99.2030004119873,,
669438,Mason Englert,TB,724,103.61603598831766,97.86104903854691,99.38104844862416,104.10292848859514,,97.51333363850911,102.0415153503418,109.26991948773784,
677952,Braxton Ashcraft,PIT,1102,103.57888397936813,100.24391435629002,104.92098165874832,,103.26502935276476,,108.41987090275205,99.59638871086969,
681168,Luis Curvelo,TEX,325,103.577600003756,107.98010122896444,103.97597374854149,,101.57297696412064,,,92.2488899230957,
641745,Brad Keller,CHC,1113,103.57736754438841,99.90363845825195,95.34237480163574,,110.86338563760121,120.88093159361655,,94.80400003286509,
669391,Owen White,CWS,119,103.53899146328453,98.51289468062551,88.47571454729352,103.1461536700909,,114.03939380067767,103.45399932861328,99.59499969482422,
450203,Charlie Morton,ATL/BAL/DET,2548,103.5225118101111,95.15041197430004,101.75579219669491,96.18947843468708,,,110.75917014919344,108.2567587388834,
676755,Isaac Mattson,PIT,777,103.51608755536368,104.4802131902976,,,101.99246348505434,,95.90999930245536,98.7936264708802,
680742,Jonathan Bowlan,KC,727,103.51326005560496,106.03942375026122,96.71777797880627,,105.93127774141959,,98.03928593226841,104.77000002001152,
800049,Adam Mazur,MIA,489,103.5100408292743,111.54025873644599,93.98822784423828,,104.69728551592145,107.02466672261556,101.05452814641988,93.11414597674114,
650633,Michael King,SD,1219,103.50852332299024,107.02225563742898,101.38202768961588,,99.49768099577531,110.6587502052044,,97.14781609896956,
608032,Carlos Estévez,KC,1043,103.49967403539875,103.62164880896127,,,107.33378883030103,,,95.50797533842683,
663423,Trent Thornton,SEA,656,103.49003059108082,105.85640551307783,90.31562566757202,103.70843557760018,104.14285823277065,103.52821108190025,102.08844288059923,98.84444597032335,94.73800099690756
680684,Gunnar Hoglund,ATH,547,103.47804396941413,107.4203571397431,94.0587911920233,,95.96743598351112,103.43189480430202,,106.50785748920744,
657585,Reed Garrett,NYM,979,103.47778334339988,100.78404708135696,101.16957433172998,104.3507606672204,,113.30628027432206,,,96.0810958304906
660761,José Suarez,ATL,295,103.47037291445974,109.20617886675083,97.15549964904785,,101.59774189610636,,98.4216677347819,98.31785728817894,
676702,Hunter Stratton,ATL/PIT,343,103.45262377324674,102.01993746757508,99.4442858014788,103.33232827382545,106.74959587328362,,,,88.3700008392334
669456,Shane Bieber,TOR,645,103.41426346653192,102.05960869167161,,99.62926808799186,103.43838442288913,,102.7259998957316,111.86481917048076,
683769,Hunter Gaddis,CLE,1049,103.39235463246945,99.97057632754104,,,105.96653649989072,,,101.5081293119801,
800311,Didier Fuentes,ATL,293,103.34703076984289,104.99573986346905,,,,100.99737491607667,103.02428523472378,,94.52888912624783
656234,Jake Bird,COL/NYY,957,103.33800416505947,89.55666605631511,91.52968945710555,97.34500058492024,,112.13747423702908,106.17027634299845,,
592332,Kevin Gausman,TOR,3030,103.27752470010185,105.06259367227115,113.83000183105469,,99.54370782973615,,,,101.57692234772644
680694,Kyle Bradish,BAL,494,103.27050608275873,100.67437492098126,88.48807464030959,,118.92649666367063,,106.5946878194809,,
668390,Cole Winn,TEX,619,103.23956381408001,106.71093571534631,97.71184627826398,100.61101713018903,106.90478996469193,,107.53499857584636,,102.88266611735025
573204,Caleb Thielbar,CHC,839,103.22412414005176,101.34569797352847,,,105.12195165370538,108.71116295156553,102.02949190947969,,
669302,Logan Gilbert,SEA,2156,103.20519019500223,99.81805314306362,101.12523796444847,,110.1575920707301,,99.73596274334452,,98.47144220230427
681869,Shawn Dubin,BAL/HOU,551,103.204900322722,97.14411783473376,97.92685399430522,103.2747369063528,,112.04958375295003,103.9564998626709,111.86200008392333,
621057,Justin Garza,NYM,86,103.19325593460438,100.3965630531311,,106.04627884265989,100.47875022888184,,,,99.37000020345052
663460,Kris Bubic,KC,1795,103.19299173169149,104.55429837857073,92.9883760631594,,102.29950005213419,103.04050526720413,,104.60722242082868,
687473,Ryan Gusto,HOU/MIA,1760,103.19182388999245,106.84924580309884,102.58919365175309,102.60520624377064,,101.47811109754774,97.96311776628966,97.81654775710334,
687396,Brent Headrick,NYY,366,103.18010943053199,105.24269250723032,,,97.37161295901063,,,,104.65564101781601
801434,Paul Gervase,LAD/TB,136,103.1621322631836,103.79262475967407,,100.75500011444092,102.8640001296997,,,,
622663,Luis Severino,ATH,2731,103.11843652211891,101.2562776360221,95.53491824335282,95.55472823266703,108.51055576183178,116.54320059132084,,99.98296561405577,
595345,Steven Okert,HOU,1052,103.11291817204581,100.50772929410321,,96.46285792759487,105.08120056202537,,,88.80999755859375,
664139,Ian Gibaut,CIN,388,103.11061853231843,98.61895023345947,,102.58277737652814,106.17678533281598,115.17507688082182,,100.87538381723257,
663455,Konnor Pilkington,WSH,500,103.09032000732422,103.52579666396319,,,101.94063182630038,,99.41500091552734,102.98018483762388,
676879,Aaron Ashby,MIL,1033,103.06634074651491,85.56624984741211,100.75390558782614,,108.48273822239467,,111.5879854195284,93.75655740206359,
684320,Yariel Rodríguez,TOR,1159,103.03850735128697,100.82654004962133,100.5310140416242,,106.22359843234138,,,,100.85746389195539
686642,Fraser Ellard,CWS,329,102.99553200394188,105.72408294677734,99.52687533696492,97,101.39093008706736,,,96.96875031789143,
664208,Phil Maton,STL/TEX,1008,102.9880258015224,,93.86754126626937,102.34110201160442,,107.55927536453027,104.84958426735618,,
621053,Tyler Ferguson,ATH,990,102.97890907056404,101.70394730818899,104.87547934545229,99.8160184930872,,104.87693038167832,,101.71400051116943,
664129,Geoff Hartlieb,DET/NYY,109,102.9782567855415,106.7099993779109,100.90562582015991,,102.02507451754897,,,,
676760,Ron Marinaccio,SD,164,102.97030490782203,104.44493663160107,,101.06093740463257,,105.38277774386935,,100.14685756138392,
801403,Chase Dollander,COL,1778,102.94512371754084,101.46162632784905,98.31348549979073,113.81063919415757,,,103.60263848619284,99.08992761805438,
681882,Colin Selby,BAL,214,102.91943911971333,100.9599997997284,95.70300004747179,,107.342499838935,,112.7935710634504,,
690928,Hunter Dobbins,BOS,931,102.90859292068235,100.83204262326187,96.61461463341347,,108.35956343393477,106.32458305358887,96.56000048773629,,101.35481403492115
621121,Lance McCullers Jr.,HOU,1147,102.8670706578515,88.63354861351752,91.11321544310229,98.51769241919884,,113.59005458738238,110.3901066881545,98.17641006860977,
668909,Gavin Williams,CLE,2925,102.86642726669963,104.36526499718592,98.69921894868214,95.13617084782298,,108.92409931529652,101.00911469192978,100,
681217,Chase Silseth,LAA,212,102.82042427782743,104.79776302136872,89.1932133265904,,,108.17376797441123,,,99.27948702298679
681293,Spencer Arrighetti,HOU,618,102.8039481153766,105.12877546037946,98.19581770463424,100.47093023255815,,103.8960712977818,103.89273384149126,98.58568928159517,
660787,Yerry De los Santos,NYY,590,102.80171179044045,97.57676896315354,105.30856178632749,,100.51285743713379,,,100.96552178318515,
681151,Jayden Murray,HOU,176,102.74170455065641,103.1596387380577,103.07974321414262,90.35299987792969,,105.35272748542555,105.2759994506836,98.93833287556966,
672841,Carlos Vargas,SEA,1095,102.74111426366518,94.51421034963508,102.05719027120716,100.01956536113352,108.85892183640424,,,98.68428584507534,
640451,Hunter Harvey,KC,167,102.72634746071822,102.13786555943864,,,103.89733276367187,,94.9212498664856,,107.16781282424927
689017,Landon Knack,LAD,773,102.72227690229133,105.25872001139322,,,103.17032623291016,,103.21250020540677,97.55707923964698,
701581,David Festa,MIN,882,102.6952040536063,107.9397855758667,93.43027260520242,,104.49500003103482,,,99.28078132867813,
676395,Robert Garcia,TEX,972,102.68577163602099,101.41697251906089,,,104.17835253134541,,,103.28080000443892,
692024,Alex Carrillo,NYM,84,102.67333394005185,97.63800048828125,,,107.39444506609881,,,,104.89000077681108
682144,Jayvien Sandridge,NYY,31,102.66096816524383,100.20083363850911,102.34250068664551,,104.2907697237455,,,,107.46500015258789
607074,Carlos Rodón,NYY,3212,102.65134495014271,100.46769350483304,99.21417480765037,91.44800109863282,107.32699545642785,,99.80821147391467,102.91809252553362,
669371,Cole Henry,WSH,967,102.60204747544203,102.83529652164513,102.4296938837791,101.16885724748884,,102.54006267043779,,101.59111022949219,
676962,Ben Brown,CHC,1759,102.59723149788115,99.06285283999453,,,,,108.18279617897284,96.86150007247925,
678316,Omar Cruz,SD,81,102.59160472728588,104.73659957885742,,,92.30999755859375,,105.61666700575087,96.67761920747303,
686613,Hunter Brown,HOU,2962,102.57593515642102,104.94881862987796,96.87132447106498,102.72713447198635,106.69564889223521,,104.20113209418531,101.9471066292752,
673513,Yuki Matsui,SD,1063,102.55571035562768,105.74969071887789,89.40374946594238,,101.36538452509592,104.6699124386436,98.43499755859375,,99.15614039995516
687074,Tyler Owens,DET,66,102.55363672429866,103.34357098170689,,101.4638900756836,106.17066701253255,,,,91.202001953125
680701,John Rooney,HOU,23,102.51999929676886,89.2599983215332,101.97799987792969,,,106.50214222499302,,,
641755,Tyler Kinley,ATL/COL,1225,102.46880813910036,89.69150003705705,,,106.48289903857547,,106.0935762418027,92.22090911865234,
680885,Spencer Schwellenbach,ATL,1573,102.45885562108568,105.51580186448656,98.22670861739147,93.83943477996999,106.1397894072951,,97.86327760484484,,103.72422013589002
519141,Drew Pomeranz,CHC,800,102.4573625278473,103.58011404776806,,,,,98.7510752524099,,
665625,Elvis Peguero,CWS/MIL,187,102.4536362510314,,99.6595742245938,,105.27774195517263,,,,
664076,Garrett Cleavinger,TB,874,102.42367289213621,97.2743926716742,95.32820438821987,106.51666717529297,108.95486736016288,108.72744479709202,,,
691769,Philip Abner,AZ,71,102.41943692489409,104.46153890169583,,,96.83052625154194,,,,
668984,Casey Legumina,SEA,861,102.39202087792232,104.13167438866957,97.77867340554997,,,104.29838946041644,,101.11543497831926,
669276,Dylan Lee,ATL,1102,102.37756791435007,105.92212191293406,,,102.64068622215122,,,92.92308175073912,
808967,Yoshinobu Yamamoto,LAD,2789,102.37651847929628,101.7829226554047,91.31138252223143,101.2673138121571,105.95443049563637,121.06999969482422,104.1981465792219,,105.37795779805788
679922,Carlos Duran,ATH,27,102.3751853660301,98.47083346048991,102.8866678873698,,109.4166653951009,,,,
543056,Danny Coulombe,MIN/TEX,719,102.37433938356699,102.17049640628463,91.89594185870627,106.851453444537,,103.01114503117918,107.24700012207032,,
668820,Max Kranick,NYM,529,102.32151250713038,106.31253599322014,100.58222283257379,,99.57686028964278,104.2936587449981,97.06460316975911,,
605218,Carl Edwards Jr.,LAA/TEX,90,102.29211120605468,110.44043482904848,,,,,94.57129029304751,91.87076979417067,
669193,Jack Little,LAD,44,102.29136310924183,103.08039916992188,,,101.09583346048991,,,,101.52285657610211
664353,José Urquidy,DET,56,102.2714283806937,108.34166590372722,,98.08000074114118,,,101.47799987792969,98.01999998092651,
681982,Grant Anderson,MIL,1158,102.25921418053292,100.76106501988002,103.9259928527194,,,102.17924666731325,,105.03937498728435,
669022,MacKenzie Gore,WSH,2818,102.25832504748959,105.01921469059046,,93.39669197484066,104.4186187606674,,98.9078220847801,98.41297579966614,
687330,Kevin Kelly,TB,588,102.25000009082612,92.93999984416556,104.29450889543301,94.12632896326765,,105.4563792656208,,,
656605,Mitch Keller,PIT,2870,102.24732403373054,99.67214423812224,93.19879141467356,96.80666605631511,105.22800508342182,113.11758690647495,99.35728563581195,105.75171703762479,
608718,Brent Suter,CIN,1116,102.24445352588504,107.86789815137341,97.88414749618649,,90.63639702516444,,,102.46362572172248,
660825,Eduard Bazardo,SEA,1224,102.23827622606863,99.28942884172712,100.2273442289479,108.70666758219402,,105.67595413440966,,,90.02760009765625
614179,José Ruiz,ATL/PHI,302,102.23384124553756,102.7213045866593,95.16765967835771,,103.40500259399414,106.19666798909505,103.83123599277454,104.83500024546747,
641585,J.P. France,HOU,76,102.20749975505628,100.6092306283804,81.9000015258789,106.39999949137369,,99.13999938964844,101.60071400233677,89.1200008392334,
696270,Ryan Johnson,LAA,274,102.19383197979336,94.62666575113933,91.22033872442731,106.61093197838734,104.64411836511948,106.35836054067143,,,93.02062511444092
650644,Aaron Civale,CHC/CWS/MIL,1747,102.18502583801235,94.79970511123263,94.33877150760169,108.47677581087852,102.79451859085648,113.0533332824707,106.80730299516158,,90.13821766164043
647336,Michael Soroka,CHC/WSH,1528,102.17823298688958,103.44708934641022,97.8112160966203,,,,102.01772130186724,101.21670970301474,
642239,Rob Zastryzny,MIL,347,102.17778096487612,102.90480507194222,,102.24539124862008,,102.22120025634766,,97.44900054931641,98.03222232394748
680880,Grant Holman,ATH,376,102.16683513560194,95.65466668870714,,,104.76240066528321,,,,109.30664365585537
606160,Rafael Montero,ATL/DET/HOU,1088,102.15953131283031,100.49337135957965,95.80732154846191,,102.62289143757648,,,,104.21582361857097
686790,Trevor McDonald,SF,212,102.13349068839595,,98.93719482421875,93.10636416348544,106.80233686215409,,,90.61916669209798,
676083,Janson Junk,MIA,1622,102.10601109082543,99.17839597211922,,,105.30351233429023,105.38279362728721,101.13415772287469,100.01763813889872,
656420,J.P. Feyereisen,AZ/LAD,81,102.08271582332658,97.89892850603376,,,102.2337498664856,102.63999938964844,,105.25416628519694,
666157,Nick Lodolo,CIN,2478,102.07949959029105,104.43492017948057,105.21361100938586,,,,101.56825598651011,96.59286250855399,
606965,Chris Devenski,NYM,262,102.0703053365227,93.93535723005023,105.37999979654948,100.07227204062723,97.72500228881836,102.60781846479937,,107.09647062713024,
680951,Doug Nikhazy,CLE,107,102.06691528035101,100.36899932861328,,,106.08774148264239,107.74833297729492,100.50916608174641,95.17374897003174,
657240,Julian Merryweather,CHC,353,102.06317279156477,101.53792892546343,,,102.71697147914341,100.70200042724609,,97.35249900817871,
675989,Cody Bolton,CLE,40,102.06125030517578,96.50800170898438,94.45058845071232,107.18333435058594,,111.51333312988281,,,
605483,Blake Snell,LAD,1028,102.0483364966129,104.1143079996109,,,101.46298224465889,,100.23322853806842,100.17979421733338,
655889,Manuel Rodríguez,TB,431,102.03742465840138,97.90380289856817,91.41794507797451,,110.65392542331018,,,,
668964,Tobias Myers,MIL,826,102.03525437916163,104.29584466356374,,99.64751571750048,101.52107913888615,,97.36166636149089,103.50416692097981,99.33100796485132
660604,Alan Rangel,PHI,174,102.03080455736182,101.71197349146793,,,104.77212131384647,,96.13272718949752,102.0057408368146,
647315,Zach Pop,NYM/SEA,127,102.02519676629014,,102.67614288330078,94.96230756319486,106.47903196273312,,,,
663804,Jackson Kowar,SEA,281,102.02334507843779,98.27364184532637,102.91500091552734,,106.80879981994629,,,110.37933349609375,
656557,Tanner Houck,BOS,749,102.01048062863114,91.33499977805398,102.33657721705084,,,105.78649050154776,,,97.58725357055664
595928,John Curtiss,AZ,545,101.96218354111417,104.01197971174741,,99.48277117258095,104.1112236490055,,,94.00783786258182,
666200,Jesús Luzardo,PHI,3013,101.93394627461906,98.74896203686377,101.24286175067608,,104.14814653067754,106.76109332772569,,98.86011521235079,
674370,Osvaldo Bido,ATH,1380,101.93145661284959,104.29436199369884,99.33593181535309,100.37031912296376,103.4033576427005,,,93.92294520547945,
640454,Matt Krook,ATH,71,101.92605644548443,,96.69043466319208,96.55823561724495,,115.92421039782073,,97.40166727701823,
675512,Troy Melton,DET,656,101.86978665793815,101.425255573579,91.70057965707088,104.67732378462671,103.72785756495092,,100.21514260428292,,109.33981092920843
687075,Brandon Sproat,NYM,290,101.86927579682448,97.74924983978272,100.81811848253307,,101.46299896240234,110.39472725608132,97.56395366579987,101.65609815644055,
642528,Jonathan Loáisiga,NYY,467,101.85578165319798,105.53714261736188,101.75248155947085,99.44823590446921,,,109.82307688395183,94.99022735248913,
671131,Jackson Rutledge,WSH,1339,101.83490667706376,101.65984008789063,104.54899321322583,100.82215907356955,100.17011424473354,,,,98.80817461770678
663321,Nick Hernandez,HOU,221,101.82547528711379,107.04357902125308,,,98.38772318622854,,,,95.88519958496094
694646,Chayce McDermott,BAL,195,101.82128174610627,100.33980909075056,,104.73142823718842,103.02653826200046,108.78200225830078,101.33000183105469,,101.61599884033203
676130,José Buttó,NYM/SF,1095,101.81234700102785,103.75721907756737,93.74225796935379,,104.50722547856773,103.61233758307122,,100.73493966711573,
593423,Frankie Montas,NYM,708,101.78802256395588,94.55123601334819,96.29298363962481,96.40319453345404,107.91549517657306,113.82584430645039,,,106.92623295196115
672782,Yoendrys Gómez,CWS/LAD/NYY,1099,101.76918111702223,103.4682067166204,95.25259421006689,96.3287998453776,104.14933319091797,110.34422465441699,101.14563278005093,97.28809556506928,
697812,Joe Rock,TB,145,101.76786230679215,97.49969667376894,104.34125030040741,,100.42447421425267,,,104.48800048828124,
679883,Luinder Avila,KC,217,101.76428602368051,103.36396874321832,95.42500041081355,,107.4749984741211,,104.2300001915465,99.375,
453286,Max Scherzer,TOR,1390,101.76340283730048,104.50421351990289,,94.24370377152054,102.4055927357775,,95.88200022379557,97.22430760310246,
676092,Collin Snider,SEA,477,101.72647801685133,100.32576253858663,95.06018872530956,102.36565220045007,,104.77718143335125,101.50119036719913,,
689690,Alek Jacob,SD,586,101.70624573482995,102.85040483976665,100.21558122856672,,,102.91828143596649,,100.47883601920314,
664285,Framber Valdez,HOU,2891,101.69498099871714,85.8057141985212,97.42969372444094,,102.33373637775799,,110.63317669397112,96.44722860173661,
612434,Miguel Castro,CWS,105,101.69371432349796,98.93999984741211,101.02846233661359,,107.94233322143555,,,98.2666670481364,
681347,Mike Burrows,PIT,1537,101.68999355120091,99.39754152773227,97.95321856970075,,105.77753326416016,,101.94147553991098,102.8759453969459,
605154,John Brebbia,ATL/DET,459,101.65984728445414,101.10644409179687,,,103.7434169826795,,95.40499877929688,93.10838736257246,
656550,Grant Holmes,ATL,1964,101.64665485545234,100.41666677412293,87.73499870300293,92.39781135019629,105.40329070784088,,104.61244153179054,104.45478290060292,
668674,Lucas Erceg,KC,963,101.62736235526492,98.83605518803051,101.61108690344768,,103.14190819406677,,,103.99888193829459,
656638,Alex Lange,DET,20,101.62699928283692,90.5099983215332,100.43333180745442,,,,103.73999913533528,101.78000132242839,
668678,Zac Gallen,AZ,3135,101.62686443906841,104.49179304786644,86.7184809431245,99.5524313067863,105.28541843901647,,98.63247281572093,99.3997205326895,
663554,Casey Mize,DET,2353,101.61997443708621,103.25465819926201,95.08579130847045,,102.31572904189427,,99.54102215751672,,103.4350790281916
691172,Yosver Zulueta,CIN,140,101.61657153538295,94.03640075683593,102.07624994005475,,105.63229163487752,,,98.98090917413884,
680704,Nick Sandlin,TOR,290,101.59051713614629,99.73229492687788,99.86709619337513,,104.9465955369016,,,,96.21456186394943
687166,Austin Pope,AZ,36,101.58944511413574,100.6750005086263,94.6566670735677,,105.52222273084853,,101.9000015258789,,
663558,Jovani Morán,BOS,80,101.57762546539307,101.32793137122844,,101.78928647722516,101.33800048828125,,98.27999877929688,101.86064566335371,
642520,Gerson Garabito,TEX,121,101.56223133181737,111.47239990234375,96.59381067185174,,101.53148114239728,,100.71896493845972,95.34473660117702,
607179,Jordan Weems,HOU,98,101.55428516621492,100.09315731650905,,,107.15821402413505,,98.17499923706055,,95.47545346346769
675911,Spencer Strider,ATL,2110,101.51413744885775,103.05495829057297,,,100.13069901415096,,98.73345736239818,100.34319643630195,
692285,Luis Guerrero,BOS,289,101.47979226821846,98.46037024038809,,,101.18024180012364,108.10674427830895,,107.07142802647182,
669422,Matt Sauer,LAD,512,101.47619153559208,102.51696470805577,96.87555533515082,107.16079772761994,99.41427071889241,,98.1,,92.47021782916525
642121,Cole Sulser,TB,387,101.47116270237807,102.0048363878836,,101.74790135136357,,106.8650016784668,,100.71052970633602,
663436,Davis Martin,CWS,2307,101.44524925241855,99.24219871672574,97.10760334109472,101.77121939310213,99.3153318869516,106.31959183362065,100.66585588884783,107.42579047845058,
669211,Keegan Akin,BAL,1058,101.41307196950642,101.74167595120424,,,103.1518094163192,,,98.0623224629045,
700669,Gordon Graceffo,STL,756,101.40798946158596,96.00936177726213,91.83272760564631,,105.10084590627186,,107.43748712784205,99.58099937438965,
657612,Tim Hill,NYY,899,101.40286980481514,99.13380167306947,102.41483081822788,89.26743531838441,,,,,
663574,Tony Santillan,CIN,1230,101.40014632930601,98.88564452361106,,,105.77854535651929,,106.31211331925302,86.37999725341797,
666974,Yennier Cano,BAL,986,101.37963487265318,90.46283188541379,103.45466818007748,87.9307141985212,109.04236169556278,,,95.69308936886671,99.22211262877558
625643,Reynaldo López,ATL,94,101.34287188915496,103.25387697803731,,,100.96741903981855,,95.25499979654948,96.86999893188477,
670174,Josh Winckowski,BOS,207,101.31318856207069,94.90704921034516,101.91871819129356,107.17191541955826,105.15148078070746,,,100.954545916933,
813349,Connelly Early,BOS,323,101.30486075575507,104.27085129758144,101.24190484909784,,97.20135168127112,103.46200027465821,99.58000000910972,100.48095206608848,
657746,Joe Ryan,MIN,2794,101.26160702606398,103.38928060178404,96.01722562933244,,94.27348862877187,103.26404360995267,104.6032730102539,,99.74470948250062
687830,Sawyer Gipson-Long,DET,463,101.25719217914227,103.03694636221151,100.33470602596508,100.1586003112793,101.42353558781171,,,100.07071382172253,
681432,Luke Little,CHC,76,101.23684170371608,99.63634100192931,,,,103.11171395438058,,,
434378,Justin Verlander,SF,2608,101.23540252995637,100.87210655857868,92.00899887084961,,104.679686833842,101.30951468458453,98.71703404704417,98.42112591030362,
669947,Jesse Scholtens,TB,154,101.21798671375622,99.0399997517214,,,103.99686222450406,100.86333296034071,,,101.16125106811523
677961,Cole Wilcox,TB,39,101.19564036833934,85.48444366455078,102.56857081821987,,106.60444471571181,111.69571249825614,,,
682790,Wikelman González,CWS,368,101.18741841938184,102.4330096568876,,,103.67000017668072,,102.6149999929029,93.70438572398403,
605513,Spencer Turnbull,TOR,125,101.16911962890624,97.67063822644822,94.03625011444092,,99.73777686225043,110.63178525652204,100.56894723992599,99.79928425380162,
806188,Cade Gibson,MIA,908,101.14776433196887,85.85329549962825,95.39079811203648,,102.85569772054983,107.80426321103592,110.83176938570463,93.94121222062545,
656986,Bennett Sousa,HOU,728,101.14276085319099,97.1836608110848,83.11700057983398,,104.32997625544843,,,,
672456,Keider Montero,DET,1473,101.12395791690203,101.305717400894,97.43095559390332,,106.80907130758091,112.23999786376953,101.5900934522397,96.11100534913402,
593576,Héctor Neris,ATL/HOU/LAA,548,101.11965340941492,101.32542253282335,93.97824974060059,,98.35374975204468,,,107.16357122148786,101.59824275571432
608717,Chris Stratton,KC/LAD,411,101.07632622637598,99.03843426991658,93.15727233886719,,104.1348529142492,112.08399963378906,103.98406955807708,99.90720021565755,
664299,Cristian Javier,HOU,617,101.06350057592655,102.79495899851729,91.46016912945247,,,104.9126827581142,100.36445957905538,98.61947804326597,
642701,Dennis Santana,PIT,1002,101.03523969364737,99.90020922085965,99.32134191001335,96.50346161768987,103.68292489000547,,,96.44812512397766,
694297,Brandon Pfaadt,AZ,2920,101.03014042475452,103.07419585066232,97.16242342760962,100.80876393978961,,110.33822885210664,102.50473705090974,91.93849006836471,
693313,Carson Seymour,SF,621,101.02177135571958,100.12854031750756,99.90171764461138,95.53322576707409,106.42057356287222,,103.58657877068771,,
543243,Sonny Gray,STL,2717,100.98936699680164,101.51611188231179,90.22153071189413,103.7799127046452,99.55318173495206,112.52927363671034,102.66851422106885,88.75200882957492,
506433,Yu Darvish,SD,1158,100.9862090128897,102.0393548780872,98.30250000131541,96.76276597909047,106.15768776601449,108.7143807547433,100.30171887079875,89.09999974568684,97.07447188462669
663855,Jordan Hicks,BOS/SF,1199,100.93050046639208,93.95162166561093,101.45457061814385,,100.81290728546853,102.554172543313,,,100.81513913472493
669713,Hayden Wesneski,HOU,508,100.92017727949488,91.43967014354664,88.56509471389482,104.54000078398606,,120.62839996337891,99.82319170363407,95.30046560597974,
543518,Scott McGough,ATH/AZ,297,100.91569043811323,104.61112101324673,92.80833435058594,,103.12271423339844,,,,96.00787892967763
657277,Logan Webb,SF,3282,100.89672459399533,86.10956534283906,97.64199813235733,91.61552140519426,,111.31572752228307,,101.71710490577591,
687064,Brandon Young,BAL,940,100.86871270524695,98.8196116327082,,104.22197696774505,99.09869057791573,,102.99391849620922,96.9123254820358,104.22275442705897
656288,Griffin Canning,NYM,1343,100.86698446607554,91.72123154561231,,93.45360000610351,107.16856452960458,112.07833353678386,102.10425313313802,106.78426292615059,
681810,Austin Warren,NYM,146,100.86595895845596,100.03900108337402,100.25634574890137,93.98160003662109,,107.34380958193825,107.05000305175781,91.21500015258789,
663969,Tyler Phillips,MIA,1114,100.83377914154765,88.75676758120758,100.23254281180246,95.95999908447266,,106.18027885406616,104.4526458621489,,95.29697378058182
663992,Richard Lovelady,NYM/TOR,221,100.79692288221817,98.2417847769601,98.40684198078357,,101.0816666285197,103.44591390958396,,,
701519,Travis Adams,MIN,663,100.77383114453714,100.73969241411258,95.92567557257576,105.54650419902026,101.32774444809533,,96.12592598243997,99.24414419913077,
681343,Shane Smith,CWS,2419,100.76701527185901,99.49215792821458,99.01506673177083,,102.3421267893777,116.35000101725261,98.15507079386508,106.59716740500164,
573124,Taylor Rogers,CHC/CIN,894,100.76042506412105,,95.35077453474248,,,105.97984612433466,,,
687424,Anthony Maldonado,ATH,129,100.75682168413502,97.44193513931766,,,103.82432863605557,,,,
673820,Robinson Piña,MIA/TOR,61,100.75606536865234,104.9845463145863,102.85615334144005,,99.16399993896485,,,,94.67071369716099
676206,Freddy Tarnok,MIA,130,100.72523075984074,99.94863631508566,87.90333218044705,,107.43681820956144,,97.0086958512016,103.45625019073486,
656271,Brock Burke,LAA,1014,100.72459567369089,97.25297681231831,95.26061663215543,,102.18467859540667,,,107.5701346632611,
663485,Cole Sands,MIN,1143,100.71857386978697,98.50921031048424,96.17320421829965,98.4094853962169,104.77249908447266,,105.90525842944221,,103.33765139560468
607455,Anthony Banda,LAD,1065,100.71624411999339,97.75734928238344,97.76968250577411,,104.21998095330392,,,91.7997501373291,
679775,Kyle Backhus,AZ,430,100.6999766327614,,101.78761892353658,,,99.83594822061472,,95.90243883830745,
677865,Justin Bruihl,TOR,219,100.68721454219731,,100.63187510626656,99.81124973297119,,100.90934040782216,,,
670950,Trevor Richards,AZ/KC,116,100.67732791242928,100.9417651681339,,,98.91666666666667,,,100.76472240024142,
681892,Kody Funderburk,MIN,725,100.65634474129513,,101.85016883174076,98.18581011042248,102.75999959309895,99.25597196155124,,102.91908027385843,
621381,Matt Strahm,PHI,993,100.643756363207,103.38201079995,96.96453932711952,90.75993110393655,103.74044178863429,,,98.87333424886067,
656186,Dan Altavilla,CWS,456,100.61160074200546,98.61107414813081,96.65614024379798,,103.76912274277001,,,103.72401856039173,
681190,Randy Vásquez,SD,2148,100.60536781680429,98.89203549275356,96.58204885343225,101.2611587809625,102.4295655955439,108.18181509649202,100.78489137732464,99.32628358376992,
669684,Chris Murphy,BOS,569,100.5519154419589,104.09888245140374,93.8085708618164,,100.16114010727196,100.67027748955621,98.68293775138208,98.96034503805227,95.74499893188477
622786,Jesus Tinoco,MIA,304,100.51855262957122,94.23064521051222,98.89536049439735,,104.93307700523964,,,95.703043896219,
676775,Keaton Winn,SF,165,100.50939391165069,91.37045461481267,96.18951211324553,,105.02124977111816,,,,108.05291663275824
682171,Penn Murfee,CWS,232,100.48409488283355,99.1498838912609,95.97233327229817,,,102.6000876844975,,104.92000198364258,
687362,Connor Gillispie,MIA,471,100.45861997827096,104.87343073935405,,96.72170929215912,,100.59467628533892,95.81000061035157,98.22191787092653,
664991,Grant Wolfram,BAL,520,100.44976922548734,91.50949396060992,97.99914673719361,,107.05561529306264,104.73227206143466,103.89039007409826,,105.91000366210938
606930,Jacob Barnes,TOR,146,100.44075341420631,101.44574002866392,,101.56202728683884,95.51750183105469,,,,90.65500030517578
677955,Jaden Hill,COL,489,100.43856838046895,95.62160689490182,98.82949265189792,,110.36134447370257,,,96.9447498957316,
681857,Reese Olson,DET,1159,100.43172555549891,101.09769948323567,99.08865447438092,,104.58020004272461,103.48999938964843,98.40499997138977,98.34716636657714,
665665,Reiver Sanmartin,CIN,25,100.41840026855469,104.31000010172527,103.40428597586495,,102.9499994913737,,,97.07083384195964,
592791,Jameson Taillon,CHC,1979,100.41723603513158,97.30561927155394,87.59999982353781,105.77456752156716,,108.89688320903035,98.87980982559262,102.52266986553485,
472610,Luis García,LAA/LAD/WSH,896,100.41400653123856,101.27705876967487,97.50145867142817,,,107.1676488964763,,,95.63279983520508
685326,McCade Brown,COL,502,100.40733063078497,102.00428572598234,,,102.89783485648559,,93.10355550977918,98.88714272635323,
543101,Anthony DeSclafani,AZ,634,100.40649846073957,101.15084925237691,99.6915701243503,,103.1134286063058,103.99200134277343,102.6565413510889,,95.06891478309336
605130,Scott Barlow,CIN,1273,100.40062843676355,98.23672768648933,92.03219261781418,,101.21760351007634,106.40936473193089,99.42081323651036,85.79000091552734,
669432,Trevor Rogers,BAL,1627,100.3915549186233,98.84714494226922,101.87711349735415,,96.64307689177684,100.89906770091946,,103.66253694055116,
669854,Ronel Blanco,HOU,793,100.34282473627887,102.37035345609955,,,100.02631979370118,,96.39062111422142,101.77353575735381,
667755,José Soriano,LAA,2784,100.33059626064082,95.06719670634888,94.18982455604954,,105.58422601790656,,113.96236872512591,100.94300003051758,95.02351582050323
694738,Landen Roupp,SF,1851,100.32212319727012,86.96384723369891,99.29892957113623,92.47653198242188,,,105.17966664632162,96.19443053233472,
676428,Brant Hurter,DET,1052,100.29981937335924,92.83714308057513,100.737663006437,,,103.6764156617314,,91.86401775905064,
701121,Logan VanWey,HOU,182,100.29445019397107,99.02614529927571,94.13599904378255,96.37666575113933,,105.1499999290289,,101.60590952092952,
641386,Ben Bowden,ATH,187,100.2858821440508,100.74899978637696,,,101.42037704755676,,102.17000198364258,95.06590895219283,
621366,Ryan Borucki,PIT/TOR,594,100.27217181684192,,102.3712822840764,,99.72352465645211,102.34120874090509,,,96.564660303801
666168,Mason Thompson,WSH,239,100.26456077926828,102.51272756403142,98.53541707992554,,101.07087469100952,,102.12416712443034,97.44428471156529,
696136,Jordan Wicks,CHC,217,100.22953880767119,101.15499966643577,92.56636359474875,,103.06357111249652,104.88384598952074,99.30999755859375,98.1630182806051,
663687,Hogan Harris,ATH,1125,100.21410654025608,102.27711586070285,,89.69499969482422,101.2249993218316,95.77142900739398,97.05410131812096,99.84675680624473,
642152,Lou Trivino,LAD/PHI/SF,841,100.18419750408667,89.01659097093524,99.95548383651241,99.70270963020512,,111.30676475973691,97.39700012207031,98.40878595624652,
622780,Angel Perdomo,ATH,72,100.17166593339708,99.63479089736938,,,102.26714215959821,,,94.0933329264323,
671096,Andrew Abbott,CIN,2677,100.1658722225926,100.54868564922849,,94.59660896632982,,108.00864474495575,101.53356440704648,93.9119581795464,
592155,Cam Booser,CWS,571,100.16192655012195,102.37866420600251,,104.16964265278408,,94.47098931113442,,100.56866709391277,
670102,Bowden Francis,TOR,1141,100.13827339459887,102.46255084830271,91.19500007629395,,99.81439370820017,,94.10737466812134,,98.88816413283348
600917,José Leclerc,ATH,229,100.12742334890574,105.15474299895457,91.94578953793174,104.65090896144058,99.78645849227905,,100.08000087738037,91.54116235777389,
596112,Robert Stephenson,LAA,147,100.11877568562825,95.21826088946798,,102.64009925162438,102.76909082586116,,,,85.86083348592122
579328,Yusei Kikuchi,LAA,3094,100.11269876767376,101.44758556552996,91.78972223069933,,101.27234611545259,100.43999989827473,98.08495790818158,96.15518724982114,
621199,Matt Bowman,BAL,447,100.11158857836286,91.26769315279446,102.27876281738281,98.92069582731827,,107.88965597920034,,,77.86947385888351
623211,Huascar Brazobán,NYM,1011,100.0777448433443,96.03190057927912,102.28928395481262,95.52335947751999,,,,100.69789611023742,
677944,Slade Cecconi,CLE,2063,100.0486669942585,100.33636258202745,98.27365613088733,98.0391070502145,103.32802093029022,102.39500045776367,97.09173541349523,100.03716150099231,
669711,Greg Weissert,BOS,1069,100.04554728551709,94.813249433074,99.74356893417409,,101.9271098671621,113.37778962787829,105.78813934326172,101.1860578243549,
688138,Logan Evans,SEA,1338,99.99711519078824,89.49210858507222,98.31495588859626,99.92921359887283,,110.1346668546162,97.43106859512912,94.42288371829167,
663562,Noah Davis,LAD/MIN,251,99.9808765426575,89.86421042994449,99.03591393911711,98.71106427781125,105.93200073242187,104.52455699292919,104.91999816894531,,
623437,Justin Topa,MIN,980,99.97384686372718,,99.45891422816685,93.14040822398906,,106.54296154593757,,97.48571408849185,
641154,Pablo López,MIN,1259,99.97269258506721,96.55046227074772,94.30963460410514,,,105.61438205447536,102.95096778869629,101.33925091461296,
656427,Jack Flaherty,DET,2831,99.93822323480119,102.58617931213608,89.82777845594617,,100.27426008329977,,96.3417827319302,90.19611114925809,
595897,Nick Burdi,BOS,83,99.93493955681123,89.56947286505448,97.68611123826769,,110.92153842632587,,,96.05999755859375,
657571,Caleb Ferguson,PIT/SEA,1042,99.93394446052653,100.71784628061148,96.25333336310658,101.722418144101,,,100.87788569244519,,
687606,Paxton Schultz,TOR,448,99.93312496798379,103.54361421516143,,95.83426388289577,100.69787863529089,,,98.54160913927802,
700363,AJ Smith-Shawver,ATL,711,99.92919827446488,101.1005120564656,,,98.84299977620442,,96.7036110913312,,99.89630696783422
621111,Walker Buehler,BOS/PHI,2189,99.92618543015816,97.15747292033171,93.34972137196151,101.41675687222867,107.59868514501356,106.21653020949591,99.61308488778188,99.91293314615885,
695445,Chase Lee,DET,600,99.9221833674113,93.61212584728331,94.50635973612468,,,110.17775127648167,,96.94361114501953,
594580,Sam Moll,CIN,332,99.90623481015125,94.66888840993245,97.60671053434673,,,104.50986491022883,,96.30944400363498,
621139,Brooks Kriske,CHC/MIN,381,99.90451446292907,97.55864652475917,,102.36547560918899,98.44500350952148,,,,100.9415688234217
606996,Kyle Hart,SD,691,99.89545594145007,93.69581791270863,96.93245030081036,,99.89236153496637,108.67873919943105,,92.70164977398116,93.6774198470577
657649,Jared Koenig,MIL,1043,99.87728668973635,102.07714244297573,101.26778347318749,96.41381216312641,,,100.73376540195795,96.04105256733142,
664948,Anthony Misiewicz,MIN,115,99.82539162013842,90.6200008392334,,104.15859377384186,,,105.65250091552734,85.90260912024456,
663542,Bryan Hudson,CWS/MIL,318,99.82462260408222,101.00919799084933,97.32956529700238,96.31000033291903,,97.78328584943499,,93.72999954223633,
682995,Hunter Barco,PIT,46,99.81173938253652,101.28956504490064,,,100.5130012512207,,,,96.6576925424429
702674,Caden Dana,LAA,562,99.79774023035667,99.62418968592708,,,101.8980000649729,,99.36844465467665,97.3911926549509,
676282,Joey Cantillo,CLE,1637,99.78814908390592,94.92107725629293,,,100.79804203060124,,104.64312721774321,103.20571981811523,
641927,Bailey Ober,MIN,2356,99.7830348443904,97.92984638259202,93.17986673990886,,98.67698559920754,98.90581045037673,98.1915661915239,104.01121883980503,
682847,Luis Ortiz,CLE,1501,99.77071948372308,97.4380498700131,100.88133109551647,96.36809776140296,103.70902305151932,,,98.72628858900562,
641816,Tyler Mahle,TEX,1381,99.74154245982905,102.25908180437004,,99.7352874580471,100.21289853082187,,,,95.06532638191243
688642,Zach Agnos,COL,527,99.71726765352138,97.7036129859186,,95.39556815407492,,106.59639580305233,108.875,,104.00259265193233
676440,Tanner Bibee,CLE,2969,99.71669914474307,90.24072546999284,94.35477773030598,108.89737088603358,,110.82925527045067,98.68723663530852,98.58571094089085,
678215,Luarbert Arias,MIA,207,99.70961367104941,98.2988135127698,94.96473734002365,,100.95124999682109,,,,101.351818893895
681751,Lazaro Estrada,TOR,119,99.69487416243352,99.64379343493232,,,100.26561011337652,,98.2607680100661,,99.43857247488839
681895,Evan Sisk,KC/PIT,329,99.68729491074397,94.88212111501983,97.72233018597353,100.49411751242245,98.43000030517578,106.60079583254728,96.41499979355756,,
673540,Kodai Senga,NYM,1901,99.61345609999029,103.68662775259384,100.27473683942829,93.31629542612659,101.86758892876762,98.06658133482321,95.27468776702881,,
669084,DL Hall,MIL,588,99.5953402227285,103.77548570905412,94.70657870644017,93.45301926810787,103.33807345049097,,100.65035738263812,96.1174038373507,
686228,Juan Burgos,AZ/SEA,220,99.57354555996982,,91.39402823978,98.78753411279966,,109.30557141985211,,92.58600006103515,
640455,Sean Manaea,NYM,1095,99.5630869129477,98.66438912554204,,,,102.32245329576682,,92.54852470022733,
519242,Chris Sale,ATL,2031,99.55080256797832,99.27488189047955,100.83861139085558,,100.27135409514109,,,95.94934630549811,
605347,Jorge López,WSH,387,99.55025833090454,91.53640022277833,101.31009514218285,,106.40412502288818,,102.41292266845703,96.36702666411529,
691441,Cristian Mena,AZ,100,99.54709999084473,102.34827554636988,91.06333414713542,,,109.82545332475142,103.12606071703362,85.50733388264975,
689520,Cody Laweryson,MIN,93,99.52967719621556,100.02103410918137,,100.62199935913085,,,,97.95280029296875,
571927,Steven Matz,BOS/STL,1160,99.52867241563469,,98.54589976532972,,96.81499989827473,,100.084070982198,102.25213272311676,
663978,Chris Paddack,DET/MIN,2565,99.49352826272768,100.40213705463599,90.04736850136204,97.83476180389148,100.41103455116009,,94.39779617911891,103.3623344092969,
519326,Hunter Strickland,LAA,332,99.47704804661763,95.43136772742638,98.98399941580637,,103.24175919426813,107.53295395591043,,89.81821359906878,
656464,Kevin Ginkel,AZ,491,99.4662932883455,96.48266115496236,97.12029400993796,,103.38832555889513,,,,
641656,Ian Hamilton,NYY,641,99.44051472965901,100.02122209337023,99.16342006521815,,99.5749589888776,,,,
608337,Lucas Giolito,BOS,2368,99.43108114358542,96.56489531698443,,,102.51683174108122,,96.5028048259456,102.5299627039763,
670167,John Schreiber,KC,1047,99.4296848111303,96.2312991323788,103.73960602107306,94.44408163732412,,103.04104722512734,,103.80904679071335,
680736,Justin Wrobleski,LAD,1092,99.40665748093154,104.22891020163512,89.77897772894966,94.00084408846769,104.8368265356085,,98.16095774224463,103.28722190856934,
477132,Clayton Kershaw,LAD,1767,99.35318611891984,102.30216749470027,91.70999908447266,,100.34042401189843,,95.68227818646008,,86.5140818381796
608650,Dietrich Enns,BAL/DET,741,99.33630224889428,98.4447490725897,86.00499979654948,101.43813032444899,,,93.89916674296062,101.89063928334136,
628452,Raisel Iglesias,ATL,964,99.32713691426511,98.9037532070915,98.4689952357534,,106.87357892488178,,,97.95125455961896,
665152,Dean Kremer,BAL,2693,99.32267732900003,99.60106153861105,93.40661546266996,104.60384891573237,103.6566670735677,,98.5517732930738,,99.78395056346106
677020,Josh Walker,TOR,92,99.31956523397695,99.03351366197741,94.01166661580403,,,,100.1855101293447,,
605182,Mike Clevinger,CWS,114,99.3005261337548,103.34404754638672,80.72999877929688,101.79384583693285,,100.58045473965731,98.08999633789062,89.92555533515082,
663559,Bailey Falter,KC/PIT,1951,99.28953360240317,101.45823586371637,98.87240860225019,,99.41289771686901,,92.89562277164099,,96.50331130880394
663947,Tyler Holton,DET,1159,99.26290754658893,95.01893126509572,94.81889310090438,103.4807999093192,,105.49186025220294,102.57341431408393,91.74266264424521,
676051,Codi Heuer,DET/TEX,87,99.25471286115975,97.75736879047595,,,100.24255832405977,,,101.65833282470703,
663795,Justin Hagenman,NYM,383,99.23992176902512,,101.77218770980835,94.23576025390625,100.82297278739311,,,102.25443181124601,
672710,Roansy Contreras,BAL/COL,197,99.22878184052288,98.38373501329536,98.8604552529075,,103.64722294277615,,98.21411716236787,97.12318142977628,
686249,Nathan Wiles,ATL,24,99.22541681925456,105.44666629367404,,101.61833318074544,,,,91.40888977050781,
684007,Shota Imanaga,CHC,2176,99.22371328578276,103.51943345830844,86.52000059904876,,99.83916727701823,98.63910870565346,96.89857177734375,,93.48935674923902
684974,Craig Yoho,MIL,176,99.14346638592806,100.67806061701988,,96.39583524068196,,108.14000034332275,,96.50407400248963,
666214,Joey Wentz,ATL/MIN/PIT,1815,99.13366938399217,95.77339997291566,,99.9939072968944,104.16591664950053,,99.31535809953635,100.47523825509208,
670955,Edwin Uceta,TB,1214,99.12116142159827,97.95580123065693,95.18450050354004,94.89658027609396,,102.18583382500543,,101.99885580095194,
489446,Kirby Yates,LAD,762,99.10994747492272,99.45888625058261,,,,,,,98.6331367255738
657024,Erik Swanson,TOR,128,99.1052343249321,94.63677939722093,,,104.10384662334735,,,,102.65267862592425
664294,Dauri Moreta,PIT,285,99.09129834091455,95.47586765762203,,,101.98211200785192,,,89.77333577473958,
676969,Brett de Geus,PHI,47,99.0731918659616,,100.05518567120588,96.58142852783203,,,99.21999952528212,,96.47500228881836
805427,Drew Sommers,DET,78,99.05628194564429,95.78199996948243,99.29264674467198,,99.87848501494436,,,96.62999725341797,
701487,Pierson Ohl,MIN,544,99.05411776374368,99.12340346905364,,99.04953122138977,,,94.91781258583069,99.6690733374619,
608372,Tomoyuki Sugano,BAL,2565,99.0530213859811,101.69179388616503,92.80890757366292,97.95211048869344,,106.50770131169227,97.70963814363901,,96.01634552154034
661527,Seth Martinez,MIA,120,99.01825014750163,93.32937502861023,94.94636327570134,97.10500030517578,,107.34386392073198,,91.23153862586388,
608334,Carson Fulmer,LAA,461,98.97292845885303,102.32400008491848,91.34518864469707,,102.22197572684583,,99.89965478305159,99.9969230064979,
675919,Nick Raquet,STL,27,98.97185120759187,89.71999867757161,88.58499908447266,,,108.82846069335938,,93.21000162760417,
664062,Tony Gonsolin,LAD,609,98.96072258659576,91.88248979218152,,,100.78673498971122,,104.57252443183972,,104.95582828638744
623474,Jimmy Herget,COL,1282,98.9556708075513,94.279484149107,96.30233136723551,,97.79404436782457,105.14500005112082,100.94666544596355,90.12408468756877,
687134,Bradley Blalock,COL,1033,98.91109393434625,96.29335403442383,,104.49089110723817,105.09722241060233,,101.35601519821282,,94.87050983404657
664123,Scott Effross,NYY,156,98.88467954977965,100.51285661969867,99.04064100216597,,,99.00653883127066,,97.31105242277447,
687922,Easton Lucas,TOR,438,98.88036524106379,100.46270653960902,,92.6428120136261,102.69264134820902,99.19627894911655,,94.9566302092179,
669387,Carmen Mlodzinski,PIT,1647,98.87604734864318,92.69622896496294,98.0316465446748,89.31666564941406,102.38423712778899,105.59047342334273,106.56527406875401,,102.17384002685547
694462,Hurston Waldrep,ATL,862,98.87441995359629,88.71681837602095,90.45107592812067,92.40468432777806,106.89090906008326,,100.22421050489994,,105.45541212293837
657006,Justin Steele,CHC,313,98.85118217590137,97.6957061250331,89.08631615889699,,103.55020637118939,,98.11916732788086,91.73000049591064,
680573,Simeon Woods Richardson,MIN,1878,98.84896698444923,96.75543223586038,,,102.23188237208946,,97.59175514688297,105.06887521743775,98.19229927674972
608331,Max Fried,NYY,3109,98.82023150424706,97.05139520926069,90.29736818289368,99.36886467189964,101.91968306284102,110.93326803026252,101.71662932667653,95.34554252736379,
663738,Daniel Lynch IV,KC,1088,98.81425549703486,92.97582992368382,98.28550694414959,,100.75069177975445,,97.59130859375,103.91765572579854,
518489,Ryan Brasier,CHC,404,98.79596532689463,98.83293717391007,94.25865685761865,97.30807671180138,101.44443646283217,,,,
676510,Nolan Hoffman,PHI,26,98.79115383441632,,97.8149997166225,96.09500122070312,,,101.1471426827567,99.64666748046875,
690986,Kyle Harrison,BOS/SF,587,98.77289624189802,100.17223207777825,95.60083389282227,97.78090945157138,,,96.70391310223881,96.86276602237783,
677651,Luis Garcia,HOU,106,98.75358502370007,100.19807742192195,,98.63074097809968,,97.14333258734808,95.0499989436223,96.92200012207032,
605400,Aaron Nola,PHI,1568,98.75298474759472,98.91869481136925,95.6455559405802,91.82513049581776,,,104.74181611376206,93.992933761975,
668834,Easton McGee,MIL,223,98.7504485605009,98.9368891398112,99.86084510910679,94.4396551724138,,102.13875102996826,99.25181822343306,93.14750099182129,
802686,Hayden Harris,ATL,50,98.70620010375977,98.77880950201126,,,,101.93666712443034,,,87.4900016784668
669467,Andre Pallante,STL,2720,98.70162858963013,95.01698906447511,94.38374648081042,,103.96758396434538,100.9066670735677,103.69587903761176,,
680735,Austin Cox,ATL,427,98.69936767506655,96.14598680797376,106.3499984741211,84.99733327229818,102.86582754670287,,98.51639994303386,,98.99318140203303
641835,Tim Mayza,PHI/PIT,301,98.69209292085463,85.34399871826172,97.91199030459507,,101.21922192043728,,,,
801216,Christian Montes De Oca,AZ,46,98.64891267859417,99.4424991607666,93.70000012715657,,104.49500002179828,,,89.85999870300293,
641482,Nestor Cortes,MIL/SD,599,98.64437380935593,98.74061383699116,81.2699966430664,100.23840549487423,,99.73350019454956,,93.56409647378577,
656794,Sean Newcomb,ATH/BOS,1546,98.59872573714361,94.77980552327298,101.2201191357204,93.11402838829004,,,103.79093241302562,96.8901869871906,
570632,José Ureña,LAA/LAD/MIN/NYM/TOR,934,98.59372585386484,98.51294732344778,101.44999976976383,,99.24950021107992,,,94.38026076607082,93.88290331440587
669060,Bryse Wilson,CWS,854,98.5736299912321,96.98635748048491,99.553349837881,99.19902418183118,,,100.76517507913229,95.93677646235416,
643361,Kevin Herget,ATL/NYM,216,98.53634209103055,94.94421001233553,,97.99024982452393,,,96.04999923706055,103.19544239285626,
687223,Carson Palmquist,COL,705,98.53025525681515,99.56608105221311,,97.68136345256458,,97.34630619083438,,96.70160034179688,
682120,Tim Herrin,CLE,750,98.34330657958985,96.05723067063552,102.56920678274972,,99.12208927211476,,97.69572859941903,,
700249,Cade Povich,BAL,1971,98.33554538550685,98.89840600536046,93.1690912167888,94.95531296730042,,100.92738909425988,98.74390689938568,98.93475555519328,
668941,JoJo Romero,STL,990,98.30654563518486,87.18796655687235,96.02514115097381,94.38999938964844,106.61722690836588,,100.63076958289513,90.4184754718045,
682990,Quinn Priester,MIL,2468,98.28029979415226,,94.04004856213521,98.80257430879196,104.0023845098413,,100.3996032177089,92.18918939538904,
676467,Colton Gordon,HOU,1451,98.2763128668419,96.42201684262572,94.91305712074231,,,104.60585804116535,97.08986488548484,89.86333345112048,
695534,Chase Petty,CIN,169,98.2655030199762,101.31243216024863,94.6075608788467,,97.14686285280713,108.30400047302246,,92.94150047302246,
672335,Cionel Pérez,BAL,437,98.26153339237588,91.85081575354751,93.9152434477935,96.31875133514404,105.82550048828125,,102.23347392835115,,
670766,Darren McCaughan,MIN,86,98.25813932197039,95.29449882507325,93.86449966430663,,,104.12416691250272,,91.85500030517578,
676106,Emerson Hancock,SEA,1423,98.25640897020352,95.35322079348873,101.855844062423,,98.92427715623235,105.19720920296602,,94.009206916546,
702795,Ryan Loutos,LAD/WSH,231,98.25004323323567,87.6500000285211,100.61833381652832,,106.53211578956017,110.56952376592727,,108.92717840732672,
692230,Carlos Rodriguez,MIL,208,98.24649055187518,98.30277760823567,95.52500089009602,99.30604641936546,101.74153900146484,,96.10714340209961,95.58782627271569,
702070,Noah Cameron,KC,2164,98.2455545873166,90.09246941080444,,102.88738191792893,103.21770247672369,,99.17047847401012,99.66882513046265,
682052,Jacob Lopez,ATH,1666,98.24220285953737,99.46977848657352,101.56165061876612,95.71806580343365,98.06273086038226,,,96.64499991280692,
669020,Ryan Rolison,COL,676,98.23954145442805,97.6160633632115,,,102.07553570611137,,98.11172596754226,89.354782436205,
663893,Brendon Little,TOR,1240,98.21949997563516,,95.41695798860563,89.64278364673103,,,102.48394043182533,,
592662,Robbie Ray,SF,3069,98.19749760433531,102.33237915613782,85.625,,93.87157299267437,94.77416674296062,95.58267568639806,91.79325830368768,
543859,Michael Tonkin,MIN,397,98.18269521103097,99.22788743569818,97.47711079915365,,96.1374758377816,98.73222160339355,,,
663623,Jake Irvin,WSH,2945,98.18136500826513,98.51342190490139,99.48174579147175,99.01639978027343,101.30086619459738,,96.33645639507048,97.94607920373589,
547179,Michael Lorenzen,KC,2318,98.1667127666852,96.50623529471603,96.10954659764693,91.74881457905525,103.26266666880825,101.95058231252843,102.41103465346998,98.3095011913271,
686730,Carson Spiers,CIN,245,98.1595507251973,103.74314291817801,96.62301880458615,97.17173883189325,,104.91124984196254,,90.03872639049183,
623167,Chris Flexen,CHC,673,98.11921250908725,89.13090256233077,,108.35831595972965,102.85366617838541,,99.71606052283084,101.65357262747628,
687931,Carson Whisenhunt,SF,408,98.11571076337029,96.2010255080003,,,101.95473667613247,,99.3125,99.10092122931229,
605280,Clay Holmes,NYM,2764,98.1136179688008,84.55785231622274,94.83131093108834,95.4150003184443,105.71418901391931,111.4140875493619,,91.43251142194194,
686563,Jonathan Cannon,CWS,1793,98.11011708095229,96.41181530292218,95.42770977845325,98.20124389794455,107.61799926757813,108.1415614585451,,95.03451705414695,
641672,Thomas Hatch,KC/MIN,586,98.09750838816777,98.75913028440614,95.25631062035421,103.06931665076972,99.93216978828862,103.17499993064187,,88.66689278315572,
678368,Valente Bellozo,MIA,1322,98.09142218054514,90.08513157493189,,104.24332632307872,,106.28000025962716,99.85999988374256,91.18591616166199,87.91166687011719
693433,Bryan Woo,SEA,2714,98.06350773366479,96.63716180367429,96.08199129405199,,102.05403619939631,106.55550205840497,,97.16015601281676,
700270,Yilber Díaz,AZ,60,98.0538335164388,96.68617652444279,,,100.31857154482887,,97.84200134277344,,
671111,Sammy Peralta,LAA,153,98.0154903137606,99.42363669655539,94.6274512795841,,100.60837822991448,100.97000122070312,,95.6700005531311,
808963,Roki Sasaki,LAD,621,98.01450876183748,96.2676127526068,97.17499923706055,,97.08811852483466,,,,101.07596162649301
605288,Adrian Houser,CWS/TB,1892,97.98903805609737,95.82380099749673,99.19098971490892,,101.56835621350432,,96.56778271705316,93.50100319938264,
547001,Cody Poteet,BAL,68,97.97441213271198,93.82799987792968,91.86578931306538,,103.91666762034099,111.06000010172527,,91.95071465628487,
542881,Tyler Anderson,LAA,2339,97.96717399346008,94.36821743404919,92.162000319537,94.81008313496908,97.63814836666907,,89.25999959309895,104.63133342431027,
680604,Blas Castaño,SEA,50,97.92600006103515,91.05800018310546,85.37666575113933,100.0409999847412,,112.4250005086263,,94.3443751335144,
476594,Robert Stock,BOS,59,97.92322048898471,97.25499979654948,95.22526269210012,97.66307742779071,,114.16800079345703,,91.52666727701823,
543135,Nathan Eovaldi,TEX,1919,97.90074523480502,97.96462968543723,97.77185554111126,95.3925455266779,100.54130454685377,,94.48730889473867,,101.52184078033093
701656,Logan Henderson,MIL,410,97.87507318636266,96.77855014801025,,93.56687498092651,99.7914297921317,,,99.88932902638506,
669674,Sam Long,KC,786,97.8681296040387,97.6752687406369,96.08566247411521,,99.02945520382116,107.43333180745442,97.85328742249371,,97.0549314316005
677958,Kumar Rocker,TEX,1127,97.86578530935239,92.09864010727196,100.09672366718384,100.07237782511677,100.10016670227051,,98.44563390167666,91.8773912070454,
685107,Anthony Veneziano,MIA/STL,481,97.85521826476416,92.5343153444055,95.71303571973529,,99.941043289848,102.32992301354041,,100.06794043148265,
669212,Eli Morgan,CHC,132,97.85492423086455,94.28589786627354,,,101.18736769023694,,,98.0832728992809,
688107,Robert Gasser,MIL,102,97.83499960805855,95.00999959309895,90.89037012170863,93.45999908447266,,104.7529411315918,,101.62545290860263,
668716,Noah Murdock,ATH,392,97.83099495634741,85.52999877929688,94.93425834692266,100.1370001051161,,105.32675359156225,,86.6979995727539,
682610,Roddery Muñoz,STL,229,97.82117895267936,94.75918909021325,97.49734652772241,96.61388055602116,101.69085715157645,,,87.68333435058594,
685126,Brandon Eisert,CWS,1216,97.81651317445855,98.87209837918455,94.69150066375732,,98.73410134381413,,,95.9044663932886,
701552,Andre Granillo,STL,361,97.80185595906012,88.01584179566639,84.04199981689453,,101.52289354040268,,,106.93899993896484,
571948,Hoby Milner,TEX,1157,97.76018152921078,95.74634184488436,98.498549169827,,,99.15305418568879,,95.17189048653218,
675540,Xzavion Curry,MIA,56,97.72374970572335,100.99476187569755,,,96.43333289736793,101.05999755859375,95.80199966430663,,89.15333302815755
681867,Cooper Criswell,BOS,276,97.72336934960407,,97.79662313089742,93.10268290449933,,104.09806429955268,,99.76569730182027,
621112,Paul Blackburn,NYM/NYY,666,97.68033032803922,96.09344850737473,89.64241392389307,105.18348316664107,,103.66411198411032,102.08999988010952,87.3953844510592,
607625,Seth Lugo,KC,2266,97.65816849980435,92.15132911621578,91.69131799823575,96.18333334249778,101.67748097427018,104.45729192097981,105.74439387465968,94.21057259983954,93.50142887660435
607259,Nick Martinez,CIN,2578,97.65607835933902,99.70955070752775,93.12052018178534,99.09356741631979,95.14100760844217,,100.9959716796875,97.38025493247837,
678024,Mike Vasil,CWS,1646,97.61623939708835,90.3558873098134,95.32347034936264,100.32966698540582,,107.48135871167453,101.99901483094163,94.79284980773926,
593974,Wandy Peralta,SD,1138,97.54727582478984,82.65828552246094,96.64723605340822,,103.40952377723008,,,97.24720080814896,
681006,Josh Simpson,MIA,613,97.54598702808772,91.13847223917644,92.86360314313103,,98.3951422555106,101.80854440037209,101.34296554039264,95.22328391003964,
686747,Joe La Sorsa,CIN,100,97.52959976196288,97.6315997314453,100.54820505777995,,,97.23681848699397,,89.39856992449079,
695418,Brad Lord,WSH,2127,97.52026806944797,97.06734502777573,98.55041680733363,,99.56288375854493,,98.95333353678386,94.60377713759168,
646242,Jhonathan Díaz,SEA,26,97.51846166757437,91.59000142415364,96.66333262125652,,102.72583389282227,,101.11999766031902,86.93000030517578,
455119,Chris Martin,TEX,638,97.51239811290394,96.6746032553375,100.57108696647312,100.60617410411005,,101.97666613260905,,,89.78895602018937
605463,Tayler Scott,AZ/HOU,536,97.48595149481474,96.76332032680511,98.9586669921875,,101.12771432059152,100.10186645507812,,,96.44883875693044
678394,Brayan Bello,BOS,2697,97.3759177196985,89.78350502836938,96.87513261230728,99.53501177848653,,106.2309746398331,,92.77592685978587,
642048,Tayler Saucedo,SEA,232,97.33181052372373,94.06000010172527,97.4006142867239,,96.85419390278477,101.20677406557145,,95.65227283130993,
660853,Enyel De Los Santos,ATL/HOU,1105,97.31383704276107,96.52922207867658,,,99.07178839388062,,,95.68160724639893,
676961,Caleb Boushley,TEX,742,97.31126700964256,100.04541677898831,95.20096636048838,98.6267144884382,100.97484881468493,,96.73777785124602,92.48704085058095,
685068,Carson Ragsdale,BAL,95,97.27599985223067,99.21037038167317,89.91772703690962,,101.2442855834961,,98.71066665649414,,101.59111022949219
573009,Joe Mantiply,AZ,192,97.26973946889241,94.82000160217285,101.55147036384133,,,,97.1072461777839,91.9727451100069,
622253,Dillon Tate,TOR,139,97.23201416893829,81.2133305867513,95.98404271551904,,,100.20166625976563,,94.7675860174771,
615698,Cal Quantrill,ATL/MIA,2004,97.21096305694884,92.06591360909599,95.34859713386086,100.61468963623047,103.42472742254084,,98.39737284385552,92.06000264485677,96.26639815416381
605540,Brandon Woodruff,MIL,964,97.19546676572428,101.03754206699153,91.41201339312047,96.5567548638148,,102.92583465576172,98.15916612413194,100.57994115492878,
620454,José Castillo,AZ/BAL/NYM/SEA,543,97.12616936277948,89.28037017068745,97.52156381471463,,99.92324896703792,,,89.21000071934291,
642100,Gabe Speier,SEA,921,97.1069054204918,96.95584939752968,98.106286834268,,96.2225313146406,,,,
596001,Jakob Junis,CLE,1032,97.08640502959258,87.53868136563143,91.26411556422926,,106.27843134595417,,,88.61068286430545,
686799,Jack Kochanowicz,LAA,1859,97.07735874448943,94.30065898294093,95.87369980435192,,106.80967249090021,106.76445588971129,,90.81329506475807,
674841,Andrew Alvarez,WSH,417,97.07330913223522,87.15894365982271,95.50631593403064,,101.37694190159317,,105.01185803708778,97.97408988259055,
663767,Chase Shugart,PIT,692,97.0414884104205,87.62369229243352,88.76608685479648,104.258977023038,,104.84095507291094,,87.73428531568878,
688497,Taylor Rashi,AZ,319,97.03441988188645,99.33269637890076,,,98.79485691615514,,98.35392842973981,,90.5260256253756
702352,Spencer Bivens,SF,1294,97.02486859517636,86.62222233525029,98.65117282631957,96.94593746011907,,105.50055532102232,96.28768124787703,93.06277774078677,
518585,Fernando Cruz,NYY,792,97.01151515498306,105.244836695054,92.06088486392942,,102.02340406052609,,,,95.0577870729323
656240,Scott Blewett,ATL/BAL/MIN,711,96.9925877588543,91.44179674983025,90.40333302815755,,99.79477698939621,,,,101.2937033759223
657756,Connor Seabold,ATL/TB,185,96.9211353198902,97.71425547498337,,,94.2557141985212,100.00142996651786,,96.86346964933435,
683409,Angel Chivilli,COL,1022,96.9177789781425,98.02074632461645,,,103.10815634274616,,,92.57187193600252,
669724,Brenan Hanifee,DET,946,96.91273790484503,90.17649145293655,97.6717060707711,,99.67860012054443,,,91.04900035858154,
674285,Eduardo Salazar,WSH,545,96.8934679083868,91.80663882984834,95.42999990035077,,102.86884400472475,,,88.16125011444092,
607481,Aaron Bummer,ATL,932,96.777178179041,90.01076924902762,94.64111130325882,,,101.1755487860703,99.10874616990395,,
643410,Mark Leiter Jr.,NYY,832,96.75615381277524,89.896666208903,91.4820807320731,101.30714343843006,98.8041166417739,,100.80330186519983,,99.71295271145077
700241,Michael McGreevy,STL,1465,96.72996580364762,93.85345835340566,93.06661529541016,97.5754861301846,101.1433334350586,105.60986456999908,98.73231665832175,90.91816327361022,
628317,Kenta Maeda,DET,170,96.71170586978688,86.23181869044448,91.29166730244954,93.29000091552734,98.93899993896484,102.3160001118978,99.67500305175781,,99.50887040169009
622491,Luis Castillo,SEA,2988,96.69874496919563,94.57634913456904,98.52621742704196,,97.25646980172895,,,100.84182346568389,
672582,Angel Zerpa,KC,1099,96.69516837455882,87.3035717010498,95.88363631697726,,104.76692306214248,,,88.27800025939942,
518876,Merrill Kelly,AZ/TEX,2833,96.68042706248198,94.79439194514033,95.76517813695621,87.02982485315219,96.18868667910797,,100.83536479420906,104.56110826713632,
686826,Bryce Jarvis,AZ,409,96.66980443082404,95.65949379643307,91.46302316355151,92.24312496185303,101.29127919396689,,99.17315754137542,96.77712635610295,
607536,Kyle Freeland,COL,2482,96.66497578647807,98.36550600902143,92.44573348999023,91.96899492716052,,98.17181805458189,99.60504618986154,87.53326509436782,
687911,Bryan King,HOU,1046,96.66049712201149,94.70727133169407,88.1998178655451,,,102.61343850698381,93.97500228881836,88.2193751335144,
608665,Kendall Graveman,AZ,324,96.65879633397232,91.75769233703613,96.54867202043533,,104.08309861304055,,99.74142892020089,92.42015133482037,
608379,Michael Wacha,KC,2665,96.65667923861105,94.11809470822648,88.087218944843,96.65628436081427,101.51203720657914,,95.74936890833587,101.58378137901228,
571760,Andrew Heaney,LAD/PIT,1937,96.64982455307266,98.74509374414546,97.4815255827823,,95.59759539383248,,97.01521749081819,91.74263173787547,
544150,Albert Suárez,BAL,173,96.61711019174211,93.96973388671876,,97.06411832921646,,,97.3066663953993,104.6342110884817,
696131,Mason Black,SF,74,96.57824315251531,95.21437501907349,91.90000025431316,89.41599884033204,,102.81869540007219,,92.61000061035156,
829272,Shinnosuke Ogasawara,WSH,674,96.52376863157006,94.17875487331287,90.56899948120117,,96.02560046386719,100.18333435058594,102.18883709574855,96.40853342692057,
683627,Anthony Molina,COL,608,96.48896379219859,93.87777755172165,85.57827653556035,90.11380985804966,103.41689633775032,,99.0442863715874,99.3984543540261,
663903,Brady Singer,CIN,2850,96.43481053937946,93.21921059959813,95.74899730501035,95.91878807183468,97.9176020109462,98.6743039722684,,,
678821,Luis Peralta,COL,436,96.41825693462967,97.16418833546824,,,,,95.32161027294094,86.38400039672851,
607067,Colin Rea,CHC,2534,96.35146015651976,91.96593159867784,91.90503718248054,94.81270269445471,99.95381891445851,105.56289374168882,96.46833315466205,,106.0993465348786
683155,Joey Estes,ATH,186,96.20999990483766,95.5427471622006,86.78238060360863,,98.56999996730259,104.31172443258352,,93.71999942555146,
663372,Ryan Feltner,COL,522,96.17841016104394,94.96821852936142,89.07230788010817,,103.63764113522647,102.77046859264374,98.297575748328,91.19670120711179,
680730,Mitchell Parker,WSH,2705,96.14113122019883,94.75580949548242,,,100.50070532114228,,97.14796289771495,,96.35271127459029
663399,Brandon Waddell,NYM,512,96.13287098705769,92.50318948153792,92.04306312079902,,99.58280901962452,103.58644608426685,,91.68066640218099,
571510,Matthew Boyd,CHC,2746,96.10584489081953,96.54243438579199,94.10915650517107,,97.43909310359581,,96.2563345807925,94.5827845294659,
687287,Patrick Monteverde,MIA,87,96.06896578032395,88.6892312856821,85.63090931285511,101.20692287347255,99.14333597819011,,98.17750040690105,93.38555653889973,
656849,David Peterson,NYM,2699,96.0599036879255,93.33031524354546,95.79701753009232,,100.35926373799641,,96.82783757802602,94.48980577709605,
621107,Zach Eflin,BAL,1127,96.02880214904405,88.1865099708506,99.82887826314787,97.02800012705278,,98.49374995231628,93.50784512514568,97.13352941829253,
657424,Matt Gage,DET/SF,531,95.97677960009673,89.05212318733948,90.4618000793457,,100.91929102655666,97.1645004272461,,94.66616967383851,
608566,Germán Márquez,COL,2085,95.95124698337034,91.65999996645965,89.5287891230918,,95.43137167196357,,105.7010471766563,86.10119979858399,
694477,Chad Patrick,MIL,2010,95.92705967272099,88.0659373998642,92.12523800573308,101.90972191880951,102.39254746347103,,101.10545487837358,92.00417880157926,
663773,Bryan Hoeing,SD,131,95.90923699531847,95.60500081380208,99.76245942662973,,96.90692314734825,,,,91.08196108948951
656457,Tyler Gilbert,CWS,839,95.88379019917976,93.70475247826907,96.4537878036499,95.40071442839387,,98.84086608886719,,,86.68530284997189
688297,Chris Roycroft,STL,394,95.8807362396705,88.932053565979,96.61526352731805,102.82304357445759,,,,,
671106,Logan Allen,CLE,2709,95.84759323638319,99.33021983052348,88.22380287277866,97.32453988695902,,96.21190162090416,,93.52257033045512,
669721,Davis Daniel,ATL,183,95.77513647861169,92.24989220403856,,,95.03100001017252,104.38105332223992,,,100.32780456542969
592866,Trevor Williams,WSH,1448,95.74552483321554,94.59474707349868,89.75588718537361,,95.4502362228754,101.25263821779184,,91.94881709929436,
621383,Tanner Banks,PHI,1084,95.70054426580337,86.24895643151325,86.36238804148205,,100.15930061142679,102.48954372623574,,94.5539432579363,
663568,Stephen Kolek,KC/SD,1689,95.64127887841016,90.38115745120578,97.06132681656821,95.28673152700937,99.86360710689,103.4597391543181,98.06499862670898,94.10714285714286,
663546,Sean Hjelle,SF,254,95.63161414439284,,94.51007855032373,89.85361120435927,,,99.48263751019488,,
519008,T.J. McFarland,ATH,272,95.62172805561738,82.87000020345052,96.21086345645163,,,97.91732667224242,,86.12206952325229,
607200,Erick Fedde,ATL/MIL/STL,2369,95.55400592679965,,87.97860507729612,95.79392140015938,,106.87760984839463,,92.04153018829237,
605488,Jeffrey Springs,ATH,2847,95.45680013588951,94.4634186219421,,91.71623423070083,97.48189673588193,96.9766090217678,,95.97062501907348,
800048,Parker Messick,CLE,625,95.45369619140625,92.7505780368381,84.41785730634417,,103.697142800132,,96.42848128306714,100.3033563796788,
687888,Brandon Walter,HOU,814,95.43787458077695,87.98802505784734,96.14284298466701,99.23098648823965,,99.15360660240299,,92.56456372561871,
592254,José De León,BOS,101,95.42732669339321,95.74416669209798,,,95.23000049591064,,95.02333291371663,95.24615361140324,
669461,Matthew Liberatore,STL,2388,95.42498324823939,85.26913822281767,85.33241999615979,96.29379060380295,108.52028623241588,,104.36643618725716,94.27650678974308,
664141,JT Brubaker,NYY/SF,469,95.41972295765176,,94.79491479987772,,98.92140351680287,,99.63653081777144,89.03624990251329,
657514,Brennan Bernardino,BOS,833,95.39713079445646,92.87999725341797,92.90520205844766,97.67660203952234,97.80470545151654,,101.9102740353101,87.5751921580388,
641302,Tyler Alexander,CWS/MIL,1585,95.35109147032729,93.45640106938312,91.45986246325306,94.3639112803329,,101.44166199590119,,95.43818895835577,
669459,Kyle Nelson,AZ,44,95.34000015258789,92.6415786743164,,76.7300033569336,98.25166702270508,,,,
669920,Jason Alexander,ATH/HOU,1252,95.30440894178689,92.95571415008061,96.76147715250652,93.31461451603816,103.54000091552734,101.39930000305176,,91.29553650646675,
605135,Chris Bassitt,TOR,2829,95.29340754940806,86.93196221117704,94.73888698632979,95.6014226171262,98.76853682355183,99.18119784600721,100.74797787509122,90.9707895580091,92.45379827928173
691951,Sam Aldegheri,LAA,303,95.27382861348269,95.91580445616395,,,95.75339608822229,,92.80657130650111,94.845139503479,
680689,Lyon Richardson,CIN,674,95.18224029088232,94.55666655388431,95.66780631396236,,99.14999771118164,,98.97384537916918,94.21802193777901,
657053,Touki Toussaint,LAA,37,95.16783781309385,,96.71095239548455,,,,94.98142896379743,,91.71222178141277
676571,PJ Poulin,WSH,419,95.15439126827268,94.54333319715275,97.50710437172337,,,99.3429705176023,,90.91191466311192,
621244,José Berríos,TOR,2583,95.14554012001737,93.97224640485793,95.05606690685092,93.77335577843174,,,99.2573134237261,90.6994009940855,
592836,Taijuan Walker,PHI,2061,95.1341242431611,90.68538454495943,89.98575528920125,99.26341947740124,100.47244626155738,,92.9510525581532,,94.05578850566954
691094,Randy Wynne,CIN,47,95.13297921038688,96.66150093078613,95.83999824523926,90.68666754828558,98.13666534423828,,97.76600189208985,92.5399996439616,
671109,Jake Eder,LAA,302,95.12990062284153,90.86947757094654,,,99.12844848632812,101.1266661526864,,95.0764152958708,
573186,Marcus Stroman,NYY,704,95.09866487979889,88.88066685994467,89.5695332033625,95.8384800415039,99.34891261225161,,105.0738013641179,,89.94920023600261
665871,Javier Assad,CHC,567,95.09026461808139,96.55577495736135,89.4309091279001,99.33290296985257,100.80375099182129,102.24821932021885,98.25000063578288,94.88958326975505,
680729,Garrett McDaniels,LAA,191,95.06858633950118,85.53750228881836,88.58113919028753,,100.21939979553223,,99.51250076293945,,
667463,John King,STL,782,95.02617641361168,87.3409090909091,93.89933045224547,,103.70866053444999,103.76000213623047,102.40581370508949,90.47203937329743,
691251,Andry Lara,WSH,255,94.9721175249885,89.67601666208041,98.31205123510117,,101.08240968635283,,,,94.14066670735677
687589,Dom Hamel,NYM,13,94.95846088115985,81.53999710083008,87.25,83.7699966430664,99.50500106811523,101.01499938964844,,98.27999877929688,
592351,Jon Gray,TEX,210,94.9163332257952,89.06262615473584,,,101.53842677427141,,97.49500274658203,93.333749294281,
605507,Zach Thompson,ATL,60,94.86399968465169,92.18750031789143,82.14999898274739,101.78187417984009,,,96.43111080593533,92.06249904632568,
656222,Jalen Beeks,AZ,916,94.82669220637025,93.43941671053568,,100.6096701988807,,,,95.23144942573879,
669330,Tyler Wells,BAL,342,94.81845037003009,91.34912005615234,,97.43913053429645,102.46370992352885,,97.10766677856445,91.9125315992138,
670810,Logan Gillaspie,SD,112,94.75419630323138,93.6479486318735,83.76500129699707,86.75124979019165,102.09912971828295,104.67000198364258,100.99833234151204,91.72000074386597,
571578,Patrick Corbin,TEX,2588,94.7150811338351,87.39956477068472,93.62425138096121,95.22746117417657,96.2890888112914,,89.02312517166138,93.54202500650706,
448179,Rich Hill,KC,171,94.69666678445381,91.50206344846696,91.90818231756037,94.68703715006511,,97.29899978637695,98.27152575476696,89.94999694824219,
641793,Zack Littell,CIN/TB,2788,94.68770804329958,84.62969828011583,87.05119102563751,,97.60785166422527,97.88286666870117,,,104.32650916031965
689266,Dylan Dodd,ATL,536,94.67932826369557,,100.40486750527033,91.66955009381252,92.84311133490668,,,84.7046156663161,
663765,Jake Woodford,AZ,625,94.6737917602539,90.28537015561704,94.12255092542999,93.35741867557648,,99.66349616417519,,94.243448125905,
802419,Thomas Harrington,PIT,200,94.5404997253418,87.45876519473983,86.83307706392728,98.85549964904786,,105.95640974778395,,,97.56808487912441
605452,Joe Ross,PHI,862,94.47038294710305,93.49714773209368,92.93560517218805,,96.6397904800495,,98.12478256225586,95.78986083136664,
642232,Ryan Yarbrough,NYY,1017,94.44428716788953,90.65347522708541,88.17632850241546,96.56380213168184,,102.81802054468145,,92.6496173913399,
502043,Kyle Gibson,BAL,280,94.4167500087193,90.18115322406476,90.2417002105713,100.70482793347588,100.09400024414063,103.10660337052255,96.65354870211694,88.49972216288249,
669620,Brady Basso,ATH,206,94.41218444676075,94.35138893127441,82.60499954223633,92.3502630936472,,,95.46277787950304,99.12849960327148,
693855,Ian Seymour,TB,995,94.35869349954116,96.15492118570707,86.02203708224826,91.02962632936853,,95.13662481307983,93.00799916585287,96.10860319591704,
641778,Eric Lauer,TOR,1682,94.21066586724643,90.79635544018367,95.66999816894531,100.08572676015454,97.15765333974828,,94.46119863336736,94.65373144576799,
694363,Jared Shuster,CWS,280,94.1325713293893,90.40934049166165,94.73545351895419,,95.3467125043477,93.84500122070312,,96.50271828660688,
669372,J.T. Ginn,ATH,1575,94.12586030505952,82.7300033569336,92.62062963791836,89.63557125273205,99.8884975076309,,,93.0039866163924,
671162,Connor Thomas,MIL,119,94.08453792283515,84.61600189208984,93.23155551486545,95.01111150670934,,99.77399978637695,,91.67181812633167,
650893,Génesis Cabrera,CHC/MIN/NYM/PIT,715,94.01872730388509,97.7490185462624,94.01160902264475,94.26328784472322,,,95.0013667593757,,85.64139811197917
622379,Luis F. Castillo,SEA,168,93.96565464564732,90.35298721511643,99.79703691270616,,,96.03476133800689,,95.50318145751953,
669145,Bruce Zimmermann,MIL,91,93.75186811174665,90.35899963378907,94.50785718645368,91.05500030517578,97.53124904632568,,96.25083351135254,,90.51421115272923
541640,Erasmo Ramírez,MIN,158,93.71322776697859,90.90999942355685,91.04160018920898,97.32736100090875,,,93.98999871148004,87.9411112467448,
664192,Joey Lucchesi,SF,632,93.66215179539934,93.01621113652769,94.23578065891202,,,,93.19922597067696,,98.21500015258789
623433,Nick Anderson,COL,241,93.5460994926231,85.80146519891147,87.21666971842448,,,,100.53704232229313,101.80117648255592,
676680,Tom Cosgrove,CHC,64,93.54140651226044,91.35187530517578,86.82714335123698,,,100.06111116762514,,,
593958,Eduardo Rodriguez,AZ,2589,93.50720352461643,92.37058565045861,86.34674617222377,94.07656020555801,98.29844955326051,,95.70010635700632,97.453213610586,
624133,Ranger Suarez,PHI,2430,93.4211687786589,85.26912907803997,93.09887444302117,97.81450260758965,100.60098064647002,,97.34491108513363,91.2597845011744,
692030,Jose Corniell,TEX,41,93.4100001265363,93.25899963378906,,92.07916831970215,,105.26000213623047,,94.30249881744385,
642216,Allan Winans,NYY,171,93.3876609133001,83.9659994506836,93.68433999115567,,,102.27593755722046,96.10399932861328,91.99142878396171,
676664,JP Sears,ATH/SD,2366,93.34658072141903,87.94988426425104,89.75412492752075,86.98071452549526,101.20625782598016,100.11954474336872,94.33931004315957,93.66946344321731,
677976,Randy Dobnak,MIN,79,93.34430385541312,86.02399978637695,92.15607152666364,,96.80863571166992,,,94.93684306897615,
685299,Tanner Gordon,COL,1244,93.29229904984355,90.90153731022433,,,96.84563088031263,,94.04666646321614,95.04680633544922,
663362,Matt Waldron,SD,104,93.26951899895302,85.10600026448567,86.90888807508681,,,96.71666717529297,,,
571945,Miles Mikolas,STL,2476,93.22918419845655,86.50238026036233,94.65672220696746,,96.79709851885913,97.4229570845483,96.30353489365689,94.44674834671554,
669449,Jake Palisch,CWS,24,93.14458338419597,91.01249980926514,,99.00250244140625,92.48714229038784,,,92.78999938964844,
674072,Tommy Henry,AZ,107,93.11065438529042,91.56000038429544,80.625,,92.93521748418394,,94.91333363850912,93.78239990234376,
622608,Antonio Senzatela,COL,2284,93.06604640245855,89.05700605908426,87.2004997253418,,102.3464091907848,,96.89436569889035,93.1373372726892,
666659,Sauryn Lao,SEA/WSH,185,93.00199997360642,85.6581817626953,94.92592592592592,,96.9310111570894,,,93.1650003705706,
693821,Bryce Elder,ATL,2514,92.97295147479292,86.43336580640675,89.85843244918233,,100.72406575255864,,,87.17361197816102,
489119,Wade Miley,CIN,205,92.88517055046268,90.79212744692539,91.4832256686303,97.66028948797695,97.2300033569336,99.13428606305804,95.7699966430664,88.01530612244898,
641540,Dane Dunning,ATL/TEX,372,92.82042993525023,96.92499923706055,91.23432406863651,94.41278896202036,95.98088230806239,,96.76909082586116,89.57985060962278,
596271,Casey Lawrence,SEA/TOR,276,92.74782623069873,89.51263226960835,91.39154572920366,89.82749938964844,98.43615487905649,100.32441128001494,93.92499923706055,86.59500033060709,
445926,Jesse Chavez,ATL,171,92.56304097315024,,90.28186423091564,93.32015158913352,94.07250118255615,,96.03555636935764,93.9868963833513,
471911,Carlos Carrasco,ATL/NYY,779,92.52765083557834,87.72719527453911,90.52148572649274,,97.47627526886609,100.62000274658203,98.2910260909643,90.77484838312323,
687003,Brian Van Belle,TB,129,92.12798469011173,85.31818181818181,90.40656280517578,,90.55999963933772,95.90526339882298,,93.47571454729352,
518397,Scott Alexander,COL/SF,313,92.12654966896716,,91.15730409061207,,97.74046173095704,,,88.32704544067383,
699911,Dugan Darnell,COL,186,92.02661292783675,86.91897972262636,,,97.57815752531353,,,,97.8184001159668
663465,Kolby Allard,CLE,1000,91.91471006011963,91.56331622753781,86.40918616361397,96.01031083022993,,,90.40742429097493,92.00810020446778,
685314,Andrew Saalfrank,AZ,427,91.7431851460727,95.50350911993729,85.89067043538866,,,,96.10581167330916,,
596295,Austin Gomber,COL,999,91.70299304736866,84.00804669794466,,97.53499984741211,98.20163491686935,,95.58842760516751,94.38463443663062,91.02355550130208
500779,Jose Quintana,MIL,2174,91.66342216428531,93.36972530589384,90.07467995610592,,,,95.01729312612991,90.53414929655084,
527048,Martín Pérez,CWS,902,91.50311526279492,83.86687469482422,89.72249095550211,95.64492137037863,,,96.2293330891927,88.95784618671124,
622503,Nabil Crismatt,AZ,534,91.30357675159469,91.20908048783225,90.42595230586944,87.7759994506836,95.48100001017252,,97.53939754991646,88.80871920280269,
674944,Sean Guenther,DET,154,90.95487019922827,87.5,89.18571411617218,,94.83245302596183,,,,88.5950003231273
605177,Andrew Chafin,LAA/WSH,614,90.87931585156568,86.38894299763005,87.11007989501954,,97.35274251302083,,,80.98499870300293,
656458,Lucas Gilbreath,COL,18,90.78333324856229,91.01857103620257,,,92.81125068664551,,,,84.82666524251302
815083,Mitch Farris,LAA,405,90.53116046293282,86.25361368915823,,,95.81463173314145,,,93.8842593299018,
594902,Ben Lively,CLE,719,90.23532696592625,90.0418069663168,88.63725725446429,86.48948314272124,94.41730148073226,94.69102575840094,92.34823533600452,87.0962497166225,
543294,Kyle Hendricks,LAA,2573,89.04959196586624,83.44160218941148,85.86878426193346,,,,97.95669807578032,92.5160993133514,
543391,Casey Kelly,AZ,24,88.8570826848348,86.66799926757812,89.11249923706055,,96.81999969482422,,90.16999816894531,83.79249954223633,
666120,Ian Anderson,LAA,203,87.47167495201374,86.29619031633649,,,,,97.22642844063895,85.33300051007951,
640902,Jhonny Pereda,ATH,9,82.82777828640408,82.82777828640408,,,,,,,
686676,Korey Lee,CWS,2,80.375,80.375,,,,,,,
641343,Jake Bauers,MIL,3,52.586666107177734,52.586666107177734,,,,,,,