pitcher_id,pitcher_name,pitcher_team,total_pitches,stuff_overall,stuff_FF,stuff_SI,stuff_FC,stuff_SL,stuff_ST,stuff_CU,stuff_CH,stuff_FS
661403,Emmanuel Clase,CLE,983,118.28958299856099,,99.67812538146973,117.62772552889157,122.27029728653407,,,,
656629,Michael Kopech,CWS/LAD,1141,117.40611735150858,118.01616059030805,,119.45908336639404,111.0624800415039,,,,
593833,Wander Suero,HOU,2,117.26499938964844,,,117.26499938964844,,,,,
695243,Mason Miller,OAK,1024,117.09061521291733,118.85973685297066,,,114.0598881684202,,,114.13111156887479,114.79999923706055
664854,Ryan Helsley,STL,931,116.4517831443844,116.5718914239401,,,118.05398671717315,,103.39762710312665,,
682254,Mason Montgomery,TB,158,114.46253156058395,118.75243470565132,,,102.98953477726427,,,,
642207,Devin Williams,MIL,391,114.30434768949934,108.58215310128682,,98.70833206176758,,,,121.6311361139471,
656730,Trevor Megill,MIL,668,114.24112276545542,113.41102938291405,114.7300033569336,,,,116.31557902285927,,
689147,Orion Kerkering,PHI,1087,113.99154551487618,103.64138793945312,101.71496965812915,,,122.76284298226852,,,
623352,Josh Hader,HOU,1166,113.56736697790758,116.33000183105469,116.13207919781024,,107.27600002288818,,,103.05666605631511,
672391,Kaleb Ort,HOU,366,113.34412561218595,122.27285698951759,,101.39235305786133,,105.48939398563269,,96.74413773109173,
608371,Lucas Sims,BOS/CIN,885,112.93142380364198,103.77758122523339,103.72000122070312,105.44430647801309,111.30523826962425,123.48233004265431,106.94215381328877,,94.71500015258789
445276,Kenley Jansen,BOS,801,112.8938327746445,,106.5158462524414,114.60103867527992,100.01765928877161,104.16666615804037,,,
663158,Robert Suarez,SD,977,112.83541458582805,114.69932256145225,105.42169608846743,108.32999992370605,,,,112.99943089679005,
687863,Porter Hodge,CHC,642,112.51260118098274,112.8227480822847,,,111.87000274658203,112.46462478637696,,,98.79625129699707
656945,Tanner Scott,MIA/SD,1163,112.13756653776686,112.3256395251252,109.30000305175781,,111.89044373332824,,,102.47000122070312,
607192,Tyler Glasnow,LAD,2011,112.08233220324713,113.0946974214023,105.52286551849187,,113.4089948561718,,110.6451068612981,,
547973,Aroldis Chapman,PIT,1128,111.95872327114674,110.33506629195074,108.03916916527307,,117.30993311564127,,,,113.65130416206692
656546,Jeff Hoffman,PHI,1001,111.89981017365203,113.66528925619835,102.9630911393599,,113.24992641748166,,,,110.16083316802978
656876,Drew Rasmussen,TB,459,111.35690621768727,115.651040402451,103.24559675757564,114.07763786015548,,111.29679962158202,,,
656302,Dylan Cease,SD,3188,111.28111042132791,112.79741703380238,105.11999893188477,107.76210624293277,111.76309997091147,105.96122106887002,105.57426285458752,91.49892861502511,
664126,Pete Fairbanks,TB,696,111.13538796874299,113.2137089404431,,,109.36423066946176,,,100.94000015258788,
660896,Jorge Alcala,MIN,931,110.99512348113588,111.44963240155987,103.85263888041179,,114.0421943028768,,,102.55417574368991,
594798,Jacob deGrom,TEX,172,110.94761626664982,109.7450632022906,,,113.93012824425331,,101.48199920654297,101.91700057983398,
592773,Ryne Stanek,NYM/SEA,977,110.86007169569282,110.54956828168432,96.6440737688983,,111.07092586564428,,,,113.39334942393326
643377,Griffin Jax,MIN,1068,110.68328632397598,101.74606119009165,97.72838361335523,,,121.98809993743896,109.28969689571497,109.31915707534618,
676604,Tyler Zuber,TB,75,110.63600026448567,107.30593776702881,,109.20818259499289,110.6875,115.71333344777425,,,
669093,Jeremiah Estrada,SD,1003,110.43641079934027,114.1284099349706,121.47000122070312,,108.62835432607916,,,,102.03341724644953
502085,David Robertson,TEX,1211,110.43518580492619,,98.83411766501034,113.57899734377861,103.38060993101539,,106.16501553656516,98.07857222784133,
605447,Jordan Romano,TOR,215,110.30576741418173,110.04106766043357,,,110.5491966520037,,,,
669308,Sean Reynolds,SD,225,110.24675557454427,111.44236366965553,,,109.95285703697984,125.49599914550781,,95.3333346048991,
686993,Justin Sterner,TB,64,110.21124994754791,112.80658517232756,,106.446000289917,,99.8433329264323,,,
690829,Ben Joyce,LAA,541,109.98892781650734,110.33621944644587,108.11869788169861,,111.12963392676377,,,118.56571379162017,
686752,Ryan Pepiot,TB,2149,109.82003266914549,109.97794295588983,87.63600006103516,99.90548379959598,109.3553868001302,,109.43534469604492,112.53514912114228,
686751,Seth Johnson,PHI,58,109.8136206002071,113.72571400233677,,,107.42294132008271,,104.27333323160808,100.38000106811523,106.45599975585938
650556,Bryan Abreu,HOU,1300,109.74318460317758,108.99759129115513,97.61000061035156,,110.51552177097487,,,99.46714346749442,
595897,Nick Burdi,NYY,210,109.51699996221633,104.16384002685547,101.48666636149089,,117.97109743443932,,,,
685801,Hunter Bigge,CHC/TB,300,109.47913324991862,110.0128977948969,108.05999755859375,,110.36579504880038,109.42833391825359,102.09043453050697,,
678226,Daysbel Hernández,ATL,330,109.47712108727657,105.2998617764177,105.06166585286458,,113.00893858158389,,,,
671212,Joe Boyle,OAK,966,109.4043581549919,107.7860525967782,,,112.13084589102478,121.4537932297279,100.25250011020236,,
592094,Jason Adam,SD/TB,1109,109.39393140347397,108.78055953051341,84.28750038146973,106.65125036239624,106.51722996671435,107.39178765153086,,114.17548943899729,
678020,Seth Halvorsen,COL,178,109.24859567706504,108.12770004272461,,,113.58714321681431,,,,109.06080032348633
690925,Clayton Beeter,NYY,51,109.23568620868758,109.5488234127269,,,108.60941180060891,,,,
686580,Justin Slaten,BOS,811,109.1682862024272,113.2181013726987,,107.29767992605571,,106.83760013580323,110.32617647507611,,
692285,Luis Guerrero,BOS,133,109.02097733576495,108.41112875169323,,,,114.24578957808644,,104.15030300255978,
518886,Craig Kimbrel,BAL,963,108.97949121302905,109.21154822519793,,,,111.48872310557265,108.14449650606663,102.43999938964843,
695549,Jackson Jobe,DET,48,108.83041636149089,112.20518521909361,,,107.2959991455078,109.15250015258789,,97.82142748151507,
661563,Luis Gil,NYY,2664,108.8294819353579,112.0220030033717,121.12000274658203,,107.8117655134408,,,103.70642433958874,
673380,Dedniel Núñez,NYM,521,108.76550856753182,109.18794336626607,,,108.77388239841835,,105.69000244140625,102.65823498894187,
671922,Cade Smith,CLE,1166,108.74431384366332,109.65566989150888,,,,100.48100832129727,,,109.77659758888339
693312,Kyle Nicolas,PIT,950,108.60533668919614,107.24521975398747,,,113.1533492238898,,107.50811897067848,,
689958,Andrew Walters,CLE,132,108.5953031019731,111.54012059590903,,,103.60714285714286,,,,
667297,Tommy Nance,TOR,322,108.39822970562099,91.5999984741211,101.03689660697148,,107.16759049748799,,116.57718967406218,,
621242,Edwin Díaz,NYM,912,108.30457230618126,108.24642094662315,,,108.36778030570093,,,,
670280,David Bednar,PIT,1023,108.22605078614235,114.04390844157044,,,,,96.57368403530577,,104.6927235611086
519151,Ryan Pressly,HOU,969,108.20358103938148,104.70428152084351,89.16499900817871,,110.35528569902692,,115.54630706913738,100.13388852719908,
642016,Daniel Robert,TEX,103,108.12679638908905,101.66999999336575,99.55500030517578,103.2450008392334,,115.14340042114257,,90.9800033569336,
683004,Jack Leiter,TEX,669,108.11019431030091,111.85540684988332,112.51666514078777,90.12916501363118,106.40994869134364,,101.77250048988743,101.12076998979617,
623465,Evan Phillips,LAD,917,108.0601526091897,106.73480591275799,100.94483511788505,96.10379574072623,,115.77062132668361,,,
683232,Nick Mears,COL/MIL,1028,108.02853113760744,109.48151856208271,,,109.78603458404541,,100.64355929961985,,
668881,Hunter Greene,CIN,2563,107.88095974782645,108.12778795869106,103.12999725341797,,108.12682832498314,,100.60893622865068,,106.85028026259948
677161,Zack Kelly,BOS,957,107.83566356726699,104.88243050045438,,102.82105269728665,,115.69196164057804,,107.11540004730224,
676979,Garrett Crochet,CWS,2395,107.79994157380997,108.25189254142785,103.87981126893241,107.98041001594957,,110.95605160954685,,99.12971818950814,
669203,Corbin Burnes,BAL,2996,107.74451942341986,99.12000020345052,98.28186950683593,111.39888816024747,113.24148820523493,119.62910788399833,105.55590069219933,95.39145017318495,
679885,Justin Martinez,AZ,1177,107.66785891459165,102.95237397118439,107.62905117230352,,111.73027451459099,,,,106.2615624666214
663878,Nate Pearson,CHC/TOR,1059,107.54148252377317,106.42728398954917,95.00052602667557,,110.41519720869661,,103.8401638093542,,100.30999755859375
683003,Jared Jones,PIT,1912,107.53760977469727,108.03686497492694,101.20999908447266,,109.12236872820304,,102.62702264678612,102.3662398071289,
622250,Josh Sborz,TEX,284,107.50862691100214,108.940846487192,,,109.32415745767315,,102.15830747164213,,
657508,Mike Baumann,BAL/LAA/MIA/SEA/SF,1067,107.39888463114173,108.41753429641372,92.00500106811523,,102.10372553806678,,110.41717091194388,100.10578878302323,
548384,Brooks Raley,NYM,119,107.38789899810021,,90.3663628318093,103.84793038203799,,117.49912288732696,,94.36772745305842,
623149,Paul Sewald,AZ,629,107.38224182371495,105.81819169064785,,,,109.99128527047644,,91.98999977111816,
670970,Adrian Morejon,SD,1064,107.37657896916669,108.7750606768527,105.63054559881037,,109.53757108574034,106.36478258215863,101.15666622585721,,
680742,Jonathan Bowlan,KC,68,107.34544103285846,117.36310314310008,92.54642868041992,,103.88461538461539,,105.3022223578559,100.69666544596355,
690544,Bailey Horn,BOS,303,107.28089116666183,95.44652822282579,,100.60399983723958,,113.55740331154502,103.09749984741211,,
681869,Shawn Dubin,HOU,840,107.25769045693534,104.16817432788153,101.84000015258789,110.80240596685195,,114.17897444504958,103.37699270606937,112.37196830689437,
674444,Steven Cruz,KC,82,107.14658532491545,111.23205880557789,108.17499923706055,104.08217388650645,,,,,
671305,Michel Otañez,OAK,601,107.12331103485158,114.40559635240845,102.48486472464897,,102.04344143269033,,,,
643338,Chad Green,TOR,840,107.11220234462193,107.82308146967803,97.01000213623047,88.63166681925456,106.39527268843217,,,,
601713,Nick Pivetta,BOS,2387,107.05033931724188,108.438490057115,108.20499801635742,104.56304937051543,103.24734919904226,109.5011909820905,100.75935722684493,,
666171,Ryan Zeferjahn,LAA,208,107.03581721966083,100.57324342469911,,109.58416636784871,114.69666798909505,113.64323515050552,92.98999786376953,,
678606,Jose A. Ferrer,WSH,476,107.02384447049694,102.64864563941956,109.98931559863652,,106.63307718130258,,,103.18054920238453,
669622,Anthony Bender,MIA,954,106.90439210647807,88.93444400363498,101.73709987985562,92.64142826625279,109.11666666666666,113.83704393840551,,101.76722251044379,
621051,Steven Wilson,CWS,623,106.88598717311412,106.2158871927569,,95.16000039236886,,108.86635210529063,,99.25620025634765,
678495,Randy Rodríguez,SF,879,106.86118331405761,108.62393452914593,97.89433965143168,,106.57128590175084,,,103.26959228515625,
664747,Alexis Díaz,CIN,977,106.85300914096734,107.91625430642927,,,105.3887834386524,,,,
657376,Clarke Schmidt,NYY,1454,106.83009636418528,94.92500305175781,94.21023113892811,105.91827455408433,109.55500013931938,112.18781983575155,116.91838852433133,92.95714242117745,
676755,Isaac Mattson,PIT,100,106.81609992980957,109.98285718645369,,,103.5414287022182,,,98.17478213102922,
671737,Taj Bradley,TB,2294,106.79087175071604,109.65131645242498,,106.76480617079623,,,98.22731706572742,,105.21868501390729
663432,Tanner Rainey,WSH,939,106.74716720337304,108.18015017810168,,,103.76069224430965,,,93.06384629469652,
666208,Alex Speas,HOU,39,106.72846124111078,106.20750141143799,,97.78499984741211,108.02227158979936,116.51666768391927,,,
680570,Grayson Rodriguez,BAL,1879,106.71757855702106,109.15718760660717,,,107.42050515120279,,104.54969074472119,102.252253105067,
686294,Amos Willingham,WSH,20,106.70699958801269,109.18461491511418,,97.17499923706055,108.68000030517578,,,,
666619,Gregory Santos,SEA,112,106.66098185947963,99.98999786376953,96.65384537134415,,114.02484847560073,,,90.18200073242187,
673929,Jordan Leasure,CWS,560,106.64689286095755,106.84337310791015,,,108.40534153340026,,101.19484412670135,,
700187,Troy Taylor,SEA,328,106.62338401050103,104.52103245776632,104.21249961853027,,,109.82725914849175,,99.41399993896485,
592779,Brock Stewart,MIN,268,106.60216402651659,106.25685907789499,99.67689672009698,100.59041674931844,,114.82014920818271,,100.12666829427083,
669302,Logan Gilbert,SEA,3041,106.50477802435923,102.6009198030686,100.83106377784242,102.62365629673005,113.15660894669729,,102.76846777828291,,106.42429654682103
668909,Gavin Williams,CLE,1368,106.45411546327914,109.18002838438207,,104.96849427740258,109.94588236091963,,99.77217686220288,101.1045944626267,
572955,Pierce Johnson,ATL,916,106.42956331411304,100.34355850907059,,94.66105250308388,,,109.17086892011689,,
672578,Carlos Hernández,KC,560,106.42532141549246,109.06478551984226,,,107.97363662719727,110.83000040054321,102.62932543808155,,95.97781229019165
676702,Hunter Stratton,PIT,587,106.40412264666321,103.32612915742233,105.47999827067058,107.42677426667807,109.47591810161565,,,,
596133,Luke Weaver,NYY,1374,106.39584427213045,110.34352420898806,122.49499893188477,99.91407888814022,102.44250106811523,,101.78666687011719,104.86766394667738,
605483,Blake Snell,SF,1773,106.3574732195773,110.81233863040679,131.72000122070312,,103.0869102906645,,102.20056266289252,102.56276533611334,
683618,Edgardo Henriquez,LAD,59,106.3442373760676,101.39578949777703,,118.12999979654948,114.82666693793402,,,,
668338,Tyson Miller,CHC/SEA,934,106.33776226901395,103.3723982038541,97.7178122997284,,,111.69488983340834,92.93966725667318,96.69047619047619,
672860,Prelander Berroa,CWS,348,106.33767252954944,104.28172186036772,,,107.9467859073561,,,101.4000015258789,
622554,Seranthony Domínguez,BAL/PHI,1064,106.2671616919955,106.35186612880725,97.35608471259869,,107.61806073682061,114.69265643755595,,89.58058839685776,
547184,Michael Kelly,OAK,470,106.22297877859562,89.35446670532227,95.59666442871094,,110.46322631835938,115.25618107112373,,111.05000305175781,
600986,Thyago Vieira,AZ/BAL/MIL,737,106.21757123266502,110.77383221837574,103.3501007540914,,106.91530067042301,,,90.88666915893555,
668674,Lucas Erceg,KC/OAK,947,106.21454073332934,103.53918084675135,108.74034658753045,,105.36428041169138,,,108.86420237764399,
681911,Alex Vesia,LAD,1109,106.21227234822334,107.82778573172433,119.76000213623047,,105.9542614329945,,,87.39821420397077,
592426,Luke Jackson,ATL/SF,917,106.21123216768387,101.1654482874377,,95.27222103542752,110.02817589781819,,104.37468086405003,,
691441,Cristian Mena,AZ,70,106.20700029645647,111.53851826985677,95.69666798909505,,,99.71285683768136,108.52318226207386,95.40875148773193,
681517,Kyle Leahy,STL,695,106.1945179122815,102.90422087830383,,,106.69812466881491,123.22349496489589,99.96818178350276,97.51874995231628,
687330,Kevin Kelly,TB,1033,106.19180049693135,95.66347802203634,107.43355903925858,98.66137932086814,,106.56951363881429,,,
663462,Isaiah Campbell,BOS,119,106.13252110841896,104.92391403861667,93.09500122070312,,106.17649118523849,107.52081051388302,,,
622098,Drew Smith,NYM,328,106.13103680494355,107.09842144815545,,108.44022733514959,105.7865219116211,,98.30719970703124,97.96588269402,
621345,A.J. Minter,ATL,522,106.1295595717156,108.57409652648681,,106.05605591668024,,,,99.72677415417087,
666215,Forrest Whitley,HOU,94,106.12329807687313,104.08142852783203,102.87660034179687,117.5720001220703,,,113.50476183210101,92.02000045776367,109.56000137329102
554340,Yimi García,SEA/TOR,619,106.12198693147576,106.74285687203015,99.0143875589176,,105.39413715231008,117.1700003353166,105.99983454932851,100.93762724278336,
689225,Beau Brieske,DET,1152,106.04711810085509,109.13249453621829,97.65031417127679,,105.54256289688188,,,107.01163942931129,
681799,Ethan Roberts,CHC,474,106.01843886234589,107.16000366210938,91.77640963823367,103.62660132514105,,109.29334533256993,,,
656848,Michael Petersen,LAD/MIA,363,106.01245190749155,105.165751215726,94.03400115966797,109.33956139547783,102.27999877929688,,,94.1740005493164,
543037,Gerrit Cole,NYY,1534,105.91883949070898,107.62575307706507,97.70428575788226,102.65415621784979,109.1288310459682,,105.48571421128116,91.42532213272587,
694361,Will Klein,KC/OAK,146,105.91315057832901,104.7368674220809,,,107.89366658528645,,107.0712118437796,,
624522,Keegan Thompson,CHC,538,105.89626398760147,105.40732672663019,110.66999816894531,107.39067100897068,,111.1042104018362,101.95722878697407,87.56666692097981,
687847,Marc Church,TEX,15,105.86400095621745,103.10714285714286,,,108.27625179290771,,,,
682989,Victor Mederos,LAA,107,105.82757005067629,110.65314243861607,107.35238029843285,,104.80375003814697,,103.22470676197725,92.61800079345703,
680732,Sean Burke,CWS,309,105.79288020951849,112.16032000732422,,,103.73522732474588,,98.20506474878881,104.18263124164783,
687377,Orlando Ribalta,WSH,97,105.76525792387343,111.7280000474718,,,107.2094746639854,,,96.80272720799302,
678692,Ronny Henriquez,MIN,303,105.70171580298899,108.47122175428602,100.05555555555556,,103.10603914166441,,,106.32038812729918,
641941,Emilio Pagán,CIN,593,105.65583477052428,108.25239066966421,,103.12695672645332,,,,,100.22359535131562
675911,Spencer Strider,ATL,178,105.62910105673114,108.38505487127618,,,103.84879276670259,,99.19571467808315,104.07500076293945,
681806,Andrew Wantz,LAA,35,105.61228550502233,107.75428444998605,93.8879997253418,107.00874996185303,,114.72000045776367,,,
669199,Lake Bachar,MIA,161,105.54695650657511,105.99961070271281,,,,110.42759963989258,,,97.34441151338466
661395,Jhoan Duran,MIN,881,105.54652673242853,103.76504176572837,103.7737907382125,,,111.37000274658203,110.15627057435083,,
640451,Hunter Harvey,KC/WSH,906,105.51798027661725,105.98496503328022,,,105.01761899675641,,97.00202406020392,,107.75690496535529
669358,Shane Baz,TB,1206,105.49795190611881,107.55667825718652,,,104.47206225562188,,106.75858288351823,95.51677414678758,
670059,Colin Holderman,PIT,869,105.49714613235174,96.32444678412543,98.94434979357527,101.96748872081261,111.41999816894531,111.12673118905352,,,
676272,Bobby Miller,LAD,1053,105.48708450013076,107.35821688945288,98.76354872180569,,112.43574259540823,,100.50940002441406,108.40014277866908,
641729,Joe Jiménez,ATL,1089,105.4724701880533,109.32129242974769,,,102.23146284597891,,,101.43304360431173,
642528,Jonathan Loáisiga,NYY,61,105.43836087086162,107.69000244140625,105.33951252262767,,,,113.83888753255208,98.05800094604493,
662253,Andrés Muñoz,SEA,951,105.36644590038857,102.32260613954028,100.7372448590337,,109.47756690638406,,,,
682842,Abner Uribe,MIL,258,105.36023268588754,98.06000010172527,97.33632540415569,,120.57224736588725,,,,
690916,Richard Fitts,BOS,314,105.31764325670376,106.46750019618443,,,104.93704060145787,108.95190447852725,,,97.19058788523955
676254,Ryan Walker,SF,1221,105.29602779978909,96.07714298793248,99.9042364565912,,112.0107692117656,,,,
665625,Elvis Peguero,MIL,829,105.18671911444393,,101.30567260592957,,109.00307887038639,,93.4800033569336,,
670036,Matt Festa,NYM/TEX,385,105.1670390537807,102.79459489358437,,103.55000004199667,,109.28718739748001,,,
518617,Jake Diekman,NYM,627,105.15326966889548,106.9934449722137,104.20395367644554,,,105.11955804982897,,97.57180348380668,
669022,MacKenzie Gore,WSH,2994,105.15153311026758,108.80658634494095,,96.61266503244076,106.01973684210526,105.91374969482422,103.02640268191207,100.63859222081594,
676534,Calvin Faucher,MIA,987,105.15113453348116,96.63499981019555,,110.15745958542442,,114.09455849142635,106.59248840753934,,
676775,Keaton Winn,SF,847,105.12958673434387,93.45304928766772,102.56239267360945,,106.55127108299126,,,,113.4519241377494
607074,Carlos Rodón,NYY,3102,105.08361702531019,103.66496407417283,95.4800033569336,92.44064846745243,110.41098128609035,,100.79805449845726,105.98327508926391,
656731,Tylor Megill,NYM,1365,105.06814649533003,106.57401881674582,104.9605926513672,103.56268047057476,104.70153330485026,100.22047642299107,99.09457143147786,103.64899940490723,106.61902885066652
640470,Adbert Alzolay,CHC,329,105.05401210147197,101.51194011631297,95.53602541410007,109.23629591200087,110.74703241163685,,,97.24499893188477,
666207,Riley Pint,COL,102,104.9898037629969,91.77333348592123,83.37000274658203,,110.87873206340092,,,,
675627,Michael Grove,LAD,827,104.97305917797527,99.96250057220459,98.24081954539147,105.02064766643716,108.14589964012893,,102.77637915775694,,
680891,Jack Neely,CHC,98,104.97204091597577,101.67519217271071,,,108.69891340836234,,,,
663423,Trent Thornton,SEA,1139,104.96720810036999,107.69269895975569,93.83398176122594,104.31106356357006,104.51582972723463,106.82817418748054,106.22386865546234,102.02103450380523,
668390,Cole Winn,TEX,286,104.95062925432111,107.3804168065389,94.8759089383212,,104.9564470993845,,103.86999893188477,,103.92183303833008
621053,Tyler Ferguson,OAK,819,104.93543350536453,104.7618354121341,105.37773469535027,98.64207537669056,,108.56116196603486,,100.71333397759332,
608032,Carlos Estévez,LAA/PHI,821,104.91311809061216,103.9629680587951,,,110.89943708279432,,97.91333262125652,94.50294144574333,
552640,Andrew Kittredge,STL,1029,104.8746356426569,102.86221383364146,96.73195831458189,114.66166687011719,111.45765753618376,,,84.25,
643511,Tyler Rogers,SF,1002,104.8594611390622,93.49833297729492,103.99121880531311,,106.61182592156229,,,,
664776,Jake Cousins,NYY,644,104.81220489111006,99.28750038146973,107.03244243569088,,103.72546085060065,,,,
689981,River Ryan,LAD,295,104.78959316964877,104.62610154232736,97.75500005086263,97.08999972873264,109.31671620838678,,104.89500012605086,104.44800048828125,
694037,Daniel Palencia,CHC,263,104.75117866893231,102.63476506175611,98.11571430024647,,111.52909088134766,,,,105.02333323160808
605280,Clay Holmes,NYY,1085,104.74514291649041,90.8633321126302,96.91508203725346,,110.75343997192383,119.68166681238122,,,
664208,Phil Maton,NYM/TB,1078,104.72056591621356,,90.00549980163574,104.84749360246384,102.12953487662382,111.04867221309931,104.75025731420978,,
519326,Hunter Strickland,LAA,1157,104.68317199350949,99.67446864073543,98.52150920651994,113.91625355491954,103.91960515474018,107.83255129444356,,89.85422505123515,
701542,Will Warren,NYY,458,104.67251098832709,103.54014282226562,99.71719032476756,106.00210531134354,,115.39459022146757,,94.40053571973529,
669211,Keegan Akin,BAL,1241,104.66580179907639,106.53326619100227,,,103.19944187275415,,,99.48858192785463,
650911,Cristopher Sánchez,PHI,2797,104.6478941763645,,106.09737160558787,96.77500025431316,99.39200417980203,,,105.24222449262538,
670871,Guillo Zuñiga,LAA,271,104.63003686433349,98.8480899253588,107.31548358548072,,107.57186449988414,,,107.67266693115235,
642397,Gregory Soto,BAL/PHI,960,104.59713553587595,98.01133357456752,104.83311113145616,93.00999995640346,105.1486026455897,111.02947405764931,,,
694973,Paul Skenes,PIT,2125,104.57518585205078,103.37288967654001,,,103.88401528560755,109.27481115089273,101.21569578751274,104.73859646445827,105.98759524976437
579328,Yusei Kikuchi,HOU/TOR,2923,104.53177214239788,108.62961425670196,,,103.65522105479546,,100.46762910627726,95.63815385084885,
665620,Deivi García,CWS,283,104.48611328879852,106.3277850573576,,,,106.23955586751302,102.17799953884548,96.88542938232422,
554430,Zack Wheeler,PHI,3134,104.4445150116103,106.40353397086814,104.61629824742201,97.30807305015995,,107.36600506032696,103.47788650079481,,98.63973899509595
683769,Hunter Gaddis,CLE,1075,104.44167439305505,101.36733023634234,,,106.99120318147651,,,104.65027614193068,
663704,James McArthur,KC,904,104.43193579986033,98.42963428032107,102.85195039447986,,101.42005133995643,,109.66167751111482,,
523260,Joe Kelly,LAD,552,104.42923899664395,94.94738780918406,94.25882720947266,,120.46883303324381,,116.88612241161113,98.44631556460732,
664351,Luis Contreras,HOU,105,104.42904801141648,110.46808575569315,100.16000366210938,,98.13846177321214,106.4411112467448,95.79249954223633,91.35333336724176,
680897,Nick Nastrini,CWS,734,104.40246589307239,111.17381375974362,,,99.67451135735763,,96.9484123351082,97.07444424099393,
663574,Tony Santillan,CIN,504,104.34688493940565,101.51273019690262,,,109.62376007080078,,108.20928595406669,90.66800079345703,
663460,Kris Bubic,KC,467,104.32625279232572,108.1081642114022,89.78769331711989,,100.4800033569336,103.17964529003618,,99.18038950337993,
677053,Andrew Nardi,MIA,906,104.32064021870526,105.3723413290865,,,102.93971254633762,,,90.18857138497489,
664849,Danny Young,NYM,697,104.22835006604407,,101.67972636585178,97.95249938964844,,106.60087918711233,,,
814005,Jake Bloss,HOU,238,104.22592445181198,108.74980570969072,92.77000122070312,,104.19800012761897,106.1968002319336,98.38548377252394,89.73315871389289,
683068,Zach Penrod,BOS,86,104.21813947100972,106.67179498917017,,,101.88380940755208,,,102.42307662963867,
670990,Yohan Ramírez,BAL/BOS/LAD/NYM,768,104.19852860768636,101.05939385385224,100.6681044834112,,,112.13583715792694,101.81807337769675,,
669923,George Kirby,SEA,2967,104.19356592407844,100.51583498277911,102.2217781859136,95.67363669655539,110.53434486063118,,104.326942097057,105.81999969482422,106.55986697174782
681402,Gus Varland,CWS/LAD,455,104.1707033094469,103.82260867635252,97.96200103759766,,105.83471263140098,,,96.7608698969302,
613534,Austin Adams,OAK,805,104.14766440065752,97.40821051346629,93.13809385753814,,106.69260921542492,,,,
621363,Colin Poche,TB,543,104.13116019514165,105.14981072915567,,,101.95254344609431,,,,
656814,Luis Ortiz,PHI,10,104.11599960327149,,88.1299991607666,,,117.5259994506836,101.01000213623047,,
640462,A.J. Puk,AZ/MIA,1173,104.07892579373801,104.85802762183917,103.42774562063934,,104.83535418172521,102.30281257629395,,103.19176393396714,100.1326665242513
572143,Burch Smith,BAL/MIA,896,104.07218750885555,106.65627232619694,89.93499755859375,103.69395840167999,,104.55734933140766,97.85878051199565,92.92285701206752,
669395,Dylan Coleman,HOU,16,104.06937551498413,101.19600067138671,,105.65,,124.9000015258789,,,
682243,Bryce Miller,SEA,2749,104.05106587165396,107.18762315834196,98.8817894062243,95.02301606677827,104.96768554954029,101.03309045226788,102.11032532482612,,104.32221753866688
681035,Christian Scott,NYM,787,104.0309657832416,103.5862741286938,,94.71999740600586,101.71611527916339,110.2824326077023,,,99.15487791852253
605121,Justin Anderson,CWS,945,104.0112062968905,104.8664535912462,97.61053033308549,94.8619443045722,106.89892519300228,,,,
641149,Wes Parsons,CLE/TOR,148,103.99371621415422,104.72254569313743,100.80478203814963,,105.17666676839193,,104.5962495803833,101.3050012588501,
656641,Jacob Latz,TEX,813,103.97371469007354,107.53004975579864,,,104.1703245008314,,97.61682929062262,97.45810814934808,
673540,Kodai Senga,NYM,73,103.95808264327376,112.22172493770205,,94.09416643778484,103.3650016784668,97.41399993896485,95.76000213623047,,
667755,José Soriano,LAA,1737,103.89594129124248,98.19108104337596,100.78224005557523,,101.72824163751288,,114.82959102283824,,99.43467646537067
622766,Miguel Díaz,HOU,10,103.83199920654297,97.14999898274739,,,102.45000076293945,,,108.39399871826171,
607179,Jordan Weems,WSH,733,103.80087315141748,101.38829269747512,,,108.35804694890976,,96.20166524251302,,102.15250015258789
657697,Vinny Nittoli,BAL/OAK,178,103.73691010207273,,95.82999928792317,102.52922339578276,,108.28603766099462,100.36866658528646,93.11999893188477,
672782,Yoendrys Gómez,NYY,214,103.7296261653722,101.44025636330629,,,101.31839965820312,111.03763887617323,99.3981819152832,92.43353002211627,
676568,Ricky Vanasco,DET/LAD,45,103.72288937038846,105.3965519872205,,95.19499969482422,106.1740005493164,,98.86333465576172,,
681676,Ryan Fernandez,STL,1191,103.69792608970559,102.66567633581943,98.58571406773159,100.07919360745338,105.42562922230967,,,,
673513,Yuki Matsui,SD,1049,103.69218307000553,107.53062786723292,90.0999984741211,,103.37859164493184,103.28074634608937,95.94700088500977,,98.07793781265674
641329,Bryan Baker,BAL,370,103.69181073163007,100.48403315254338,,,110.5881728392381,,96.01323497996611,106.1321569704542,
606303,Joel Payamps,MIL,899,103.66248066937167,104.39568051188981,98.0297702482377,,106.0018785381844,,,102.4692753225133,
676710,Kutter Crawford,BOS,2823,103.62245129305886,105.88525206301392,,105.85790056260251,,100.6416665146634,95.48207934540098,,99.58549619312129
641401,Connor Brogdon,LAD/PHI,97,103.54432977106153,105.48499988374256,,98.76699981689453,,,,103.94542846679687,
642547,Freddy Peralta,MIL,3066,103.54273976862858,107.38692727291223,113.23999786376953,,99.49090777006164,,95.70843326551024,99.84125014917174,
605513,Spencer Turnbull,PHI,916,103.53384288637919,98.21155769134236,94.00990975869668,,104.37510167335978,113.02473700673957,101.50243935933928,103.65081678118024,
650960,Daniel Duarte,MIN,56,103.51946435655866,94.64928654261998,97.71999867757161,101.36999927867542,111.96599998474122,,,103.05625057220459,
605154,John Brebbia,ATL/CWS,994,103.50523149271606,103.2151775001733,,,103.77500986636264,,,,
675989,Cody Bolton,SEA,312,103.48842982756786,95.53833389282227,95.88056885112415,108.28408182883749,,110.54415606213854,,96.77567579939559,
676083,Janson Junk,MIL/OAK,175,103.48274305071149,106.08738145374116,89.86785725184849,,104.14953471339027,100.88666598002116,102.31454571810636,,
650671,José Quijada,LAA,379,103.48218991322379,103.97459375290643,101.51000213623047,,99.29400177001953,,,93.92749977111816,
701581,David Festa,MIN,1099,103.47338494395429,103.46416295599614,,,107.6144125427421,,,98.79435080986518,
656786,Parker Mushinski,HOU,194,103.45943301485985,96.8903124332428,90.87772785533558,110.0003752708435,,107.02944437662761,101.06595175606864,,
676969,Brett de Geus,MIA/SEA/TOR,194,103.45077318014557,80.20999908447266,101.8476135080511,105.00261869884673,,,105.52462980482314,,102.02333492702908
656638,Alex Lange,DET,377,103.38801084968709,102.22651193308276,100.13427005724961,,,,104.78623867909843,104.67370407669632,
806185,Hayden Birdsong,SF,1388,103.37294669797166,96.76063015002619,,,106.88177141805333,,102.78127412538271,116.47851568460464,
680767,Victor Vodnik,COL,1341,103.36142429178282,102.46234667076254,90.04000091552734,,101.14644439132125,,,109.5496396932516,
622259,Trey Wingenter,BOS/CHC,179,103.35106126156599,102.04640437779801,,,104.80259233639563,,,,103.18888854980469
666157,Nick Lodolo,CIN,1864,103.34594953725266,105.42027065786218,104.44471805257008,,,,102.29530455883453,99.6786600748698,
666142,Cole Ragans,KC,3118,103.26507384842829,103.54708243260666,110.31249809265137,94.5078126300465,108.04197513580323,,101.81910216623784,104.94659471254091,
681870,Erik Sabrowski,CLE,198,103.26439412434895,105.33464927004094,,,102.82575757575758,,98.92058862424365,,
686973,Louis Varland,MIN,901,103.25256382373806,104.59812016897973,92.94823478249943,,103.64735995483399,,103.88500017438616,99.50531898660863,
674370,Osvaldo Bido,OAK,1056,103.22787880175042,106.43347523285706,103.1607140521614,98.82750024293598,104.27654704277826,,,97.51299991607667,
595014,Blake Treinen,LAD,737,103.12093622422445,92.15756086023842,99.48492077418736,100.58176460586677,,110.57669008281869,,,
666159,Matt Manning,DET,438,103.11367580117701,103.33151653705615,,,101.27999962700738,104.6387840477196,99.08651130143986,,99.47444407145183
608723,Austin Voth,SEA,974,103.10808007868899,106.81636357823491,,102.69899698738631,,103.72813044009001,98.40896739130434,,
681190,Randy Vásquez,SD,1687,103.08554249002019,103.15932503229455,98.06092594288013,101.63952626853154,110.28333282470703,109.22285078229947,104.1348375671607,103.03104756673177,
543056,Danny Coulombe,BAL,466,102.99703851789876,102.63088237538057,91.80686586294601,106.12942826407296,,104.9920299214528,104.2172413530021,,
664076,Garrett Cleavinger,TB,1056,102.97530308636752,97.78939175333814,95.62575762199633,102.79434609046349,106.61763799472118,109.71638882954916,,,
680694,Kyle Bradish,BAL,674,102.96623156403221,102.37111121283637,87.46209739656484,,121.40467675052471,,107.1648278729669,,
660600,Enoli Paredes,CHC/MIL,319,102.9457366608527,108.0573643529138,90.75971439906529,,104.55924987792969,,,,
642701,Dennis Santana,NYY/PIT,1106,102.92850820668998,105.0011301693851,100.60191794617535,98.77305557109692,105.99394963368648,,105.09000015258789,97.91096800117083,
642546,Jonathan Hernández,SEA/TEX,761,102.9163995710215,94.2845458984375,98.21171949955455,,107.75437331136068,,,98.71133355034722,
687765,Mitch Spence,OAK,2481,102.9103707187073,,86.59771333384448,106.10725043893103,108.30502459679121,,99.07886272927989,86.54407416449652,
660813,Brusdar Graterol,LAD,101,102.90752448657952,89.74799957275391,106.46476146153041,87.19583320617676,110.93580652052357,,,90.55999755859375,
694297,Brandon Pfaadt,AZ,2793,102.90586101833826,101.81177022221775,97.44253633711757,,,111.46719531337993,100.35094570469212,98.28768257262215,84.28374910354614
666808,Camilo Doval,SF,1116,102.89755372078189,92.62666575113933,93.03389596319818,98.59344468692888,108.55389472559878,,,,
655889,Manuel Rodríguez,TB,605,102.83824786982261,100.83134323803347,92.93894179409774,,110.3828775968483,113.45999908447266,,,
657746,Joe Ryan,MIN,2106,102.82684709996353,104.02063791651253,93.5195274953767,,99.56651004048801,104.4945453856348,,,102.5771914705317
657044,Ryan Thompson,AZ,977,102.7999386899669,99.84505069617069,101.72346104769426,,106.65446216841617,,,,
543339,Daniel Hudson,LAD,999,102.79646642644842,107.71601597151434,97.38980416690602,,98.29936408530237,,,93.21378429515941,
676617,Riley O'Brien,STL,194,102.79613412286817,91.15750122070312,101.61123571503029,,106.56600036621094,102.08078466677198,,,
663321,Nick Hernandez,HOU,139,102.78230208801709,109.16461577782265,,,99.79962930561584,,,,87.73499933878581
600917,José Leclerc,TEX,1204,102.77298166902358,105.82842482245907,93.03305879480699,106.62686132877431,103.30994784832001,,100.56199951171875,91.61845553018213,
595928,John Curtiss,COL,38,102.74473672164113,103.36588197595933,,102.13066711425782,102.4019989013672,,,103.11000061035156,
656412,Alex Faedo,DET,1007,102.7439720812952,99.71531058704785,95.39851817378292,,103.26681698294809,,,109.04489990234374,
612434,Miguel Castro,AZ,232,102.73823274415115,97.88621655025997,100.46468687057495,,109.81311094495985,,,97.04555575052898,
628708,Yunior Marte,PHI,482,102.72529016391864,100.78446091871996,100.28697766314497,93.67499923706055,106.01885553616196,,,,100.86266682942708
685126,Brandon Eisert,TOR,110,102.71381822065874,107.9167501449585,,,100.28186052899028,,100.59000015258789,98.74199981689453,
622251,Josh Staumont,MIN,420,102.70285728091285,101.04117673986099,95.3375412987881,,106.45953490382941,,100.34333419799805,,
669194,Ryne Nelson,AZ,2406,102.69393185863669,104.7889262234249,,97.94728499192458,103.21642165090523,103.50977325439453,96.54335779343208,102.6467645468832,
641312,Shaun Anderson,MIA/TEX,244,102.68594266547531,103.29602569188827,90.15714263916016,,105.9697779337565,115.07399940490723,,94.11142894199916,
668970,Gavin Hollowell,CHC,29,102.64620734905374,99.05499976021903,103.26666768391927,,,106.6808344523112,,,
689017,Landon Knack,LAD,1149,102.64472589584098,105.49522556218886,,,103.35585930943489,110.07142966134208,103.2453479052865,91.49011979702703,
666974,Yennier Cano,BAL,1008,102.60862094636947,96.28162357949803,106.10548835992813,,106.97129786833553,,,96.0697173149355,
656557,Tanner Houck,BOS,2735,102.60009147183769,98.11666870117188,99.38830491761435,97.28649959564208,,108.63982325249493,,,97.05495610614676
621381,Matt Strahm,PHI,981,102.58918451898325,104.66814887068654,98.99026677449544,95.29215516715215,104.1683683696546,,,99.45999908447266,
664299,Cristian Javier,HOU,570,102.55692971212822,102.6560263974326,,,,103.90360941689396,102.40583388010661,100.94803933536305,
543243,Sonny Gray,STL,2481,102.55113665185979,101.87288850062602,90.46058561995223,104.707782900711,,115.37994004057315,103.88543603586596,89.45151915731309,
665795,Edward Cabrera,MIA,1734,102.52907732091286,97.28479183514914,102.73414639728826,,105.32124149717134,,105.9875724208701,103.88595409865093,
681217,Chase Silseth,LAA,167,102.5256886282367,102.78152751922607,93.27142824445453,,,108.73613669655539,104.56199951171875,,97.14125037193298
676092,Collin Snider,SEA,676,102.51421607880903,100.2186429977417,94.86933364868165,100.69928577968052,,106.74799217764787,,,
669373,Tarik Skubal,DET,2838,102.50359758749404,99.72630179523789,101.33813347228586,,104.11122926752618,,95.56783301035563,106.99453725404503,103.09666697184245
687798,Nick Robertson,STL/TOR,217,102.50013820806407,98.78927824669277,,97.79666900634766,106.50500022040472,109.42903235650832,,102.80199966430663,
554431,Tyler Matzek,ATL,179,102.49262574265123,102.02410262670273,101.54000091552734,100.43000030517578,103.52258616480334,,,,
605397,Joe Musgrove,SD,1582,102.48257267369634,92.41920326568268,87.43631591796876,102.9208048534098,105.6825008392334,113.76851738288951,108.1341573522332,97.18585341538841,
622786,Jesus Tinoco,CHC/MIA/TEX,644,102.48212739695673,98.79202343168713,98.4913333208133,88.94750022888184,106.52244070598057,,,93.87279998779297,
670124,Adam Oller,MIA,710,102.47133796584438,104.77033540866519,96.13611910236416,,105.79833221435547,,103.22252596950861,92.51740051269532,
676440,Tanner Bibee,CLE,2851,102.46205536284727,98.01711155913023,97.76399993896484,109.7702989163606,,111.93907592607582,101.09560680940662,99.83449219167233,
434378,Justin Verlander,HOU,1580,102.44632911199255,103.1873012179657,84.42499923706055,,105.4252785354364,,98.36075153240579,102.27599987983703,
622663,Luis Severino,NYM,2889,102.43279690212674,100.19885446492908,96.72226445752021,96.72670944735535,107.22343311974065,117.22806467548493,,99.64479251281458,
666720,Yerry Rodríguez,TEX/TOR,438,102.4271919389838,103.19417012944395,96.94857243129185,,103.53496325457537,,,96.29163267174546,
668678,Zac Gallen,AZ,2506,102.426081457237,105.57669832953091,99.73749923706055,100.55311673647398,104.2569407284532,,99.04165466089043,98.01433069821437,
664948,Anthony Misiewicz,NYY,30,102.38266677856446,99.67499923706055,,101.68562507629395,,,103.76333363850911,,
670950,Trevor Richards,MIN/TOR,1182,102.34162437451874,103.07670392936835,107.66545521129261,,100.26499938964844,,,101.63528570750402,
657097,Jacob Webb,BAL,934,102.29101706265892,104.88263278537326,,,,99.75396938178376,,100.70875963314559,
622075,Yency Almonte,CHC,267,102.28677885362718,91.57000018704322,101.50797926777541,94.00742841448103,,110.36852641858553,,92.47714233398438,
656464,Kevin Ginkel,AZ,1184,102.26933291151717,98.17341363124358,95.60828581310454,,109.42375835376781,,,,
664875,Justin Lawrence,COL,1081,102.23014790608197,96.50125026702881,97.11414933924834,,,109.58103592331345,,,
686654,Ty Adcock,NYM,86,102.21825586363326,99.37677469561177,108.47000122070312,100.11608654519786,106.34933319091797,,,,
640448,Kyle Finnegan,WSH,1067,102.17879110692033,102.31024977304403,,,102.79067837989936,,,,101.72275261430374
621097,Jacob Waguespack,TB,221,102.16687798823706,97.03174413636674,,108.69410314315405,,,100.34419348932082,101.74384601299579,
694738,Landen Roupp,SF,907,102.10873204476252,89.73279998779297,99.57203327912141,,105.10684184024208,,106.4678000831604,94.60894111184513,
681810,Austin Warren,SF,173,102.08768771838591,98.43085675920759,99.32562494277954,91.78045515580611,,109.25426438275505,,,
805673,Zebby Matthews,MIN,717,102.08721052353353,103.11667744888156,,97.25034463816675,105.59290334229829,,98.86215643789254,97.8319296585886,
676962,Ben Brown,CHC,849,102.06917537873429,99.27627811575294,,,,,107.36656742914282,93.54857199532645,
592454,Tommy Kahnle,NYY,750,102.06522670491536,95.47795914630501,96.4971433367048,,101.66232601431913,,,104.01322345943241,
641360,Phil Bickford,NYY,154,102.06019483293805,102.86991451948117,113.16000366210938,,99.12027782864041,,,,
681882,Colin Selby,BAL/KC,112,102.05616092681885,95.91096791913432,97.38828604561942,,105.96090906316584,,113.22166697184245,,
686642,Fraser Ellard,CWS,432,102.04849532798484,104.94958327611288,94.79222212897406,90.45315812763415,102.7439998626709,,,98.49500020345052,
614179,José Ruiz,PHI,835,102.04846709474118,102.28646818120428,94.01142147470851,,89.38562512397766,,107.55261618592019,103.4985184846101,
641656,Ian Hamilton,NYY,619,102.03987080908361,102.11286791633157,101.43190474737258,,102.27630951291039,,,,
608678,Dominic Leone,CWS,361,102.03565087146706,104.67484171014083,99.15645082535282,101.22703721788194,103.20971439906529,108.50882361916935,,98.73744688642786,
606965,Chris Devenski,TB,533,101.97707306824303,96.58106653849283,77.52666625976562,102.07783807290566,,104.2609751631574,,106.2263239984927,
657585,Reed Garrett,NYM,980,101.96402047994185,104.0443635189172,96.96213143770812,104.54331904444201,,112.37056430914463,,,93.0892105102539
573204,Caleb Thielbar,MIN,887,101.96082311929146,98.80166233607702,,,104.49499988555908,107.16970822410862,100.909772976962,,
663436,Davis Martin,CWS,892,101.92068389071477,98.86614179235744,,,95.02716143208166,104.65974901909608,98.89205887738396,109.85056803443216,
656271,Brock Burke,LAA/TEX,575,101.9197912332286,99.36297581022586,97.32024383544922,,104.21617449049981,,,108.01708285013835,
681293,Spencer Arrighetti,HOU,2505,101.85677049678719,100.29530452885656,98.84700088500976,101.9155194346628,106.38999938964844,103.5836668226454,105.48447786660559,98.62125588350519,
669713,Hayden Wesneski,CHC,1075,101.85347912455714,89.95511637054365,90.90244106983576,106.01521317502285,,115.1692905382379,,94.69466679890951,
669062,Erik Miller,SF,1269,101.84806931347617,94.69028528518798,,,106.34274027897762,,,110.17753480423329,
642121,Cole Sulser,NYM/TB,292,101.84541117001886,103.57706328705474,,100.43840042114257,,100.83791637420654,,99.80413330078125,
675650,Michael Mercado,PHI,260,101.83019230182354,99.89959363239568,,104.58484799934156,,,101.44672420107085,111.65,105.4300012588501
680744,Ty Madden,DET,403,101.7696772497286,104.64844279945967,90.61149978637695,99.50544099246754,102.51084480822927,,97.37250089645386,,100.36163942931128
691172,Yosver Zulueta,CIN,286,101.72475545389669,85.02428599766323,99.30164787986062,,108.63130469944166,114.88999938964844,,100.99499893188477,
606930,Jacob Barnes,WSH,1117,101.72228292876733,99.11176135323264,,104.66598187533292,95.551025781876,,,,
628452,Raisel Iglesias,ATL,928,101.70370685643164,99.8224284035819,99.67508782280817,,108.15333314736684,,,100.42414044831928,
657240,Julian Merryweather,CHC,272,101.69966902452357,101.21193259102958,,,102.46017110449637,100.10333506266277,,100.90727187647964,
660825,Eduard Bazardo,SEA,441,101.69875276872631,96.93683319091797,96.41903576218938,,,108.95966031713394,,,86.50812482833862
670955,Edwin Uceta,TB,672,101.65938979103451,102.39684000688858,96.27999877929688,96.29895083554142,,99.931153517503,97.44499969482422,104.43379921059422,
681871,Eli Villalobos,MIA,71,101.64760557362732,105.58394723189504,,,97.55318208174272,,,,96.23818137428977
656605,Mitch Keller,PIT,2851,101.63675206404157,99.2523425779218,94.90539528307065,101.71396017482138,105.90922244036639,113.89675735508233,100.68678826659266,102.3255175886483,
571946,Shelby Miller,DET,850,101.59678822236903,102.71099019467252,,,102.9152001953125,,,,96.56843752861023
647336,Michael Soroka,CWS,1442,101.59285014942185,102.97481783554437,97.7415309495957,,102.07825119292255,,101.7938271039798,103.75035430691766,
650644,Aaron Civale,MIL/TB,2699,101.58624305597894,96.610113934419,93.27064425228563,104.17493680157239,102.29275016784668,109.1070852423433,106.26366429971465,,91.97166626541703
621114,Ryan Burr,TOR,570,101.58263150934587,95.28214277539935,111.69999694824219,,105.64405791794044,,,,
542585,José Cisnero,LAA,313,101.5414378498309,101.64020011901856,97.91253179236304,96.2599983215332,102.12527482588213,,,107.25463457805354,
664285,Framber Valdez,HOU,2598,101.52676672931815,84.30999967787001,98.49618649701095,,102.54160710743496,,108.91610077767648,96.74359043474239,
489446,Kirby Yates,TEX,1027,101.52604668607034,101.55334928708199,,,95.8000005086263,,,,101.56967251486982
676684,Will Vest,DET,1162,101.50648870156267,100.85362508513045,95.02678063797624,,107.26254959410406,,,100.85982473273026,
687911,Bryan King,HOU,416,101.48807679689847,100.85178875704425,86.04217396611753,,,106.37638886769612,94.71548388081212,,
687922,Easton Lucas,DET/OAK/TOR,246,101.48654478739917,103.79068703687828,,96.38096163823054,101.8760009765625,103.80590889670633,,91.46142959594727,
689690,Alek Jacob,SD,232,101.47771552513386,103.31510209064095,101.82924082309385,,,100.81606038411458,,100.12605608013314,
685107,Anthony Veneziano,KC/MIA,242,101.44987610746021,98.80867274461595,100.6500015258789,,101.4351784842355,106.68438613623904,,101.56399943033854,
592332,Kevin Gausman,TOR,2868,101.43311716023848,104.76196236251504,93.92607727893808,,97.84570824305216,,,,98.58267993151334
642629,Emmanuel Ramirez,MIA,371,101.42447417637088,99.3039393184161,,,102.63583310445149,,,,104.17087549362739
694646,Chayce McDermott,BAL,82,101.41536573084389,99.17411759320427,,,102.0794741981908,107.59400024414063,105.57749938964844,101.37749910354614,
679358,Eric Orze,NYM,42,101.41142836071197,95.77333323160808,,,105.76749992370605,,,,105.61449966430663
677960,Ryan Weathers,MIA,1413,101.39365172605521,104.10604682123618,96.99220327603615,,97.50111134847005,102.57167210813428,,98.54616841025974,
493603,Adam Ottavino,NYM,1003,101.38353932343594,99.86569969177246,97.64380526472334,106.27854558771307,102.2442855834961,104.93898665364583,104.67499923706055,91.45159973144531,
643256,Adam Cimber,LAA,416,101.3826681650602,97.60441831840102,98.18701990392825,,108.51455873601577,,,,
453286,Max Scherzer,TEX,669,101.37536605127902,103.34187047011187,,103.88674964904786,102.04228184847224,,97.59419365339382,96.79118256927818,
671131,Jackson Rutledge,WSH,139,101.37100719204909,100.36190541585286,102.89276545098487,104.16318130493164,99.12531280517578,,90.81250190734863,,101.55076951246996
657612,Tim Hill,CWS/NYY,982,101.35579426565384,100.22828134894371,102.29810366030092,,94.54372495763442,,,,
680736,Justin Wrobleski,LAD,592,101.34027026150677,103.05399996076311,87.96666615804037,,101.71857152666364,102.4163996887207,97.75238073439826,92.71533457438152,
663554,Casey Mize,DET,1789,101.32519840008057,102.36432735822355,94.64080006917318,103.32666524251302,102.46354076074428,,96.71845634511654,,102.6107693716196
676760,Ron Marinaccio,NYY,395,101.30118985719318,103.67701478265411,99.76000213623047,,,102.16152540303894,,97.37014941315152,
669387,Carmen Mlodzinski,PIT,866,101.28349881249267,101.20026081472203,,94.39710235595703,103.48704323146654,107.82401813779559,,101.74000040690105,
679525,Alec Marsh,KC,2161,101.27400275658039,101.00698358872357,99.86204008274653,,102.87448197201743,108.38358508415942,100.4821972054495,99.16851859622531,
642520,Gerson Garabito,TEX,492,101.26457308947555,106.12338624177156,93.56090906316584,,100.74916617075603,,101.59101767168788,91.84771969443874,
506433,Yu Darvish,SD,1260,101.25203963385688,102.28991383519666,95.97004646478698,93.2208621584136,105.13556311805907,106.96982929923318,98.65819771345272,95.51269834003752,101.72588198792701
676661,Max Lazar,PHI,214,101.23915884427934,99.70008251095607,,103.18369591754416,101.9000015258789,,103.32869554602581,,
543766,Bryan Shaw,CWS,95,101.20347354286595,,92.18166732788086,103.34934397212794,,105.03499921162923,93.8854550448331,92.75400085449219,
676395,Robert Garcia,WSH,946,101.18381610733258,100.74436875765691,98.06999969482422,,103.53940390277383,,,100.73196623204119,
621016,Jose Cuas,CHC/TOR,319,101.17956114861659,100.08849068407743,101.29140639305115,,,103.44797268429318,,95.13181790438566,
641927,Bailey Ober,MIN,2696,101.17453639938853,98.55030155552964,,,101.48749536401228,99.03617562320912,97.33941224042107,105.40000002311938,
657277,Logan Webb,SF,3201,101.09510157548499,87.34914775328203,96.01577174870047,92.26341184728285,,112.73211775387034,,102.81990902833265,
669391,Owen White,TEX,69,101.06521750187528,99.3291177188649,99.45999908447266,102.86125183105469,105.59250005086263,,103.05599899291992,94.07250022888184,
681892,Kody Funderburk,MIN,652,101.03391098537328,,101.01473294323637,100.53508766575864,,101.68438652326476,,101.31625080108643,
686613,Hunter Brown,HOU,2889,101.02986852765372,102.71266804570737,96.21926658954399,99.9747678539421,106.36515326002625,,102.01291681925456,101.21071829189911,
669854,Ronel Blanco,HOU,2751,100.98465281423765,99.29740279500518,,,101.22130116841879,,97.46108520862668,105.08450656188161,
686539,Declan Cronin,MIA,1096,100.98061127906298,99.99253101590314,96.0859324766009,,105.03898947966015,96.88874912261963,,,
695076,Rhett Lowder,CIN,498,100.95564270019531,95.57191203622257,100.93689958439317,,103.86779398076675,,,104.44587628865979,
668933,Graham Ashcraft,CIN,1342,100.95086437970089,,83.92572146743092,96.70834357606853,116.9113519130609,,,89.96966667175293,
665622,Luis Medina,OAK,720,100.94138887193468,98.64213335673014,101.31907399495442,,103.0272929997734,,101.2293146211807,105.25896532782193,
671345,Jason Foley,DET,905,100.85871826509086,96.45720605289235,100.02934132650226,,104.7405263532672,,,93.18235300101486,
641482,Nestor Cortes,NYY,2849,100.85324675646025,100.84352295018297,90.06970596313477,101.89682960032222,98.20185230396412,101.97293323092991,,97.61930643903078,
677944,Slade Cecconi,AZ,1291,100.81211471262134,101.0571791913849,,98.31999969482422,102.42797397788054,101.08666737874348,101.0730436242145,96.37554134684763,
663542,Bryan Hudson,MIL,927,100.80832792280047,102.14103299921209,,99.03876639882898,,99.68175944575557,,,
669169,Jonathan Heasley,BAL,108,100.80601854677553,103.19714246477399,,,101.61800018310547,99.35405442521379,100.13439971923827,,
663941,Tristan Beck,SF,242,100.80545434872967,99.16065572519771,,,103.87085702078683,107.99756663554423,97.20687484741211,,
605130,Scott Barlow,CLE,1022,100.7832974473091,95.48565413573078,90.81219684716427,,97.29999991024242,105.44105854549923,102.83469781210256,,
518585,Fernando Cruz,CIN,1138,100.77159040883471,98.40021728432697,94.67000198364258,104.46861102845934,102.37000122070313,,,,100.3760840807463
542882,Matt Andriese,MIA,88,100.75147741491145,104.97594616864178,91.82692366379958,99.96500015258789,,,98.82153789813702,104.43000030517578,
672710,Roansy Contreras,LAA/PIT,1075,100.73887452591298,101.54447525024415,94.39867266089516,,103.17814125713363,106.16962007933026,98.5720794224503,96.5606194555232,
669111,John McMillon,MIA,180,100.7244997660319,100.18057109287807,,109.8499984741211,100.99009158633172,,,,
669422,Matt Sauer,KC,327,100.69079508183565,98.35557038992043,97.38678577968052,,,106.78389611182274,101.2490564022424,,97.77600059509277
458677,Justin Wilson,CIN,816,100.68291667863434,99.49597516471957,,95.78230790358323,107.70449283618282,,,,98.77888997395833
684007,Shota Imanaga,CHC,2589,100.67813051414564,104.70964999564619,89.9315519661739,91.97916603088379,,100.11096954345703,96.46416636875698,96.26090872408163,95.93007525895142
687424,Anthony Maldonado,MIA,297,100.67461284804425,99.66494974463878,,85.4292858668736,102.37782602724822,,,,
450203,Charlie Morton,ATL,2791,100.66699393425138,94.29382210447078,100.758556446559,95.30228284722594,,,106.12811495344818,99.93133572258468,
605463,Tayler Scott,HOU,1203,100.66136326714545,99.44296742303499,99.37173937369084,,,106.06823314580703,,,98.4195437514991
656420,J.P. Feyereisen,LAD,179,100.63837999738128,97.36626507862505,77.07500076293945,,103.52674439895985,,,104.4523530847886,
669711,Greg Weissert,BOS,1029,100.63504367157368,99.26831817626953,99.38728069283111,94.03941210578469,102.15694918874966,104.6651663462321,,95.58791242327008,
668964,Tobias Myers,MIL,2152,100.62628720506859,101.21522927940438,118.75,97.60724487304688,102.90714302482186,,97.64449464605096,101.3415512084961,
672456,Keider Montero,DET,1539,100.62578945643256,99.94225704707323,94.78520675533073,,104.35646112868776,,101.14847461247848,97.08793926816998,
543859,Michael Tonkin,MIN/NYM/NYY,1419,100.61418609404076,101.153738317757,103.41331963460954,,99.02606728896794,99.36000021180111,,,
680880,Grant Holman,OAK,292,100.60729434392223,95.50877385293283,,,104.17600002288819,,,,107.28278350830078
656887,Sean Reid-Foley,NYM,385,100.59924686976842,98.06241397199959,,,104.4212498664856,,,106.89736848128469,
608566,Germán Márquez,COL,70,100.59628557477679,102.81749970572335,89.36500072479248,,97.73842058683697,,107.63461538461539,95.82500076293945,
669330,Tyler Wells,BAL,259,100.58799219315577,99.11314614971032,,104.21282594100289,103.63518467655888,,98.26020828882854,100.46510190379863,
595345,Steven Okert,MIN,616,100.56668820319237,96.73931503295898,95.77053574153355,,104.09528756337623,,,91.16755053461814,
657006,Justin Steele,CHC,2046,100.55531278593449,99.02166261290255,89.35616794479228,,107.06345382489656,,98.2795455239036,88.64742440888377,
663687,Hogan Harris,OAK,1213,100.53913427165787,102.50185561706813,102.05500030517578,80.49499893188477,,95.57899992806571,97.91231536865234,100.02854999542237,
543518,Scott McGough,AZ,577,100.53722696287794,103.32642361852858,94.08791669209798,,105.12199954986572,,,,95.04918913970123
670102,Bowden Francis,TOR,1558,100.47384460410044,103.78500621160667,88.42217354152514,,98.7592412488214,,95.06067118290878,,99.38368428548178
656186,Dan Altavilla,KC,83,100.4640964370176,99.87541643778484,,,101.40935516357422,,,100.20250129699707,
657024,Erik Swanson,TOR,667,100.45470763611114,96.38171166772241,,,104.50546884536743,,,,104.52174755207544
656354,Austin Davis,SD,142,100.40577455977319,,88.64685157493308,104.16222240306713,,113.11558801987591,,,
680704,Nick Sandlin,CLE,1003,100.39636090507774,100.02753341674804,99.85261362249202,,103.66532959159261,,,,96.70323284407307
687792,DJ Herz,WSH,1586,100.39375792475697,100.81593024675236,,,99.92510569935114,,96.13207547169812,100.38321346488894,
608638,JT Chargois,MIA/SEA,529,100.37775040393966,95.93724165291621,100.14203708789967,,101.29328921803257,,,92.21500015258789,
592155,Cam Booser,BOS,695,100.35384178984937,100.59803528367428,,103.5349999094397,,95.15774396570717,,,
608717,Chris Stratton,KC,995,100.34682409391931,97.06604772916839,94.33406620235233,,102.81629273949599,108.6133321126302,106.83468163230202,98.5856564454358,
700363,AJ Smith-Shawver,ATL,87,100.34471270681797,100.1557448366855,,,,,96.60222329033746,,103.81045358831233
643361,Kevin Herget,MIL,151,100.32754961228528,97.02154917112539,,100.29038473275992,96.47000122070312,,,104.8473584157116,
623474,Jimmy Herget,ATL,189,100.31968252999442,94.53749990463257,96.81059982299804,,98.91999977513363,106.79078955399363,,91.59250068664551,
650633,Michael King,SD,2895,100.31222455118605,100.17385719299317,98.96196031215469,,100.32080257086106,109.605972779864,,95.27266480177013,
676282,Joey Cantillo,CLE,711,100.31009839322161,95.68429398330557,,,101.12733332316081,,108.51111115349664,103.7305609255421,
518489,Ryan Brasier,LAD,374,100.27438503408177,101.12180163409259,96.06550013224283,97.47816311583227,102.19311701786982,,,,
681982,Grant Anderson,TEX,483,100.27345778186869,96.14225562533042,103.69474187390557,98.26000104631696,101.63130449212116,,,98.35472255282932,
542888,Shawn Armstrong,CHC/STL/TB,1109,100.26358885975762,97.51673932697462,96.55767449667287,103.06930215968642,,116.77888900514633,103.9209090724136,,
663992,Richard Lovelady,CHC/TB,528,100.2431249185042,99.79980762188251,100.09198887440381,,99.64634510950388,104.39586937945822,,,
656550,Grant Holmes,ATL,1024,100.2301172465086,95.82052354662831,,89.78880936758858,105.34151073813078,,105.0721861728402,85.94833310445149,
663776,Patrick Sandoval,LAA,1444,100.2147922463034,90.8750869087551,88.191984116085,,112.61476203640636,114.34984796697444,104.56615389310397,98.38716381045018,
641154,Pablo López,MIN,2986,100.15112868843666,98.7242574731344,94.58142869297045,,,105.38626898902636,102.87700349955446,98.10207015405314,
664129,Geoff Hartlieb,COL,138,100.14550720435986,99.76525039672852,99.28972893792229,100.71714281354632,101.17884650597206,,,,
665896,José Marte,LAA,311,100.13887453232547,97.43680551317003,96.35582439716046,,105.91191641489665,,,94.6403568812779,
656794,Sean Newcomb,OAK,184,100.12478252079175,96.8144830287188,100.0636364329945,,,,104.37985229492188,100.12428610665458,
676508,Ben Casparius,LAD,156,100.11224384796925,91.6550673421224,86.08000183105469,108.99857112339565,,109.76196398053851,102.80235335406135,,
680885,Spencer Schwellenbach,ATL,1887,100.1108903748432,100.13599275140201,95.44714298104881,96.18540892211146,105.59229329427083,,98.79309107000178,,100.77946279856785
665152,Dean Kremer,BAL,2171,100.10928611105238,101.93148577008928,91.83795042808012,105.34490007019043,,,98.91891116480673,,97.77820465392305
621199,Matt Bowman,AZ/BAL/MIN/SEA,497,100.10082483963228,86.94999694824219,98.55365977336452,95.81999977267519,,112.29860456599745,,,88.89159980773925
605347,Jorge López,CHC/NYM,802,100.07236914503902,92.36559746700263,99.98367689729146,,108.2780264302304,,102.3135242280506,97.63663177490234,
676974,Max Meyer,MIA,968,100.0588739804985,97.8069191875408,94.41888809204102,,104.55358779946053,125.05999755859375,,95.27618483174054,
683155,Joey Estes,OAK,2027,100.05250124750198,99.33667951185504,87.9894998550415,102.65499986921039,98.76503618212713,108.50388902606386,,94.11076571490314,
571760,Andrew Heaney,TEX,2728,100.02796182324809,103.42924613432326,97.39999989100865,92.56999969482422,98.01283598458895,,97.18136367797851,93.85582254252908,
669674,Sam Long,KC,702,100.01323361953779,101.13089224662923,88.8499984741211,,101.5800462298923,,98.37564121148525,,93.80566622416178
660761,José Suarez,LAA,987,100.0037589261597,103.6127090067803,89.74686068157817,95.13818359375,102.37282445776553,101.17854674249632,97.0499979654948,96.196967203109,
686799,Jack Kochanowicz,LAA,859,99.98409781050765,91.03134639446552,98.84798081715901,,108.73884279865864,107.95675659179688,,92.79080017089844,
694350,Zach Brzykcy,WSH,104,99.96875,99.91637946819436,,,,,102.80375003814697,97.01409045132723,
570632,José Ureña,TEX,1760,99.96405690366572,98.11311857161984,102.66799192803848,,99.75765195699357,,,94.6838007181233,
808967,Yoshinobu Yamamoto,LAD,1469,99.92401631500057,95.23961336793018,90.42073189339986,96.47235964657216,106.59638246576837,108.09000015258789,105.18950020285213,,103.76585901824521
696136,Jordan Wicks,CHC,852,99.85776986314657,102.77528641621272,90.7503601624085,,102.996862523696,105.90882357429055,98.63750017606296,97.98604528253729,
681857,Reese Olson,DET,1853,99.854382078003,95.7232804622046,96.61024261227837,,104.8525825278273,,97.71973221642631,101.53605328576039,
650895,Diego Castillo,MIN,177,99.85163844911392,85.47647094726562,92.63400014241536,,105.37009003785279,,,89.00749969482422,
605182,Mike Clevinger,CWS,303,99.83095711686036,106.03945943471548,92.70036937572338,100.03515208851208,,98.40465545654297,95.14100036621093,93.99140620231628,
671096,Andrew Abbott,CIN,2333,99.82918133594629,97.66767015296807,,,101.97400207519532,110.93401873223135,101.13788873177988,93.48477703504987,
682175,Joe Jacques,AZ/BOS,50,99.78740005493164,,100.83250021934509,,97.20200042724609,98.2092302762545,,,
678906,Kai-Wei Teng,SF,204,99.7644608628516,94.88416735331218,95.67511096530491,,100.8631820678711,112.0894289289202,100.49447360791658,91.66714368547711,
656427,Jack Flaherty,DET/LAD,2569,99.75330091144566,101.87238770875636,86.41189667274212,,100.73052278984008,,96.30691067831857,93.60485719953265,
641585,J.P. France,HOU,466,99.74345486358511,98.41372240720874,88.25999927520752,104.88036071502411,,99.04214205060687,100.52055553860134,96.3823582631237,
625643,Reynaldo López,ATL,2110,99.74341707817186,99.73445884140907,,,102.12670961195423,,95.75823755733302,93.70890268465368,
608718,Brent Suter,CIN,1022,99.72385511752911,106.61827253861861,95.06560740961093,,87.72295186605798,,,99.50341592920888,
571656,Buck Farmer,CIN,1170,99.68747002365242,92.0835417429606,98.77697838982232,,106.57734625814003,,,96.72371424460897,
621237,José Alvarado,PHI,1052,99.68658745334176,96.14999771118164,98.69253614741,101.10938674998734,,,107.3866678873698,,
607481,Aaron Bummer,ATL,974,99.671766073552,92.19360839214522,97.22626304626465,98.35387747628349,,104.1553564235678,100.36272846568714,90.47090842507102,
657571,Caleb Ferguson,HOU/NYY,940,99.64465958615567,99.92253075302087,97.99923946546471,97.756746897257,,111.56000137329102,102.19489465010794,,
676477,Garrett Whitlock,BOS,321,99.64389406483492,,100.08041078750401,97.94916699727376,100.12294126024433,97.69086920696756,,101.12989010653654,
607455,Anthony Banda,LAD,774,99.62161496381735,99.43876850071238,97.38037028640666,,104.00922386831344,,,94.63908176032864,
657649,Jared Koenig,MIL,1017,99.60947893830996,109.0933329264323,100.48774313926697,98.27625009417534,,,99.40278195259266,93.33725032806396,
647315,Zach Pop,TOR,744,99.60758080021027,91.84666697184245,98.72110925981166,96.56380421182384,106.85657423513906,,,,
676714,Brandon Hughes,AZ,350,99.56888560703823,100.8166953045389,96.93170174132003,,100.30929105501649,,,,
642239,Rob Zastryzny,MIL,119,99.5652941535501,96.47229146957397,,102.38017272949219,,100.75874996185303,,94.69599914550781,
680689,Lyon Richardson,CIN,26,99.56269278893105,102.20142800467355,94.23200073242188,,103.54333368937175,,,97.60000133514404,
684320,Yariel Rodríguez,TOR,1502,99.55307599104515,96.6229012240467,94.41851830188139,,106.41389168433423,,102.3347135896136,,94.58133810338839
672282,Reid Detmers,LAA,1559,99.55245666797532,100.96286351753004,92.85840551403986,,103.23682421586645,,96.52859023174,94.20873889407596,
669432,Trevor Rogers,BAL/MIA,2243,99.54763258901282,99.96316439257058,98.66712187313065,,97.27008656093052,,,101.88479160540032,
573124,Taylor Rogers,SF,1082,99.54449174144132,,94.60472865196536,,,105.06426615257786,,,
676680,Tom Cosgrove,SD,323,99.53817340390232,92.57013903723822,91.75534873784974,,,106.63527277166193,,,
664123,Scott Effross,NYY,55,99.5218184037642,101.20818259499289,99.90999942355685,,,98.67789499383224,,98.16428702218192,
694813,Gavin Stone,LAD,2153,99.50853697709908,101.867073702855,95.30673130814748,89.92738727191546,106.26981128236783,110.22027031151023,100.12021989088792,97.94331012951788,
593423,Frankie Montas,CIN/MIL,2633,99.49075954566199,97.33611028954404,93.97779536810447,100.76248998294476,105.61096949721828,109.64622792026452,,,103.37726706747684
666200,Jesús Luzardo,MIA,1083,99.46265007011998,99.5510102899581,99.12952747495156,,100.43078627676334,,,98.27349217732747,
607237,Amir Garrett,LAA,104,99.44519233703613,100.43945992959512,97.75,,98.9134846311627,,,,
594580,Sam Moll,CIN,624,99.43274040711232,96.14012601195263,99.25293792034947,,,104.48803930344924,,100.18285710471017,
676130,José Buttó,NYM,1222,99.42809328744143,103.91242184241612,93.34241158235157,,101.78227813334405,100.48976576328278,,97.52559252138491,
669912,Kirby Snead,SEA,196,99.41510223855778,97.10769262069311,99.95250024795533,,101.8292859395345,,,97.86085706438337,
519242,Chris Sale,ATL,2815,99.4131545695276,99.33761154231529,100.83264747320437,,100.56744492988754,,,95.61712503433228,
670810,Logan Gillaspie,SD,151,99.39384137084153,99.37187480926514,95.1725025177002,84.8000007042518,103.42499923706055,105.60500049591064,102.5650006612142,99.64090971513228,
688297,Chris Roycroft,STL,596,99.3866610943071,94.79871152110935,101.16234649217516,,,102.57223999023438,,,
663623,Jake Irvin,WSH,3046,99.37534142417181,99.88882405749597,101.03852850274194,93.85095024108887,106.08222113715277,,98.82690116337368,98.67076190766834,
661527,Seth Martinez,HOU,838,99.36966595160364,95.1063004378434,98.07176152142611,,,105.0879027120183,,98.26770488551405,
668984,Casey Legumina,CIN,166,99.36156624483775,99.36409603256777,,,100.10594610265784,101.83000183105469,,98.61863673817028,
670174,Josh Winckowski,BOS,1240,99.36000812284408,87.1333848806528,98.70763155375941,100.76791296092742,102.65472735780658,,,98.78275641416892,
621111,Walker Buehler,LAD,1336,99.34940109138718,99.68520716929065,91.08981734323719,102.6568098717693,104.18090959028764,107.8329305977657,99.91980457305908,93.16391322923744,
641745,Brad Keller,BOS/CWS,743,99.34481828979656,95.5096429007394,87.16083314683702,,105.84225915979457,110.67553191489361,99.67833391825359,91.40214289451131,
669952,Mitch White,MIL/SF/TOR,413,99.33346214017337,95.55427572316137,88.06097157796223,,104.62297885975939,110.64849418722173,100.38160651070731,,
663773,Bryan Hoeing,MIA/SD,782,99.27145788675683,88.69756791398332,101.4622964552891,,98.68541892280791,,,,96.84192548479352
682120,Tim Herrin,CLE,1011,99.26504450948019,97.69963408679497,103.71984496597172,,99.58727625364898,,98.48218470127308,,
656240,Scott Blewett,MIN,319,99.24382430408441,94.93798431869625,,,102.05773085906726,,,,102.35084512200154
542881,Tyler Anderson,LAA,2914,99.21941315121411,94.84132456593699,96.80979196230571,98.0367931749608,98.44490185905906,,93.55666859944661,104.7348891097825,
622103,Gerardo Reyes,OAK,79,99.20759456972533,100.10333315531413,,98.24142892020089,97.69791571299235,,,,
656266,J.B. Bukauskas,MIL,88,99.17795450037175,,97.72511628616688,,100.56622212727865,,,,
663567,Peter Lambert,COL,1039,99.17468723594511,95.75849625819309,90.77199951171875,102.69899978637696,104.96235903226412,,102.50606653849285,98.82692328232986,
663893,Brendon Little,TOR,696,99.13857762566928,,97.812544123652,93.64089760413536,,,103.46099546268515,,
677020,Josh Walker,NYM,215,99.13632567649664,100.63328782173052,94.1130002339681,,,,101.47926823685809,,
800049,Adam Mazur,SD,584,99.10881840692808,94.97549795175527,90.38363647460938,,106.48183631896973,105.69999694824219,101.6381081246041,90.90683339436849,
606160,Rafael Montero,HOU,683,99.04481699595863,101.04500021165417,95.64386505875851,,105.4433328965131,,,96.57924503350408,
641771,Chad Kuhl,CWS,980,98.96839788787219,95.98622442751514,97.24495417043704,92.44483495020604,103.70263608478885,101.99009885882387,,93.31121925416032,
622088,Tejay Antone,CIN,47,98.9638300144926,95.34500074386597,96.00916608174641,,103.93833287556966,,103.77285875592914,,
605155,Colten Brewer,CHC,391,98.95549871732511,93.02018988886967,94.13125038146973,100.10833358764648,103.6627358490566,101.17333221435547,103.17218177101829,,
605400,Aaron Nola,PHI,3189,98.94965818302876,98.78007932427515,95.51801826895738,91.6644216005494,,,104.62851280161492,94.34260598844348,
641582,Matt Foster,CWS,108,98.93648147583008,98.34708325068156,,,99.99363639137961,,94.1588889227973,100.95888900756836,
669438,Mason Englert,DET,365,98.93306840870478,94.20581607429348,98.36405388084617,93.47140014648437,98.5471669514974,,96.7561534001277,106.49252319335938,
667725,Kyle Tyler,MIA,580,98.9248447023589,87.8021950140232,88.86999893188477,104.50699985210713,98.33584629939152,,96.38496953790838,88.61999893188477,
477132,Clayton Kershaw,LAD,504,98.91154772137838,99.10224151611328,102.80500030517578,,101.19000001387163,,95.50246938069661,83.47999954223633,86.96857161748977
687396,Brent Headrick,MIN,60,98.88766721089681,103.8479995727539,100.77388932969835,,97.25266774495442,,,,97.50142778669085
592662,Robbie Ray,SF,568,98.84897887538857,102.41897012704234,,,92.82186805808936,,99.1121177224552,,
686826,Bryce Jarvis,AZ,1006,98.8481909825835,94.545201093301,96.18554068900444,97.46376007080079,106.74265593216133,,98.89428601946149,100.02832142628023,
663767,Chase Shugart,BOS,142,98.84267589407908,85.81863663413309,95.1689281463623,103.21142823355538,,108.46307666485126,,94.51760009765626,
670219,Zac Kristofak,LAA,39,98.83564132299179,95.71705941592946,,,101.7778570992606,,95.0999984741211,102.05166753133138,
502179,Paolo Espino,TOR,158,98.82537972172604,94.22019224900465,,,,104.5526307758532,102.93559997558594,96.80216258280986,
656234,Jake Bird,COL,684,98.81554092719541,86.60000101725261,89.2270626659834,99.54387727075694,108.5578866545687,117.44888814290364,106.35206616614475,85.45500183105469,
502624,Chase Anderson,BOS/TEX,1016,98.79848422403411,92.26740245075969,94.24642889840263,103.08331396413404,,99.65227260837307,97.92463367741283,97.17996771358749,
682847,Luis Ortiz,PIT,2143,98.79429306051634,96.13895109483413,98.08247735573629,95.6405910013979,104.64202095324154,,,93.5519049508231,
677955,Jaden Hill,COL,151,98.79397345536592,94.09600016276042,97.95417888128935,,107.61148127803096,,,96.14309547061012,
680573,Simeon Woods Richardson,MIN,2295,98.78471455625979,91.20247840881348,,,104.43734617606222,,99.74483579537119,105.01592753483699,
607625,Seth Lugo,KC,3112,98.78035345052999,93.48378013222211,92.64907993210687,93.16115946009539,102.0764874967623,107.01830373491559,108.74292766157403,95.86270499114254,93.27453471339027
593576,Héctor Neris,CHC/HOU,1008,98.77246027901059,97.68117034410794,94.04278467878511,,100.86705892226276,,,,100.81629904578713
688107,Robert Gasser,MIL,399,98.76177947921562,94.26262531280517,94.77103070131282,95.37351371146538,,105.33828103542328,,99.29877244380482,
669276,Dylan Lee,ATL,858,98.75980193131454,99.06250013432033,,,100.09374470812209,,,91.90480775099535,
592791,Jameson Taillon,CHC,2483,98.75829642422968,91.67419388776268,87.88992716100094,105.0847106639212,,110.2859480820693,100.33002742306216,91.38292478165536,
622694,Elieser Hernández,LAD/MIL,251,98.74175311084763,103.84324059662995,87.01444498697917,98.04169002049406,94.6175012588501,,,93.15108771946119,
676428,Brant Hurter,DET,645,98.68003111846687,88.00739172230597,97.85366173377403,,,105.31676756733596,,91.38315803126285,
700270,Yilber Díaz,AZ,469,98.65166318848698,95.85191188139073,95.06500244140625,,104.8106250166893,,98.35850741258308,,
663474,Triston McKenzie,CLE,1304,98.6214647878167,99.99538804776148,,,100.03204393038784,,94.80334296762427,,
657265,Peter Strzelecki,CLE,192,98.61744777361552,96.5556248664856,94.3721433367048,92.85653833242563,,110.67470595415901,,97.67578887939453,
669456,Shane Bieber,CLE,166,98.60759027320218,98.79550734810208,,97.99249982833862,100.43073142447123,,99.2533336215549,94.53954488580877,
663568,Stephen Kolek,SD,797,98.6027227231819,96.0010678189472,96.55134152203071,97.65486852746261,102.8837180504432,107.37337328439736,,99.03698111480136,
608334,Carson Fulmer,LAA,1472,98.58058418916619,104.2568261609106,96.21511178043302,,104.07095832824707,105.17481457745588,100.42404466264703,91.30886652487652,
623167,Chris Flexen,CWS,2797,98.56743303639232,90.5849327462257,108.41000366210938,104.77315579607188,102.07999965122768,102.12090929387288,101.44578940408272,102.84786354411732,
455119,Chris Martin,BOS,657,98.5663319069501,100.38142174365474,99.12999959145823,99.56237471462492,,103.03833389282227,,,90.07941871465638
640454,Matt Krook,BAL,27,98.54333270037615,,93.76111094156902,95.93999862670898,,116.17833201090495,,84.0199966430664,
666204,Dany Jiménez,OAK,450,98.4902665371365,91.35248520529481,,,103.34596942858097,,,94.55888790554471,
680739,Josh Winder,MIN,141,98.36276591415947,92.13073209436928,94.69444359673395,,102.70517204547751,103.2990000406901,,98.81624984741211,
683568,Jairo Iriarte,CWS,137,98.34781023011591,100.22269827222067,,,96.78763621937145,,,96.64736938476562,
656288,Griffin Canning,LAA,2869,98.33520735178563,92.76151546124993,87.34000015258789,,104.20830433057702,,97.47084694032948,101.71954230015574,
681867,Cooper Criswell,BOS,1756,98.32787580642179,,96.04904022509672,93.76387432140618,98.19852873858284,102.63755842075227,,99.19640528194785,
693433,Bryan Woo,SEA,1716,98.32136362916106,97.08833927350517,97.78293972878001,,100.55737802458972,104.46089729895958,,97.83602502479316,
605218,Carl Edwards Jr.,SD,12,98.28499984741211,102.88499959309895,,,,,93.31000061035157,95.55999755859375,
571863,Matt Koch,COL,23,98.27826093590778,93.4000015258789,,100.92538393460788,98.18999989827473,,,,
702674,Caden Dana,LAA,206,98.27519403846519,96.20944425794814,,96.75500030517578,102.08072717840021,,96.26799977620443,101.5588887532552,
687014,Nick Avila,SF,225,98.24439968532987,99.91730743799454,91.56172416950095,101.83171397617885,95.2455546061198,,94.12102508544922,,
656924,Ryder Ryan,PIT,340,98.23400023965274,91.59898002780214,99.76156021009946,,99.08288635663538,,,81.4800033569336,
544150,Albert Suárez,BAL,2234,98.21782890941377,95.40300788981848,,101.24556302476203,,,96.33663293087122,104.41472746613738,
669467,Andre Pallante,STL,1937,98.21348990862309,96.26349692939493,94.85958117340247,,103.57549537910714,,103.96241797775518,,
674285,Eduardo Salazar,LAD/WSH,494,98.18702425937421,92.41028551374163,96.35706120705117,,101.42208529648623,,88.23999786376953,87.125,
623211,Huascar Brazobán,MIA/NYM,899,98.18671866174004,94.78707686204177,101.37605388282125,98.6805882173426,,,,97.58119260347806,
630023,Yonny Chirinos,MIA,515,98.14075724036948,81.82141158160042,97.43294111264298,,108.62004985145076,,,,90.10263136813515
621366,Ryan Borucki,PIT,174,98.0937358812354,,104.21046518725018,,96.61304399241571,102.78235312069164,,88.70727226950906,
663978,Chris Paddack,MIN,1460,98.07718486002047,96.92538335148139,,,100.89879826981893,,94.98691905628552,99.67751320329293,
676105,Jeff Criswell,COL,354,98.05488696340787,95.83243395152844,,,100.40239441562706,,103.37999979654948,97.20274547502106,
672335,Cionel Pérez,BAL,864,97.9957291815016,93.47282281902989,93.06450166731082,,,,105.95104935728473,,
694462,Hurston Waldrep,ATL,133,97.97436127626807,90.42169880417158,,,103.00699996948242,,94.61399993896484,,103.88800031873915
681432,Luke Little,CHC,438,97.94986310288242,96.89455710785299,96.69999694824219,,,101.13643473749575,,,92.66166687011719
686790,Trevor McDonald,SF,39,97.93615409655449,90.27999877929688,95.93473695453845,,102.92933400472005,,,90.63249969482422,
663546,Sean Hjelle,SF,1209,97.91818857469077,,98.51959756945,86.2745901013984,,,100.36283659934998,,
458681,Lance Lynn,STL,2039,97.86394800445272,100.84629667448306,91.35117645263672,98.33385460807364,,104.1561525785006,96.93236223355991,90.6821877360344,
543135,Nathan Eovaldi,TEX,2622,97.86024411082904,96.77824492162588,,95.99140360361352,101.432894957693,,94.60036204983597,,101.20777228327081
668941,JoJo Romero,STL,919,97.85787819415104,86.546263726203,94.63611734912382,93.94000244140625,109.24842949402638,,,89.14968182023163,
596001,Jakob Junis,CIN/MIL,943,97.82395546711895,90.55904266682077,91.37495584403518,96.7400016784668,106.78150227148208,,,86.30402430092415,
678394,Brayan Bello,BOS,2710,97.80930623797033,88.60141688069021,95.90004570639036,,100.73000008719308,106.2560956531945,,93.52895887191981,
675540,Xzavion Curry,CLE/MIA,639,97.77405328407347,96.22943042803415,,,101.2974430589371,102.75,95.70707865511433,89.96999994913737,90.5600004196167
702352,Spencer Bivens,SF,768,97.76419265071551,85.60666692824591,96.74652875159397,99.05726038266535,103.73000081380208,104.59092900010405,,93.1338460628803,
640455,Sean Manaea,NYM,2996,97.75867822237105,96.8730819143098,100.28287228117598,94.05990429015822,98.6885787160773,99.59294550927648,,93.41574264526368,
663559,Bailey Falter,PIT,2138,97.74825063300423,99.25194625635046,94.23108088003623,,99.27133897159321,,94.64716935377855,,77.32908942482688
661269,Vladimir Gutierrez,MIA,80,97.73512516021728,93.97148132324219,,,103.34956592062245,,96.68999905056424,96.87285759335472,
676106,Emerson Hancock,SEA,1014,97.71873758530475,97.18442806120842,100.18732883505625,98.58116645812989,98.19716953781416,98.45999908447266,,94.7195325477101,
701643,Grant Hartwig,NYM,118,97.71694907495531,89.21600189208985,94.88853659280916,90.9468002319336,,107.19512782952724,,92.4762487411499,
666214,Joey Wentz,DET/PIT,1224,97.69886438831006,92.64288606579672,,103.30171869198482,,,98.21509422446196,97.81188025841347,
675921,Spencer Howard,CLE/SF,537,97.69022350915095,96.16583945281315,,,100.99859251799407,,92.2294598141232,99.59241770650004,
663947,Tyler Holton,DET,1339,97.68957432639341,95.16118805007179,94.54369866358091,103.97901370949941,,101.62280196037845,99.46399993896485,90.90703564670247,
472610,Luis García,BOS/LAA,898,97.65334074534393,95.02959177445392,95.89872114713337,106.7917642032399,101.01758634633032,105.6369857788086,,,96.67204840786486
642048,Tayler Saucedo,SEA,626,97.60214071304273,94.23666636149089,98.21838026986995,,98.47000029846862,100.17809549967448,97.85764716653263,95.29027245969189,
663855,Jordan Hicks,SF,1958,97.58714510301039,90.68476235525948,96.49494551478104,,,100.91806801312036,,,98.27860591366847
519043,Matt Moore,LAA,854,97.57476567217003,91.96833715505845,,96.59833272298177,,,99.4161994934082,105.41088560322554,
543238,Anthony Gose,CLE,79,97.56367106377324,91.58727316422896,,,105.07685699462891,,,,
666745,Jhony Brito,SD,628,97.53183108530227,91.46867927215384,102.15524398989794,,103.89142867497036,100.85791651407878,96.86888885498047,96.49388843112521,
547179,Michael Lorenzen,KC/TEX,2092,97.51147228809889,96.67362839690352,93.72854250749666,94.36411493474787,104.13573764321582,105.16807732215294,101.92272736520478,97.21428920532846,
571927,Steven Matz,STL,754,97.50413793467716,83.76000213623047,96.89424443562825,,96.63596153259277,,98.87596505148369,98.8193298811765,
656458,Lucas Gilbreath,COL,47,97.49340414493642,98.92806440784085,,,94.71374988555908,,,,
669165,Kyle Hurt,LAD,87,97.49333366306348,89.55235268087948,108.34666697184245,,108.5199966430664,,98.13500213623047,102.28319224905461,
681347,Mike Burrows,PIT,68,97.46823546465706,93.25891917460673,,,106.18666712443034,,102.49142892020089,101.26111094156902,
573009,Joe Mantiply,AZ,867,97.44177620963654,95.27149925231933,100.57516309489374,,,,97.47017394356105,92.75703047040248,
669060,Bryse Wilson,MIL,1643,97.43233717989791,97.77844264859058,97.37581439451738,99.57881326991642,,,94.43346493704277,88.84957101004464,
677958,Kumar Rocker,TEX,218,97.39958694877974,93.5292473249538,99.7999996609158,,100.50226157052177,,99.44499969482422,100.33666483561198,
641726,Daulton Jefferies,PIT/SF,281,97.37711755067004,103.5538462125338,98.29718469416053,91.12390248368426,103.8468114880548,,,86.77261933826264,
676879,Aaron Ashby,MIL,484,97.37198336262348,81.03300094604492,95.45347206680863,,102.8804545547023,,107.53946226386614,89.98464626736111,
571948,Hoby Milner,MIL,1043,97.34333664481728,96.62928601673671,97.81594589737442,,,99.82827901415726,100.51499938964844,91.37209821581007,
628317,Kenta Maeda,DET,1958,97.31725731714266,94.35752840972,89.32957147870745,90.28393878358783,98.85002237612063,101.2769231062669,97.7422578873173,,98.84825923525054
593334,Domingo Germán,PIT,373,97.3015011948491,98.5162415472453,93.20187473297119,,,,99.40588698848602,92.82119015284947,
621112,Paul Blackburn,NYM/OAK,1212,97.26984319277723,97.73957617808196,89.98563620827414,105.56097372105059,,100.95701504228127,97.7708064048521,88.47561642024071,
623437,Justin Topa,MIN,20,97.24649963378906,,97.41999969482421,84.56999969482422,,102.95833206176758,,95.84857177734375,
608331,Max Fried,ATL,2761,97.23871782766395,96.11897976622988,87.67731437516525,99.95095583971809,102.26870364907347,108.67740491070325,103.24001732004555,94.3690716568924,
669084,DL Hall,MIL,782,97.23519181351527,96.22512830424513,90.60333251953125,104.2599983215332,101.54927291870118,,99.01942302019168,94.78199973106385,
664139,Ian Gibaut,CIN,40,97.23175010681152,89.95588235294117,,100.5438461303711,101.42499923706055,110.72799987792969,,98.82000223795573,
641755,Tyler Kinley,COL,1185,97.19881855123657,91.17432560811515,100.58571406773159,,100.48761078495308,,,94.54299964904786,
663485,Cole Sands,MIN,1154,97.17159431893863,95.80194603468844,97.47830484681211,98.86466259550839,,,98.90619607937117,,94.955403992624
666201,Alek Manoah,TOR,394,97.0970303685532,104.68100899512615,94.3402802654516,,96.86991634368897,,,88.40000060508991,
686730,Carson Spiers,CIN,1554,97.08879675552191,94.61876895978693,93.63605847323898,96.443024235387,100.9561538696289,105.50562516502713,,92.31303210968667,
641302,Tyler Alexander,TB,1668,97.05865701725729,95.04147751538923,90.16806606076798,99.98541508800578,96.5942862374442,104.13237165793394,,90.34982440346165,
696131,Mason Black,SF,663,97.0560182482229,94.85272742458508,97.58849773505808,93.90066630045573,96.0998357553951,100.22119063422794,,93.03411775476792,
547001,Cody Poteet,NYY,384,97.05273453394572,91.59763641357422,92.1848388179656,,,104.23757587779652,100.81631590190686,102.70935108135274,
607259,Nick Martinez,CIN,2125,97.02478598201976,96.42653450537823,88.0106523555258,95.84013805170169,102.33430792001577,,101.94015813533497,101.77534788380498,
668943,Ryan Miller,LAA,219,97.02392661734802,95.80021487000168,,,97.55606679166301,98.8197297792177,,,
669212,Eli Morgan,CLE,646,97.01879255690442,92.28434624305139,,,101.91605138164734,,,97.60633984734031,
621383,Tanner Banks,CWS/PHI,1174,97.00738493547325,92.44782353761111,85.9451456162536,,102.81475449594109,102.69890818102607,,93.99210855912189,
687134,Bradley Blalock,COL/MIL,552,96.96144918082418,93.6144655242221,,99.01363546198064,104.45959009889697,,100.005344785493,,94.01193193955855
700249,Cade Povich,BAL,1389,96.95520524861918,97.85798600537196,91.2746551119048,100.51384625068077,99.86551701337442,100.44913991292317,96.74746336656459,92.02966874482615,
682610,Roddery Muñoz,MIA,1485,96.94748149769073,97.03239410476495,98.94258160407182,91.77521174427741,104.65622514131053,,,86.46521731390469,
668874,Blair Henley,HOU,39,96.9453848814353,88.96066691080729,92.58714294433594,85.54000091552734,,114.14200134277344,106.12555525037978,93.48500061035156,
624647,Victor González,NYY,386,96.8910103041891,100.47000122070312,99.67153000961888,,95.80327259410511,,,92.53560437212934,
666277,George Soriano,MIA,519,96.87657040575796,89.63291489810688,,,103.63448776617282,,,99.40362666203426,
657514,Brennan Bernardino,BOS,860,96.87097686057866,,93.77857864646246,96.36212127377289,99.32767936161586,,100.66325662010594,,
571882,Derek Law,WSH,1368,96.82793862638418,94.26654052734375,90.00933334915726,97.20631078331216,100.0389372047019,,96.16632687315649,95.43614240373884,
682052,Jacob Lopez,TB,178,96.8047188319517,97.59351348876953,,96.72749932607015,96.02791003326871,,,96.46076906644382,
608379,Michael Wacha,KC,2602,96.78753653899419,95.28404296270692,89.54457204207814,93.78462853302827,99.89900013605754,,95.34212274371453,101.9389391820678,
621107,Zach Eflin,BAL/TB,2447,96.77783408591735,89.84599966653964,95.52934851930094,99.24078137277694,104.30999908447265,102.35008645986582,96.75019543496751,91.97006777170542,
670046,Kenny Rosenberg,LAA,403,96.77749376320662,97.70076522048639,,97.60745475075461,,,98.14999885559082,94.85280314358798,
656793,Nick Nelson,PHI,96,96.77312469482422,99.28440032958984,90.59448215879243,,103.36217332922894,,,95.94176438275505,
656529,Sam Hentges,CLE,351,96.73754991493334,92.74827569106529,90.93645826975505,,103.59053365071614,,98.76642874308995,,
641793,Zack Littell,TB,2485,96.73503422267001,87.6579384967604,89.62730795472532,,101.22963047688332,100.74650785658095,,,102.30635412534077
669270,Joel Kuhnel,HOU/TB,158,96.72240501114085,90.84652179220448,97.90240020751953,,101.98938434307392,,97.34666697184245,91.27842110081723,
593974,Wandy Peralta,SD,613,96.631435636984,88.13319153481342,96.60645158829227,,99.72177443965789,,,97.4674220085144,
669461,Matthew Liberatore,STL,1357,96.60290349118395,87.16742107993679,90.15878140029086,97.94097154889788,109.43935649963869,,104.58045473965731,91.10629038656911,
519008,T.J. McFarland,OAK,836,96.59614830382132,,96.3622872197135,91.27999877929688,,99.86383156464478,,87.39718450157388,
621244,José Berríos,TOR,2914,96.56716204965942,95.52637204895582,95.87476881287938,91.73920795705058,,,101.02925496834975,92.29621504916939,
607644,John Means,BAL,320,96.56253108978271,95.28908335367838,,,98.81121599352038,,95.85514242989676,96.68527448046338,
668873,Caleb Kilian,CHC,167,96.4814371348855,88.01276307356984,81.29000091552734,105.15484392642975,,106.08230708195613,97.70374965667725,103.83000183105469,
682990,Quinn Priester,BOS/PIT,811,96.47055481747252,89.02399985573508,92.35575496128627,100.71666547987196,104.9797787286539,,100.19898307929604,90.89767011623938,
622253,Dillon Tate,BAL/TOR,590,96.45744072865632,,94.53890288062978,,,101.22583774624742,,92.03364831048088,
622491,Luis Castillo,SEA,2858,96.45604965826946,94.38791497425683,96.0675000631532,,98.47863850720425,,,100.3440195906396,
660853,Enyel De Los Santos,CWS/NYY/SD,1127,96.42198760634307,93.82442437316017,104.87999725341797,,99.88196297322423,,,93.6447674950888,
663372,Ryan Feltner,COL,2578,96.40739716736266,94.2439482523271,90.89036710922328,,102.82578730718913,101.81269220205454,98.15796150794397,94.87639479386179,
672582,Angel Zerpa,KC,951,96.39565730771808,87.18229956805388,96.26608181916751,,106.252580858046,,101.84499740600586,89.47102036768077,
641835,Tim Mayza,NYY/TOR,731,96.37633365156223,82.26000213623047,95.21921732953487,88.36894788240132,100.50780752253405,,,,
641703,Brent Honeywell,LAD/PIT,595,96.37467225659795,90.37698657307403,87.43875026702881,,106.4992308983436,110.02636371959339,,104.70000076293945,
687362,Connor Gillispie,CLE,138,96.3022462596064,97.3970692075532,,93.03833287556967,,98.6831572683234,,95.95322565878591,
543351,Jay Jackson,MIN,453,96.29315680699632,96.90137915775694,89.71399993896485,,97.615079577007,,,92.30649998982747,
670167,John Schreiber,KC,895,96.28194424080449,89.88087169402236,100.63927027493587,94.14837873304212,,99.95867229794071,,92.8247275612571,
502171,Alex Cobb,CLE,242,96.26268566541435,85.43499755859375,96.31039166917988,,,,103.16187500953674,,94.33830174859965
641816,Tyler Mahle,TEX,229,96.26200850041153,101.73297497457709,,95.21749877929688,99.67193554293725,,,,85.25710119717363
621294,Ben Heller,PIT,255,96.23929398480584,95.12999988424367,97.96138446514423,96.81038460364708,96.98488386287245,96.62363503196023,,93.589272516424,
641427,Alan Busenitz,CIN,75,96.23146657307943,91.44250011444092,95.72764632281135,94.06599985758463,100.21333312988281,107.70000076293945,101.46111128065321,94.01000061035157,
686563,Jonathan Cannon,CWS,2028,96.22034026603022,91.44546202387676,95.87498247119743,93.10417938232422,,105.2562669089477,,92.54364126401715,
677865,Justin Bruihl,PIT,99,96.21202002631293,,91.13333307902018,103.2314281463623,,95.13439029600562,,,
678061,Ray Kerr,ATL,383,96.17574413887203,97.7469005473176,,90.23066609700521,,,95.64338896009657,,91.25411807789521
678821,Luis Peralta,COL,181,96.16756873367899,97.07518222558237,,,,,93.6323251058889,80.83999633789062,
680572,Adam Kloffenstein,STL,15,96.1606679280599,,91.51700134277344,110.11000061035156,,,104.28250122070312,,
680730,Mitchell Parker,WSH,2404,96.14868139149543,96.39522259855923,,,99.84148313231387,,96.03695581583959,,93.74932314110634
666205,Kyle Muller,OAK,725,96.1228827219996,94.72785539651719,,,100.66430139808016,,95.44490178426106,92.54596496046635,
663562,Noah Davis,COL,365,96.11909593556025,92.64041678110759,93.38277033213022,96.84479990641276,,101.80883125206093,103.07384725717398,93.47235286937041,
643493,Austin Pruitt,TEX,78,96.10166647495367,92.07818152687766,83.33545407381925,,106.8918519196687,,104.54874992370605,83.10499954223633,
605177,Andrew Chafin,DET/TEX,967,96.07556367734102,91.66125867083356,91.63832024201321,,101.3167270290125,,,,
605135,Chris Bassitt,TOR,2959,95.97438660389912,87.72061550433818,95.34080349243467,94.90641020424346,98.52793907573205,98.89623876449166,101.91795064667124,92.05556311196838,93.51689431161591
676614,Bryan Sammons,DET,374,95.96818183450138,95.75877562023345,,94.65652610377262,,99.76819451649983,94.23241345635776,93.7787101499496,
670766,Darren McCaughan,CLE/MIA,714,95.90483205458698,90.02899307141202,92.28977783203125,,,103.54483406658102,,90.33126589618152,
669724,Brenan Hanifee,DET,447,95.8947426542073,92.42634909493583,96.28307048116977,,99.28439979553222,,,90.91697692871094,
571670,Dylan Floro,AZ/WSH,1018,95.86653249249711,92.51648291226091,97.16565751459494,,96.58656931967631,,,92.11711329037381,
669721,Davis Daniel,LAA,508,95.85295283700538,95.1759428118096,,,104.61231408237425,,96.10948689778645,85.9409302112668,92.94944466484918
605288,Adrian Houser,NYM,1131,95.85066310838721,93.87973672967208,96.06180909234534,,98.93295922571299,,96.4687755351164,93.0976389778985,
663903,Brady Singer,KC,2967,95.84694980458053,91.74703372873662,94.61846968307187,109.37999725341797,98.05671402283735,99.5109151204427,,89.31690909645774,
656353,Tucker Davidson,BAL,67,95.77014923095703,91.23400039672852,84.54000022194602,,103.21217346191406,102.78666432698567,95.71875190734863,,93.86083285013835
605452,Joe Ross,MIL,1197,95.76437765454489,93.20855693227237,93.89029759946077,,99.0811185900797,,98.06049957275391,93.60575712570036,
668968,Hans Crouse,LAA,437,95.75446235778948,64.68000030517578,95.6090323100991,,96.25629429536707,,,95.29163282744739,
683409,Angel Chivilli,COL,513,95.75403499789172,93.0352582259917,,,103.42042992704658,,,95.10729453413958,
669796,Jose E. Hernandez,PIT,89,95.74404495753599,89.75700047810872,,,98.78830486232951,,,,
663969,Tyler Phillips,PHI,578,95.74041511773238,89.6145946743252,91.885771484375,,,102.4332540387938,101.44060203828008,,89.49850044250488
666129,Braxton Garrett,MIA,588,95.63442182216515,94.68345269702729,94.97271830240885,98.75109058726918,98.19683837890625,,95.12230799748347,90.88972598559236,
541640,Erasmo Ramírez,TB,302,95.59754948900236,94.61071341378349,93.93302507160091,98.84831923797351,,,93.9629997253418,89.30199966430663,
608648,Tyler Duffey,KC,189,95.57121692637287,91.6871696328217,95.37709611462009,,97.59000073057233,,98.79526332386753,93.00333302815756,
669459,Kyle Nelson,AZ,145,95.56041364998653,87.88756058855755,,93.55032274799962,100.72342451957807,,,,
678368,Valente Bellozo,MIA,1094,95.53233999918322,85.99381993054763,,102.97443642356178,,105.93464861418072,98.85573533002068,97.09986842306037,95.14000066121419
658648,Pedro Avila,CLE/SD,1419,95.49523609637205,93.1825315258171,89.12779684120652,,101.70197931925456,101.06320766233048,101.23969315645988,96.15317303095108,
666818,Luis Frías,AZ/TOR,229,95.48126633823178,93.14031764439174,84.0600004196167,98.81188669744527,97.38527721828885,,,,
672851,Joan Adon,WSH,178,95.47398895092225,94.79774228988155,93.95880980718704,,97.85526355944182,,98.25809551420666,95.52852899887982,
663738,Daniel Lynch IV,KC,631,95.39339137492958,89.87687488964626,94.93698386540488,86.22999827067058,98.71674559102256,,96.00263133801911,100.67059707641602,
663989,Nick Vespi,BAL,169,95.35136074991621,,,92.97291652361552,102.32690466017951,,93.26612854003906,,
518876,Merrill Kelly,AZ,1142,95.29816117428648,94.4216736232774,93.08740528927574,94.44118078549702,95.91133326777705,,99.43202260906777,96.76108787249322,
674003,Cody Bradford,TEX,1175,95.29548932663938,90.58089425932101,,97.69400024414062,99.88190460205078,,98.08013346354167,101.78934573830102,
681066,Ky Bush,CWS,328,95.28557912314811,93.98754489921524,,,99.27887468338012,,95.33734675816127,91.99718713760376,
643410,Mark Leiter Jr.,CHC/NYY,1015,95.27625603887248,91.72437477111816,89.55244819378031,97.19421025326378,92.12000274658203,97.08714269281744,99.43988429604238,93.61499786376953,97.16792339053961
671109,Jake Eder,CWS,45,95.27111155192057,93.31363712657581,,,96.5409102006392,,105,97.0318173495206,
689672,Drew Thorpe,CWS,721,95.23732325835631,88.5563363042371,,101.39115414252647,96.99180973597936,103.90041732788086,,97.26019522547722,
663531,Logan Allen,AZ,470,95.18602121231403,88.44953510373138,89.52936640872231,97.51145631364248,,101.36505065301452,96.1500015258789,,96.92224471423091
680686,Josiah Gray,WSH,176,95.09585237503052,95.86368360017475,94.41999998546783,,93.55272801717122,95.20458348592122,95.53666636149089,101.5658327738444,
607200,Erick Fedde,CWS/STL,2891,95.08566236347527,87.97315818385074,86.70234958808891,99.800417497786,,105.06162951618279,,89.39213069481185,
592351,Jon Gray,TEX,1620,95.07315433643483,91.333041689131,,,99.44887484779841,,95.99027025377428,90.84599994161854,
543475,Jordan Lyles,KC,72,95.05888854132758,92.05368363229852,84.73571450369698,100.57461489163913,,98.08272621848367,94.69000074598524,97.19076890211839,
570257,Joely Rodríguez,BOS,249,95.05839363925428,,98.4519672706479,,,97.99918942838102,,89.24922222561307,
615698,Cal Quantrill,COL,2642,95.05346713040834,88.54452443841991,89.87763775202232,103.92785935387933,102.74666697184244,,97.6723871046497,95.00068980249866,97.56712452794464
646242,Jhonathan Díaz,SEA,166,94.95174683720232,89.427142707669,95.96305550469293,,101.84771445138114,,101.67399978637695,89.50923010019156,
664079,Tyler Jay,MIL/NYM,153,94.88692793503306,85.45090831409802,94.03444426736714,92.64588187722599,,104.11074122676143,,,
683627,Anthony Molina,COL,1048,94.86603043097575,89.35108691430375,,86.544545953924,100.38630635029561,,99.34770264496674,100.50412724271733,
656849,David Peterson,NYM,1871,94.84784073781228,90.99949086610751,95.48157263861762,,99.27733344478884,,96.88874112642728,93.86667749858447,
642232,Ryan Yarbrough,LAD/TOR,1514,94.83619542795884,89.66281945364815,92.26162946224213,94.4722666422526,,102.92710445803158,101.63000030517578,91.52329048743614,
657053,Touki Toussaint,CWS,491,94.83323832587652,90.27871782351762,94.14617021709469,,,,101.16164064407349,,91.90683070948866
656232,Brandon Bielak,HOU/OAK,510,94.81909793778962,92.20258587804334,91.94714310055687,,97.67499923706055,99.90613301595052,98.83959197998047,95.35785696847098,
605488,Jeffrey Springs,TB,565,94.81626569359703,95.91300039291382,,88.07428577968052,96.33105261284008,100.76111051771376,,92.31055885187074,
692230,Carlos Rodriguez,MIL,233,94.79103019616123,92.99674420024074,96.6018365353954,91.20857147943406,98.4081086854677,,95.35120056152344,94.54918938714104,
620982,Ricardo Pinto,PHI,220,94.77972720753063,89.431875705719,97.11848488239328,,98.340833346049,96.01799977620443,,,90.99166627363725
659275,Dinelson Lamet,LAD,74,94.68824314426732,87.5347220102946,90.0499979654948,,103.14470605289235,,,78.61000061035156,
685299,Tanner Gordon,COL,607,94.6831629594429,92.95112564390068,,,98.89364186039677,,95.42333306206598,93.13999998158422,
656222,Jalen Beeks,COL/PIT,1186,94.68187186126967,92.09036475184479,82.26000213623047,100.92748817335372,,,99.4450003306071,95.80901319102237,
689266,Dylan Dodd,ATL,34,94.66323471069336,91.51714215959821,,94.38857051304409,98.19000053405762,,,98.21399841308593,
690986,Kyle Harrison,SF,2078,94.6300481405249,95.09549333578767,97.75,93.85500081380208,,,94.18105594043074,93.78622882035526,
665871,Javier Assad,CHC,2538,94.61813634958109,94.06958538148461,88.77222477421745,99.55332729193148,97.19418530131496,102.9860087612219,98.96653062470105,90.2058117858365,
571510,Matthew Boyd,CLE,669,94.60802693502428,94.54884185201873,94.2673845731295,,95.24362070807095,,95.1859262254503,94.22251408168248,
676961,Caleb Boushley,MIN,63,94.58857133653429,96.56090961803089,89.45833269755046,96.13615358792819,103.24333190917969,99.67285701206752,96.20100021362305,86.31285749162946,
670241,Darius Vines,ATL,257,94.57957200224762,93.05804128745167,,97.32499980926514,100.05941211476045,,98.05928584507534,92.38837490081787,
592866,Trevor Williams,WSH,1064,94.56656954342262,92.71519571807303,91.99120313601387,,95.50534746381972,100.72177771674262,,91.94921785493136,
668868,Zack Thompson,STL,317,94.54432187245847,85.02539838942806,,,98.48701205198792,,103.66688859727648,,
502043,Kyle Gibson,STL,2764,94.50378079007227,91.14109001887267,88.53763028497565,99.63823628098997,,100.94528994702706,96.36447708576793,88.97996351762251,
663765,Jake Woodford,CWS/PIT,618,94.47933658735651,88.70722156100803,93.63281591532463,94.09128244514139,,97.9153446767522,,87.78937482833862,
527054,Julio Teheran,NYM,68,94.371176887961,91.31399993896484,94.79482795452249,94.75750122070312,,,97.21749973297119,89.78833262125652,
596295,Austin Gomber,COL,2622,94.34681926002764,88.92081208629806,84.51000213623047,,100.08686517850758,,96.65773430065565,97.8618215256021,
671111,Sammy Peralta,CWS,282,94.26290793452702,92.29772741144353,,,99.28500032424927,99.57605635951943,,91.11714305574932,
700241,Michael McGreevy,STL,311,94.2583282078194,91.47081969214267,92.36312532424927,95.37484879927202,,102.3042376243462,98.01894699899773,86.82481525562427,
471911,Carlos Carrasco,CLE,1693,94.23495587046443,90.0428272496874,91.68505202032703,,98.86723314674155,102.44518534342448,101.11478632739467,92.64300286678868,
607536,Kyle Freeland,COL,1769,94.19243644684165,96.37180557250977,93.60312769463722,93.7266250038147,,,97.78504524574623,86.82538826951703,
670161,Parker Dunshee,ATL,51,94.13078427782246,85.22949981689453,,,99.58851877848308,,101.79749870300293,,
679156,Walter Pennington,KC/TEX,330,94.08924223003966,87.05166498819987,95.76719993591308,96.75808955846207,91.39962949399595,,,,
676664,JP Sears,OAK,2857,94.02784390394446,89.19432720764101,92.15084702184224,,101.08692973283317,98.68150701388507,94.75647062413833,95.03245891855931,
667463,John King,STL,857,94.02353547139651,87.38416735331218,94.14249483618406,,101.2033006242178,,,90.98590731721387,
691951,Sam Aldegheri,LAA,222,93.99900907224362,91.91023805406358,,,98.66499989827474,,92.47684237831517,97.23574504446476,
656457,Tyler Gilbert,PHI,145,93.96151722875135,89.93937460581462,98.0486795677329,89.56105242277447,,96.58789464047081,97.38200073242187,,87.01000213623047
605156,Aaron Brooks,OAK,403,93.9272456583255,84.76794644764492,97.1975756558505,,99.96259540819939,,94.91143035888672,92.15981476395218,
669372,J.T. Ginn,OAK,515,93.92467952098661,85.7362494468689,93.47015445665043,86.94499778747559,96.9324224246955,,,91.15679941813151,
607067,Colin Rea,MIL,2650,93.89973964475236,91.79684125915054,91.88803175201043,97.1054756090479,,98.11239907987449,95.7778336207072,,89.54017035301696
687924,Julian Aguiar,CIN,530,93.88626405248102,91.43668413664166,92.8096874554952,,98.88557907907587,,93.99877524862484,94.76949966430664,
598264,Matt Barnes,WSH,237,93.86637134793439,90.68333353022093,,,,,95.05339798418063,,98.1043902141292
573186,Marcus Stroman,NYY,2658,93.85239276642007,86.2094936129413,88.69311963594876,95.83892760915855,98.8582589003619,,103.34830675627056,,87.74493250975738
683822,Naoyuki Uwasawa,BOS,62,93.81741948281565,100.52714320591518,,98.6914302280971,99.5199966430664,,96.91600036621094,,89.55314265659877
672552,Jack O'Loughlin,OAK,176,93.61721606688066,90.99684789906378,,,97.81868442736175,98.2699966430664,97.52821486336845,91.69117647058823,
489119,Wade Miley,MIL,118,93.61406778885146,92.33480010986328,88.55666648017035,97.19911109076605,,99.41666666666667,94.35666402180989,91.19958368937175,
592836,Taijuan Walker,PHI,1435,93.60737980433873,89.50500009324816,89.42242355735935,93.9124475225702,104.61080017089844,105.47094582222603,95.04645164243637,,91.10251569448027
592288,Kent Emanuel,MIA,302,93.52046342559208,,91.94556804136796,,97.37000274658203,98.66418563487917,,89.18641056158604,
571539,Matt Carasiti,COL,170,93.51005904253792,89.26800053914388,91.72421050489994,99.94366683959962,,,,,
671106,Logan Allen,CLE,1665,93.50138736300998,92.9095015449156,86.74038061888322,97.38584378717367,,96.12057504867212,,93.00122090456117,
641540,Dane Dunning,TEX,1689,93.46838957547718,89.90065151712169,91.85153364202412,94.14028311675449,95.91946964071255,,99.13443089738676,91.41214272635324,
700669,Gordon Graceffo,STL,105,93.40790477934338,85.79581398187682,,,102.35450019836426,,102.73999977111816,93.37230770404523,
445926,Jesse Chavez,ATL,1044,93.37364939985603,,91.79654791346648,93.47628516506747,94.80294171501609,,97.05315064730709,94.0562143598284,
624133,Ranger Suarez,PHI,2354,93.36274426896995,86.86605199453888,92.72667116983334,98.76926336455763,95.72999954223633,,99.01012419074712,91.25794271628062,
518397,Scott Alexander,OAK,566,93.32475255150678,,92.03195047902537,,99.29734361171722,,,89.35297280388909,
682227,Brandon Williamson,CIN,256,93.32164087891579,85.08712121212122,,95.21069607942,,107.9000015258789,102.23666636149089,96.02142892565045,
642100,Gabe Speier,SEA,422,93.30300934958797,92.275441954736,94.18964518553821,,93.31016267605914,97.20499928792317,,93.6520004272461,
677076,Clayton Andrews,NYY,15,93.27066650390626,85.27999877929688,93.68000030517578,,96.21000162760417,,,93.08777703179254,
606149,Giovanny Gallegos,STL,401,93.23538653214376,88.76120687901289,77.14333597819011,,99.13258880770145,,,80.82925923665364,
608344,Cole Irvin,BAL/MIN,1767,93.19291446947013,86.7920878177396,92.9511468999526,98.37549211571253,95.8381946351793,,97.54165895744289,93.26869185564387,
677976,Randy Dobnak,MIN,183,93.16437176146793,87.31304367728855,90.78128247383313,82.08999633789062,97.83333306563527,,,92.72730206686353,
571578,Patrick Corbin,WSH,2886,93.13638255733296,85.6282529716032,89.52129124854375,96.70472930742946,96.00176949496216,,90.77460037231445,96.06364576021831,89.37000274658203
663362,Matt Waldron,SD,2450,93.10833886282785,87.18779489775412,90.43863128150642,91.91801906081865,,99.76390945371777,,,
592767,Drew Smyly,CHC,1016,93.05752953957385,79.61000061035156,89.8294846052976,81.0738229190602,,,97.13321861853966,,
605335,Brandon Leibrandt,CIN,117,93.02940173026843,84.72159973144531,81.556153517503,,98.11562538146973,95.95000118679471,,97.44526290893555,
686796,Blake Walston,AZ,343,92.95335274743617,91.80875022070748,85.20384685809796,89.90913825199522,,98.49896529625202,96.26195609051248,91.73303522382464,
500779,Jose Quintana,NYM,2819,92.94204680248963,94.60506309244535,90.9061725754443,,,,95.67524244347398,90.27213228450103,
650893,Génesis Cabrera,TOR,1030,92.90944648298245,97.34266313715796,91.74807169619163,92.38372825339988,,,94.05701618809854,85.9144300629821,
686747,Joe La Sorsa,WSH,271,92.90634684545087,92.19230710543118,95.32069439358182,97.36666615804036,,95.57698131057451,,84.40103451959018,
664350,Sixto Sánchez,MIA,621,92.90349442486601,90.35643265182908,86.22935510450795,99.17350711189741,,,,89.57943292991402,
622503,Nabil Crismatt,LAD,93,92.9000002132949,93.07473674573396,94.87000274658203,,95.83333079020183,,95.01400146484374,92.52061568040114,
571945,Miles Mikolas,STL,2691,92.89707909353335,86.90803163999611,90.26709455854437,,100.43496944846177,95.95045051918373,95.11194268001873,93.73595657348633,
670103,Raymond Burgos,SF,25,92.86160064697266,85.32000223795573,94.58583386739095,,,96.93000030517578,,90.47166697184245,
593958,Eduardo Rodriguez,AZ,866,92.81340647955139,91.28691049384554,86.95276310569362,94.64903631555029,97.76166699727376,,,94.90097433236929,
703231,James Meeker,MIL,16,92.80625009536743,90.03875064849854,,95.57833353678386,95.55999755859375,,,,
595881,Tyler Beede,CLE,265,92.80169818806199,90.38307698567708,95.76249961853027,,,,94.37096798804498,,93.10780959356399
674072,Tommy Henry,AZ,706,92.75430595030528,92.73087853467614,90.06565581775102,,94.67566033129422,,95.4028570992606,91.03516154135427,
663465,Kolby Allard,PHI,436,92.71935774426942,92.78039537850073,88.21250025431316,96.63184196070621,,,90.24603775312316,92.06933960824642,
664192,Joey Lucchesi,NYM,179,92.66340773598442,88.33095259893508,94.33049322057653,87.31333414713542,,,94.35387794338926,,88.86000061035156
623451,Jackson Stephens,ATL,51,92.65607841342103,81.31714303152901,88.51230738713191,97.20200042724609,102.79499816894531,,109.3091672261556,86.60999908447266,
685116,Austin Kitchen,MIA,158,92.62791129003597,84.76583353678386,89.89140629768372,,,98.82444424099393,99.65055550469293,89.77071380615234,
674944,Sean Guenther,DET,243,92.61938288182388,91.46000003814697,92.51597860585089,,95.59223903826813,,,,90.24578937731292
528748,Humberto Castellanos,AZ,186,92.60741927034111,89.24185180664062,95.33644097538318,91.13779937744141,,,96.75851836027923,87.87956536334494,
667478,Evan Kravetz,CIN,4,92.54999732971191,91.05999755859375,,,,,93.0199966430664,,95.05999755859375
548389,Ross Stripling,OAK,1358,92.54604568818532,88.3694965719319,85.74839558320888,92.34398149561,100.29230792705829,,96.20905969081781,97.64242665438472,
622072,Alex Wood,OAK,756,92.53109792679075,87.6500015258789,91.66482760988433,,93.44323550953584,,,93.0592306012938,
623433,Nick Anderson,KC,573,92.50036651052106,87.51530776390662,88.26945938935151,,,,97.12042151557074,94.51205870684456,
519293,Will Smith,KC,673,92.46849932961088,86.33646158071664,,,97.64531570890813,,93.25721508943582,88.13397979736328,
448179,Rich Hill,BOS,71,92.38943669493769,89.09916559855144,88.14466705322266,94.23111131456163,,93.74538465646597,98.89125156402588,91.69999694824219,
694363,Jared Shuster,CWS,1290,92.28873645871185,91.32352934986292,85.69450961842256,,96.36643052685812,,,90.4830344811593,
571527,David Buchanan,CIN,58,92.26224136352539,82.37999725341797,90.20200042724609,94.01649932861328,,,96.52714211600167,90.6520009358724,
676596,Josh Fleming,PIT,532,92.23689852262798,,95.42339896216181,88.42389707004322,,,97.80818245627664,90.28600001335144,
641712,Dakota Hudson,COL,1511,92.23231638132698,85.70089371052194,89.87030483649029,95.50142887660435,96.13836507771255,,97.86669274712351,90.87647077772353,
622065,Alex Young,CIN/NYM,267,92.19880153355973,91.54999923706055,94.94696059881473,,99.58999633789062,,98.75684216147975,87.87935509220246,
656756,Jordan Montgomery,AZ,1929,92.0855106612819,86.80490971760578,90.06244550797608,,99.28499962301815,,96.27247898815857,92.71091164596598,
669620,Brady Basso,OAK,350,92.03060004098074,92.41542690556224,80.11999947684151,95.4756246805191,,,94.36402829488118,83.46720903973247,
642216,Allan Winans,ATL,147,91.79272113203191,88.41695636251698,91.88852960923138,,,97.66931047110722,,90.21836065073482,
656671,Josh Maciejewski,NYY,96,91.74114537239075,92.34888797336154,91.95749950408936,,95.67000024968928,,,90.47727220708674,
621399,Brady Feigl,PIT,44,91.53454503146085,92.3521431514195,,,,,95.53818026455966,78.147998046875,
702795,Ryan Loutos,STL,35,91.49257180350168,82.9652637682463,,,103.63500022888184,100.68000030517578,,103.87999725341797,
527048,Martín Pérez,PIT/SD,2204,91.33761790876163,86.5347058913287,90.96995035176242,92.36816103596333,98.72000122070312,,95.85545142389113,89.10117764958365,
572020,James Paxton,BOS/LAD,1708,91.32977156002572,88.82591579700339,90.09112268564652,97.06396210868404,,,94.0841972011662,97.73169640132359,
598286,Nick Ramirez,LAD,194,91.32298967027172,92.57500076293945,90.5379784766664,,,94.56399993896484,,89.9162268008826,
592741,Chasen Shreve,COL,10,91.1779998779297,76.30333455403645,,,,99.32666524251302,,,96.22249984741211
642028,Josh Rogers,COL,170,91.04700012207032,86.88016359923316,88.9583346048991,84.34000015258789,93.78850059509277,95.45738490178034,,90.08125019073486,
622608,Antonio Senzatela,COL,218,90.98229354018466,86.80424005126953,92.66999816894531,,100.56999985052614,,94.91733296712239,90.53500014085036,
543294,Kyle Hendricks,CHC,2135,90.59367208726512,86.00830885943245,85.707291939457,,,,100.14684571843848,93.3516807048756,
594835,Marco Gonzales,PIT,546,90.53265579279525,89.06302860804966,88.8010636999252,89.12261546208309,,,93.15436373623935,93.24978451077028,
656657,Zach Logue,LAD,43,90.51674456929051,89.51781272888184,87.20000076293945,87.71999740600586,,,99.78400115966797,89.44500350952148,
594902,Ben Lively,CLE,2406,90.39807566185347,87.17218749419503,88.45147848727812,92.4749984741211,99.44936961955852,96.01619257180087,93.87405819363065,89.06811918906115,
456501,Johnny Cueto,LAA,167,90.08520946388474,87.28533325195312,91.77949981689453,84.08300018310547,92.44121250961766,,98.75,88.29249954223633,
668676,Zach Plesac,LAA,208,90.04774064284105,90.44032619310462,,,96.53642886025565,,99.3290918523615,79.81142892642897,
572971,Dallas Keuchel,MIL,308,89.42769479132318,,86.93188594273158,98.10311024983724,97.37999979654948,,,89.69258817784926,
543391,Casey Kelly,CIN,78,89.37346150324895,88.07099990844726,83.64461458646335,,96.18300018310546,,92.42888980441623,85.42562484741211,
642834,Jonathan Bermúdez,MIA,121,89.22388439336099,84.7726666768392,,,93.21999994913737,95.1260001046317,,90.12000056675502,
693821,Bryce Elder,ATL,864,87.98518519931369,82.74476623535156,82.89813516977671,107.61000061035156,98.11557203905168,,,85.18495642620584,
687145,Evan Justice,COL,8,87.66749954223633,86.92857142857143,,,92.83999633789062,,,,
685314,Andrew Saalfrank,AZ,26,87.26230738713191,,84.25842124537418,,,,95.41571262904576,,
621389,Ty Blach,COL,1133,86.3175817036776,,86.27684032254749,90.49438730055286,,,92.1620969464702,81.46629493356609,
543063,Brandon Crawford,STL,35,85.87942875453405,85.43156266212463,,,,,95.0999984741211,88.43500137329102,
641343,Jake Bauers,MIL,2,64.31499862670898,64.31499862670898,,,,,,,